user_id,fecha,descripcion,valor,categoria
1,2026-03-14,JUMBO #2386,235.21,Alimentacion
1,2026-03-10,SORIANA #1635 MONTERREY,166.29,Alimentacion
1,2026-05-21,SUPERAMA,194.1,Alimentacion
1,2026-06-22,FARMACIA CRUZ VERDE CIUDAD DE MEXICO,20.87,Salud
1,2026-07-20,WALMART SUPERCENTER #6324 CARTAGENA,262.18,Alimentacion
1,2026-02-21,FACTURA ACUEDUCTO,127.38,Servicios
1,2026-05-18,TELMEX INTERNET HOGAR REF338968,43.67,Servicios
1,2026-04-29,ICETEX CREDITO EDUCATIVO,93.18,Educacion
1,2026-07-13,WALMART SUPERCENTER #4474,57.69,Alimentacion
1,2026-02-18,DISNEY PLUS GUADALAJARA,43.03,Ocio
1,2026-06-03,MOVISTAR PLAN CELULAR,85.84,Servicios
2,2026-02-14,ESTACION SERVICIO PRIMAX #9392,83.27,Transporte
2,2026-03-04,AGENCIA DE VIAJES #2387 MONTERREY,62.01,Ocio
2,2026-07-03,DIDI #2366 REF149405,167.04,Transporte
2,2026-03-01,SUPERMERCADO D1 REF500156,61.92,Alimentacion
2,2026-07-02,COLEGIATURA COLEGIO PRIVADO #9164 REF855731,217.84,Educacion
2,2026-06-21,FACTURA CFE,94.98,Servicios
2,2026-07-04,GASOLINERA PEMEX,19.29,Transporte
2,2026-06-20,DAVIPLATA REF492077,113.28,Otros
2,2026-05-14,NETFLIX REF480612,26.32,Ocio
2,2026-07-14,ARA TIENDA REF609597,26.91,Alimentacion
2,2026-06-19,COLEGIATURA COLEGIO PRIVADO GUADALAJARA,380.83,Educacion
2,2026-02-05,DIDI,203.13,Transporte
2,2026-07-01,JUMBO #6218,220.18,Alimentacion
2,2026-07-30,CARULLA #9738,89.2,Alimentacion
2,2026-07-13,SUPERAMA #1204,35.39,Alimentacion
2,2026-03-07,CINEPOLIS CALI,90.53,Ocio
2,2026-02-13,CINE COLOMBIA REF201639,60.02,Ocio
2,2026-07-06,DIDI #987,34.41,Transporte
3,2026-05-21,FARMATODO #3216 REF292401,170.81,Salud
3,2026-07-28,SPOTIFY PREMIUM #9116 TIJUANA,28.11,Ocio
3,2026-07-16,ICETEX CREDITO EDUCATIVO #8056,388.59,Educacion
3,2026-02-03,EXITO GUADALAJARA,211.53,Alimentacion
3,2026-06-06,PAGO INFONAVIT REF411120,619.75,Vivienda
3,2026-03-31,COLEGIATURA COLEGIO PRIVADO CARTAGENA REF712554,360.56,Educacion
3,2026-02-09,DISNEY PLUS #8420 CALI REF171262,79.74,Ocio
3,2026-04-15,PAGO MULTA TRANSITO #9433 PUEBLA REF185965,166.72,Otros
3,2026-05-25,TELMEX INTERNET HOGAR QUERETARO,26.95,Servicios
3,2026-07-06,GASOLINERA PEMEX #1288 PUEBLA,49.2,Transporte
3,2026-05-30,ARA TIENDA CARTAGENA,21.76,Alimentacion
3,2026-02-14,CABIFY #9000,75.07,Transporte
3,2026-07-04,CINEPOLIS CALI,53.58,Ocio
3,2026-02-19,EPS SURA COPAGO #3550,92.33,Salud
3,2026-07-20,TRANSFERENCIA MERCADO PAGO #932 CIUDAD DE MEXICO,150.89,Otros
3,2026-02-01,SUPERMERCADO D1 QUERETARO,102.76,Alimentacion
3,2026-03-04,COMBUSTIBLE TERPEL #2542,66.19,Transporte
3,2026-07-21,BAR RESTAURANTE AMIGOS #5150,72.84,Ocio
4,2026-02-23,FACTURA ACUEDUCTO #9273,41.83,Servicios
4,2026-04-17,COOMEVA MEDICINA PREPAGADA,16.57,Salud
4,2026-05-29,WALMART SUPERCENTER,222.02,Alimentacion
4,2026-04-05,ESTACION SERVICIO PRIMAX #734,151.37,Transporte
4,2026-07-14,TRANSMILENIO #3264,155.8,Transporte
4,2026-03-16,PLATZI CURSO ONLINE #8446,314.23,Educacion
4,2026-04-11,COMBUSTIBLE TERPEL #4379 BARRANQUILLA REF725550,24.81,Transporte
4,2026-04-11,UBER #8479 PUEBLA REF146542,81.69,Transporte
4,2026-06-11,OXXO,40.13,Alimentacion
4,2026-02-12,ESTACION SERVICIO PRIMAX,182.62,Transporte
4,2026-05-09,RECARGA OXXO,115.96,Otros
4,2026-02-08,GASOLINERA PEMEX TIJUANA,76.18,Transporte
4,2026-07-31,EPS SURA COPAGO,33.11,Salud
4,2026-04-09,TRANSMILENIO #9602,72.2,Transporte
5,2026-05-07,DISNEY PLUS TIJUANA,100.1,Ocio
5,2026-05-30,ARA TIENDA CUCUTA REF148458,155.93,Alimentacion
5,2026-03-06,COLEGIATURA COLEGIO PRIVADO CIUDAD DE MEXICO,314.11,Educacion
5,2026-07-04,SORIANA #4097 QUERETARO REF887443,138.39,Alimentacion
5,2026-06-30,COOMEVA MEDICINA PREPAGADA #8586,163.98,Salud
5,2026-04-09,METROBUS CDMX,95.51,Transporte
5,2026-04-01,TELCEL PLAN CELULAR,18.43,Servicios
5,2026-05-31,TRANSMILENIO MONTERREY,31.58,Transporte
5,2026-03-15,ESTACION SERVICIO PRIMAX CARTAGENA,16.29,Transporte
5,2026-05-08,SUPERMERCADO D1 #2603 REF527398,175.47,Alimentacion
5,2026-02-03,BAR RESTAURANTE AMIGOS #6983,44.29,Ocio
5,2026-04-23,BODEGA AURRERA #196,142.23,Alimentacion
5,2026-03-29,DEPOSITO BANCO AZTECA #9047,164.29,Otros
5,2026-04-19,SORIANA #6471,74.82,Alimentacion
6,2026-02-12,ADMINISTRACION CONDOMINIO,230.61,Vivienda
6,2026-06-07,SUPERAMA #7664 BARRANQUILLA,251.72,Alimentacion
6,2026-04-15,UBER,171.62,Transporte
6,2026-07-14,CARULLA #8937 CARTAGENA,174.68,Alimentacion
6,2026-02-22,FARMACIA CRUZ VERDE REF121369,263.37,Salud
6,2026-02-02,SUPERMERCADO D1 #1974,218.95,Alimentacion
6,2026-07-04,WALMART SUPERCENTER #1976 REF426147,58.51,Alimentacion
6,2026-06-11,CINEPOLIS,116.57,Ocio
6,2026-07-01,SUPERAMA #5041,150.23,Alimentacion
6,2026-05-05,FARMACIA CRUZ VERDE #7118 REF778998,245.12,Salud
6,2026-04-05,SORIANA CARTAGENA,242.98,Alimentacion
6,2026-03-16,TELCEL PLAN CELULAR #8648,57.93,Servicios
6,2026-07-09,CONSULTORIO IMSS #9807 CUCUTA,46.36,Salud
6,2026-05-06,METROBUS CDMX #7713,55.59,Transporte
6,2026-05-21,WALMART SUPERCENTER #3575,121.05,Alimentacion
6,2026-06-13,RECARGA OXXO,149.06,Otros
6,2026-03-28,SORIANA #4037,233.79,Alimentacion
6,2026-02-12,COMBUSTIBLE TERPEL #3730,11.39,Transporte
6,2026-03-13,AGENCIA DE VIAJES,68.84,Ocio
6,2026-03-16,METROBUS CDMX #4218 QUERETARO REF225362,93.48,Transporte
6,2026-03-03,HOME DEPOT MEXICO #3645,261.05,Vivienda
6,2026-05-17,COLEGIATURA COLEGIO PRIVADO,69.95,Educacion
7,2026-02-03,PEAJE AUTOPISTA #845,202.49,Transporte
7,2026-03-07,HOME DEPOT MEXICO,275.89,Vivienda
7,2026-03-31,METROBUS CDMX #3120,109.45,Transporte
7,2026-06-23,CARULLA #1313,88.23,Alimentacion
7,2026-04-16,BODEGA AURRERA CUCUTA REF901577,84.06,Alimentacion
7,2026-05-16,CINE COLOMBIA,9.61,Ocio
7,2026-06-08,PAGO MULTA TRANSITO #1086,113.63,Otros
7,2026-06-21,FACTURA CFE CALI,82.86,Servicios
7,2026-02-01,CHEDRAUI REF402099,23.38,Alimentacion
7,2026-02-21,METROBUS CDMX #3924,65.73,Transporte
7,2026-06-25,CINE COLOMBIA #9022 CALI,118.53,Ocio
7,2026-05-19,SUPERMERCADO D1,72.29,Alimentacion
7,2026-03-25,METROBUS CDMX,38.98,Transporte
8,2026-07-25,EXITO,71.79,Alimentacion
8,2026-02-09,SUPERAMA,199.34,Alimentacion
8,2026-05-21,TRANSFERENCIA MERCADO PAGO #2970,72.52,Otros
8,2026-04-18,BODEGA AURRERA #8156,174.4,Alimentacion
8,2026-05-19,ESTACION SERVICIO PRIMAX,136.71,Transporte
8,2026-05-12,TELCEL PLAN CELULAR,87.33,Servicios
8,2026-07-31,CARULLA,33.48,Alimentacion
8,2026-03-26,IZZI TELECOM #3173,127.77,Servicios
8,2026-02-03,FACTURA ENERGIA ENEL CODENSA #9098 BARRANQUILLA,58.31,Servicios
8,2026-06-21,NETFLIX,28.31,Ocio
8,2026-07-01,COMBUSTIBLE TERPEL MEDELLIN,18.16,Transporte
8,2026-03-30,CLARO HOGAR INTERNET #4881,94.77,Servicios
8,2026-03-23,ICETEX CREDITO EDUCATIVO #2469,279.09,Educacion
8,2026-03-24,EPS SURA COPAGO CIUDAD DE MEXICO,19.73,Salud
8,2026-02-13,COMBUSTIBLE TERPEL #4991,112.42,Transporte
8,2026-03-14,DISNEY PLUS #8035,33.31,Ocio
8,2026-04-24,UBER,139.03,Transporte
8,2026-04-24,SORIANA #7849,55.34,Alimentacion
8,2026-03-02,COURSERA CURSO ONLINE REF626690,284.1,Educacion
8,2026-04-06,ESTACION SERVICIO PRIMAX,87.35,Transporte
8,2026-02-04,SUPERMERCADO D1 #2629 BARRANQUILLA,253.55,Alimentacion
8,2026-04-25,ESTACION SERVICIO PRIMAX,37.5,Transporte
9,2026-06-03,RETIRO CAJERO AUTOMATICO TIJUANA,104.38,Otros
9,2026-07-06,FARMACIAS SIMILARES,165.95,Salud
9,2026-04-27,GASOLINERA PEMEX BOGOTA,58.37,Transporte
9,2026-06-18,TRANSMILENIO,28.62,Transporte
9,2026-03-04,BODEGA AURRERA,243.28,Alimentacion
9,2026-04-03,CHEDRAUI,244.11,Alimentacion
9,2026-05-16,HOME DEPOT MEXICO CARTAGENA,466.55,Vivienda
9,2026-04-24,TELCEL PLAN CELULAR,60.77,Servicios
9,2026-02-02,RETIRO CAJERO AUTOMATICO #9470,69.37,Otros
9,2026-07-19,DIDI #9372,155.19,Transporte
9,2026-05-02,HOME DEPOT MEXICO #4789,598.56,Vivienda
9,2026-02-13,ARA TIENDA,240.64,Alimentacion
9,2026-05-13,CLARO HOGAR INTERNET,120.28,Servicios
9,2026-05-09,FARMACIA CRUZ VERDE REF409445,197.98,Salud
9,2026-03-25,EPS SURA COPAGO #8937,38.98,Salud
9,2026-05-06,PAGO INFONAVIT #7994,230.81,Vivienda
9,2026-02-09,CONSULTORIO IMSS CUCUTA,271.09,Salud
9,2026-02-09,COLEGIATURA COLEGIO PRIVADO #6564 MONTERREY REF486490,252.41,Educacion
9,2026-07-04,FARMACIAS DEL AHORRO,17.62,Salud
9,2026-02-16,IZZI TELECOM #9298,28.7,Servicios
9,2026-06-26,CHEDRAUI,182.51,Alimentacion
9,2026-06-27,EXITO #8171 CUCUTA,11.32,Alimentacion
9,2026-04-15,UBER,42.16,Transporte
10,2026-05-21,RECARGA OXXO #8117,50.33,Otros
10,2026-07-06,WALMART SUPERCENTER #7385,94.6,Alimentacion
10,2026-04-21,PLATZI CURSO ONLINE,304.93,Educacion
10,2026-02-17,ESTACION SERVICIO PRIMAX REF322409,139.93,Transporte
10,2026-06-09,FACTURA ENERGIA ENEL CODENSA #5564 CALI,129.65,Servicios
10,2026-06-24,OXXO #3638,180.98,Alimentacion
10,2026-06-17,FARMACIA CRUZ VERDE #2470,176.97,Salud
10,2026-05-10,EXITO #5969,34.36,Alimentacion
10,2026-04-01,JUMBO #6997,105.61,Alimentacion
10,2026-02-24,UBER MONTERREY,63.04,Transporte
10,2026-07-16,SUPERAMA,73.44,Alimentacion
10,2026-07-13,MATRICULA UNAM #1868,389.88,Educacion
11,2026-03-01,SPOTIFY PREMIUM #9690,29.41,Ocio
11,2026-07-02,AGENCIA DE VIAJES,95.31,Ocio
11,2026-04-12,RECARGA OXXO,57.73,Otros
11,2026-05-12,TRANSMILENIO #7530,14.86,Transporte
11,2026-07-08,GASOLINERA PEMEX #2600,139.09,Transporte
11,2026-03-03,RETIRO CAJERO AUTOMATICO #6205,40.11,Otros
11,2026-04-14,ADMINISTRACION CONDOMINIO #2102,620.23,Vivienda
11,2026-03-06,RECARGA OXXO #4812,172.17,Otros
11,2026-03-11,DISNEY PLUS MEDELLIN,119.36,Ocio
11,2026-02-22,GASOLINERA PEMEX,84.03,Transporte
11,2026-07-24,FACTURA ENERGIA ENEL CODENSA,17.09,Servicios
11,2026-03-09,JUMBO REF250210,251.36,Alimentacion
11,2026-04-15,FACTURA ACUEDUCTO #602 MONTERREY,72.8,Servicios
11,2026-07-10,CABIFY #5414,203.33,Transporte
11,2026-02-12,TRANSFERENCIA NEQUI #915,173.82,Otros
11,2026-07-03,METROBUS CDMX #3631 REF550797,180.6,Transporte
11,2026-02-28,METROBUS CDMX,68.89,Transporte
11,2026-05-18,ARA TIENDA #3560,110.13,Alimentacion
12,2026-03-10,BAR RESTAURANTE AMIGOS #6329,92.0,Ocio
12,2026-04-05,DEPOSITO BANCO AZTECA #6605 REF119651,106.91,Otros
12,2026-04-16,PAGO INFONAVIT #7133,198.59,Vivienda
12,2026-02-05,DIDI #5421 PUEBLA,133.0,Transporte
12,2026-07-11,ARRIENDO APARTAMENTO #1834 PUEBLA,645.03,Vivienda
12,2026-07-02,GASOLINERA PEMEX CALI REF763984,38.02,Transporte
12,2026-02-16,CINE COLOMBIA,69.79,Ocio
12,2026-02-14,COOMEVA MEDICINA PREPAGADA #4293 PUEBLA REF896028,265.05,Salud
13,2026-02-22,AGENCIA DE VIAJES,113.38,Ocio
13,2026-05-22,UBER #1218,192.65,Transporte
13,2026-07-17,STEAM VIDEOJUEGOS,68.92,Ocio
13,2026-04-04,GASOLINERA PEMEX #1579,110.3,Transporte
13,2026-04-01,NETFLIX #9466,104.79,Ocio
13,2026-06-17,NETFLIX #5726 REF777513,86.25,Ocio
13,2026-04-29,CHEDRAUI,192.51,Alimentacion
13,2026-02-16,GASOLINERA PEMEX #5643 REF761532,169.16,Transporte
13,2026-02-27,UBER #6433 QUERETARO,188.0,Transporte
13,2026-02-14,DAVIPLATA #2417,67.46,Otros
13,2026-05-08,TELCEL PLAN CELULAR #1488,65.7,Servicios
13,2026-04-30,FARMATODO,41.78,Salud
13,2026-07-06,TRANSMILENIO #8067 CALI REF410160,125.66,Transporte
13,2026-03-01,NETFLIX,9.49,Ocio
13,2026-02-08,CABIFY #2812 REF481995,103.12,Transporte
13,2026-06-02,IZZI TELECOM,88.26,Servicios
13,2026-06-12,CINEPOLIS,40.82,Ocio
13,2026-04-15,METROBUS CDMX #4716,128.17,Transporte
13,2026-04-27,ICETEX CREDITO EDUCATIVO BARRANQUILLA REF603935,36.44,Educacion
13,2026-06-20,SPOTIFY PREMIUM REF187949,9.67,Ocio
13,2026-05-03,PEAJE AUTOPISTA #7267 CUCUTA,174.52,Transporte
13,2026-07-11,RENTA DEPARTAMENTO #8324,330.1,Vivienda
13,2026-06-24,COMBUSTIBLE TERPEL #1723,35.41,Transporte
14,2026-02-24,RENTA DEPARTAMENTO QUERETARO,175.84,Vivienda
14,2026-02-26,CARULLA #3633,148.15,Alimentacion
14,2026-02-18,SPOTIFY PREMIUM MEDELLIN REF540218,72.58,Ocio
14,2026-03-06,CONSULTORIO IMSS #8289 REF640410,196.67,Salud
14,2026-04-16,SUPERMERCADO D1 #125,198.78,Alimentacion
14,2026-03-24,SUPERAMA #6008 MONTERREY,263.72,Alimentacion
14,2026-05-28,BAR RESTAURANTE AMIGOS CIUDAD DE MEXICO,69.54,Ocio
14,2026-02-21,FARMACIAS GUADALAJARA,107.04,Salud
14,2026-05-06,BODEGA AURRERA REF672536,216.75,Alimentacion
14,2026-03-31,EPS SURA COPAGO,92.19,Salud
14,2026-07-21,CLARO HOGAR INTERNET #7598 CUCUTA REF309159,74.26,Servicios
14,2026-05-28,GASOLINERA PEMEX,25.69,Transporte
14,2026-05-08,SUPERAMA #5948 REF787584,16.59,Alimentacion
14,2026-04-24,UBER #6653,202.53,Transporte
14,2026-05-24,CABIFY #8251,177.2,Transporte
14,2026-05-10,FARMACIAS SIMILARES #9970 REF408036,213.35,Salud
14,2026-04-13,WALMART SUPERCENTER,116.33,Alimentacion
15,2026-04-11,COMBUSTIBLE TERPEL,200.97,Transporte
15,2026-02-08,COMBUSTIBLE TERPEL #6755,157.58,Transporte
15,2026-02-16,EXITO #7279 MEDELLIN,154.13,Alimentacion
15,2026-04-28,DIDI CALI,132.34,Transporte
15,2026-02-15,ESTACION SERVICIO PRIMAX,93.92,Transporte
15,2026-03-10,ESTACION SERVICIO PRIMAX #3148,59.55,Transporte
15,2026-03-28,JUMBO PUEBLA,102.55,Alimentacion
15,2026-04-09,SUPERMERCADO D1,207.04,Alimentacion
15,2026-07-15,COURSERA CURSO ONLINE,30.4,Educacion
15,2026-02-02,CINEPOLIS,19.51,Ocio
15,2026-06-01,TELMEX INTERNET HOGAR CUCUTA,21.21,Servicios
15,2026-03-12,FARMACIA CRUZ VERDE #9476,26.61,Salud
15,2026-03-19,CARULLA #6623,232.42,Alimentacion
15,2026-04-07,DIDI CARTAGENA,150.73,Transporte
15,2026-04-12,STEAM VIDEOJUEGOS #9132 REF235300,64.27,Ocio
15,2026-06-20,NETFLIX,17.23,Ocio
15,2026-05-28,TRANSMILENIO #8601,108.32,Transporte
15,2026-06-18,OXXO #5061 REF772124,133.1,Alimentacion
15,2026-07-24,DISNEY PLUS #5631,26.65,Ocio
15,2026-04-16,SUPERAMA CUCUTA,122.8,Alimentacion
15,2026-02-06,FACTURA ENERGIA ENEL CODENSA #9038 BARRANQUILLA,68.8,Servicios
15,2026-06-09,METROBUS CDMX #1081 CIUDAD DE MEXICO,133.17,Transporte
16,2026-06-28,UBER,181.3,Transporte
16,2026-07-07,FARMATODO #7742 GUADALAJARA,202.73,Salud
16,2026-06-21,SORIANA,52.36,Alimentacion
16,2026-03-26,FARMACIAS GUADALAJARA #2710,35.11,Salud
16,2026-06-06,PAGO MULTA TRANSITO #6542,119.21,Otros
16,2026-02-09,NETFLIX #8208,8.31,Ocio
16,2026-04-29,NETFLIX,78.22,Ocio
16,2026-05-19,FARMACIAS GUADALAJARA #938 REF680096,282.97,Salud
16,2026-07-01,OXXO #9108 PUEBLA,159.62,Alimentacion
16,2026-06-25,CARULLA #5655,110.92,Alimentacion
16,2026-04-01,OXXO #759 CALI,177.25,Alimentacion
16,2026-02-25,DISNEY PLUS,62.28,Ocio
17,2026-03-23,COURSERA CURSO ONLINE,341.83,Educacion
17,2026-04-16,CINEPOLIS #372,7.91,Ocio
17,2026-03-05,NETFLIX TIJUANA,106.81,Ocio
17,2026-04-25,NETFLIX TIJUANA,40.23,Ocio
17,2026-04-10,SUPERAMA #9480 REF119857,40.72,Alimentacion
17,2026-04-02,CABIFY #3440,149.35,Transporte
17,2026-03-10,RECARGA OXXO,116.92,Otros
17,2026-05-05,METROBUS CDMX REF659024,185.49,Transporte
17,2026-05-16,CINEPOLIS CUCUTA,96.88,Ocio
17,2026-03-28,JUMBO,218.91,Alimentacion
17,2026-05-19,UBER,66.41,Transporte
17,2026-05-04,SUPERAMA,56.13,Alimentacion
17,2026-02-14,PAGO INFONAVIT #789 QUERETARO REF563864,525.31,Vivienda
17,2026-06-26,CHEDRAUI #8924 MONTERREY,219.78,Alimentacion
17,2026-02-18,BODEGA AURRERA #931,267.53,Alimentacion
17,2026-06-21,CARULLA #7839 CALI REF677086,117.28,Alimentacion
17,2026-05-19,METROBUS CDMX #3367,84.4,Transporte
17,2026-07-22,FACTURA ACUEDUCTO QUERETARO,119.82,Servicios
17,2026-04-21,ADMINISTRACION CONJUNTO RESIDENCIAL #2980 REF976822,320.4,Vivienda
17,2026-07-22,EPS SURA COPAGO,280.27,Salud
18,2026-06-27,HOMECENTER #9001,601.28,Vivienda
18,2026-02-16,PAGO MULTA TRANSITO #1945,95.89,Otros
18,2026-06-12,SUPERMERCADO D1 #5623,224.88,Alimentacion
18,2026-07-09,SUPERAMA,93.21,Alimentacion
18,2026-07-30,ESTACION SERVICIO PRIMAX #2403,189.1,Transporte
18,2026-03-07,TRANSMILENIO #4474,87.84,Transporte
18,2026-06-21,SUPERAMA #3971 MEDELLIN,12.82,Alimentacion
18,2026-02-05,PEAJE AUTOPISTA,191.08,Transporte
18,2026-04-06,JUMBO #3718 CALI,33.73,Alimentacion
18,2026-02-11,FARMACIAS GUADALAJARA #9098,106.0,Salud
18,2026-03-18,DEPOSITO BANCO AZTECA #9861 REF568449,171.51,Otros
19,2026-03-16,ARRIENDO APARTAMENTO #9072,526.19,Vivienda
19,2026-03-04,WALMART SUPERCENTER,215.81,Alimentacion
19,2026-04-06,AGENCIA DE VIAJES,103.7,Ocio
19,2026-07-31,AGENCIA DE VIAJES REF366817,16.4,Ocio
19,2026-07-16,FARMATODO #5744,155.91,Salud
19,2026-06-15,ARRIENDO APARTAMENTO,178.78,Vivienda
19,2026-04-26,FARMACIAS SIMILARES #6366,171.62,Salud
19,2026-06-29,PEAJE AUTOPISTA #5797 MONTERREY,98.31,Transporte
19,2026-04-04,MOVISTAR PLAN CELULAR,134.84,Servicios
19,2026-05-04,TELCEL PLAN CELULAR,62.37,Servicios
20,2026-07-27,HOME DEPOT MEXICO TIJUANA,186.38,Vivienda
20,2026-07-19,CARULLA #650,223.68,Alimentacion
20,2026-07-17,EXITO #3939,193.62,Alimentacion
20,2026-02-09,JUMBO #9538,31.15,Alimentacion
20,2026-04-17,COOMEVA MEDICINA PREPAGADA #2447,39.18,Salud
20,2026-06-17,COMBUSTIBLE TERPEL,207.33,Transporte
20,2026-02-10,TELCEL PLAN CELULAR CARTAGENA,65.53,Servicios
20,2026-06-14,PEAJE AUTOPISTA #6921,84.13,Transporte
20,2026-04-04,CONSULTORIO IMSS #3792,246.65,Salud
20,2026-05-27,ADMINISTRACION CONDOMINIO #6924 REF354655,623.62,Vivienda
20,2026-06-13,SUPERAMA #7469 REF859782,266.36,Alimentacion
20,2026-06-13,SORIANA,205.88,Alimentacion
20,2026-06-07,COOMEVA MEDICINA PREPAGADA #5555,122.23,Salud
20,2026-02-01,HOME DEPOT MEXICO #7946,191.75,Vivienda
21,2026-04-30,CINEPOLIS #8843,19.85,Ocio
21,2026-06-09,AGENCIA DE VIAJES #7792,19.69,Ocio
21,2026-03-04,DIDI #3725 REF680189,139.84,Transporte
21,2026-05-30,BAR RESTAURANTE AMIGOS #3314,98.26,Ocio
21,2026-03-28,STEAM VIDEOJUEGOS #8105,77.92,Ocio
21,2026-03-15,STEAM VIDEOJUEGOS #9054,125.27,Ocio
21,2026-02-10,MATRICULA UNIVERSIDAD NACIONAL REF957730,165.58,Educacion
21,2026-04-06,EXITO #3891 CALI REF630299,84.29,Alimentacion
21,2026-07-28,METROBUS CDMX MONTERREY,183.72,Transporte
21,2026-02-09,JUMBO MONTERREY,68.13,Alimentacion
21,2026-02-23,CABIFY #1678,202.64,Transporte
21,2026-05-30,STEAM VIDEOJUEGOS #6602 CIUDAD DE MEXICO,6.52,Ocio
21,2026-07-23,ICETEX CREDITO EDUCATIVO #1420,388.7,Educacion
21,2026-07-10,SORIANA #7898 BOGOTA,21.22,Alimentacion
21,2026-07-07,BAR RESTAURANTE AMIGOS,116.39,Ocio
22,2026-05-21,BODEGA AURRERA #862,146.01,Alimentacion
22,2026-03-03,TRANSFERENCIA MERCADO PAGO CARTAGENA REF317221,117.0,Otros
22,2026-04-23,SORIANA PUEBLA,190.89,Alimentacion
22,2026-07-11,TELMEX INTERNET HOGAR #2392,76.36,Servicios
22,2026-02-24,STEAM VIDEOJUEGOS #7261 MEDELLIN,83.44,Ocio
22,2026-04-07,RENTA DEPARTAMENTO,442.16,Vivienda
22,2026-02-12,STEAM VIDEOJUEGOS REF714334,117.64,Ocio
22,2026-04-25,GASOLINERA PEMEX REF261712,19.09,Transporte
22,2026-05-14,CLARO HOGAR INTERNET REF105447,52.93,Servicios
23,2026-07-05,CARULLA #7453,30.21,Alimentacion
23,2026-04-24,WALMART SUPERCENTER,263.34,Alimentacion
23,2026-05-30,SORIANA #1487,266.41,Alimentacion
23,2026-03-27,DISNEY PLUS BARRANQUILLA,92.27,Ocio
23,2026-05-29,SUPERMERCADO D1 #6999 MEDELLIN,149.39,Alimentacion
23,2026-04-21,IZZI TELECOM MEDELLIN REF107096,56.79,Servicios
23,2026-02-15,DIDI,172.76,Transporte
23,2026-05-12,ICETEX CREDITO EDUCATIVO #9983,281.77,Educacion
23,2026-03-06,SORIANA QUERETARO,52.28,Alimentacion
23,2026-06-10,FARMACIAS GUADALAJARA #6537,274.61,Salud
23,2026-04-04,DISNEY PLUS,107.82,Ocio
23,2026-04-18,ADMINISTRACION CONJUNTO RESIDENCIAL #4873 REF988970,624.9,Vivienda
23,2026-04-26,CLARO HOGAR INTERNET TIJUANA REF543681,112.97,Servicios
23,2026-02-04,BODEGA AURRERA #6666,169.49,Alimentacion
23,2026-03-16,COMBUSTIBLE TERPEL,93.65,Transporte
23,2026-02-16,SPOTIFY PREMIUM #4167,121.59,Ocio
24,2026-04-12,COURSERA CURSO ONLINE,247.8,Educacion
24,2026-02-05,CARULLA #8466,109.03,Alimentacion
24,2026-03-25,AGENCIA DE VIAJES #7686,126.24,Ocio
24,2026-07-02,EXITO #4940,228.95,Alimentacion
24,2026-03-20,RECARGA OXXO #5210,152.52,Otros
24,2026-07-02,AGENCIA DE VIAJES #7512,63.59,Ocio
24,2026-05-30,WALMART SUPERCENTER REF876459,117.85,Alimentacion
24,2026-04-19,DISNEY PLUS #7085,39.18,Ocio
24,2026-06-11,CLARO HOGAR INTERNET REF743937,22.61,Servicios
24,2026-07-15,DIDI #3619 QUERETARO,182.94,Transporte
24,2026-03-28,DISNEY PLUS #3328,106.61,Ocio
24,2026-05-03,STEAM VIDEOJUEGOS,129.96,Ocio
24,2026-05-16,METROBUS CDMX,209.33,Transporte
24,2026-07-02,ADMINISTRACION CONDOMINIO #2294,427.72,Vivienda
24,2026-04-14,SUPERMERCADO D1 REF502349,209.94,Alimentacion
24,2026-06-17,SUPERAMA,255.64,Alimentacion
24,2026-07-18,AGENCIA DE VIAJES #3165,111.21,Ocio
24,2026-03-24,RETIRO CAJERO AUTOMATICO #3296,52.05,Otros
24,2026-03-28,TELCEL PLAN CELULAR,75.82,Servicios
24,2026-05-19,BODEGA AURRERA #3713 BARRANQUILLA,43.58,Alimentacion
24,2026-03-23,CHEDRAUI,258.05,Alimentacion
24,2026-07-21,CARULLA #8998,167.61,Alimentacion
24,2026-02-14,CONSULTORIO IMSS REF970392,80.16,Salud
24,2026-07-09,FARMACIAS DEL AHORRO BARRANQUILLA,206.43,Salud
24,2026-05-03,ESTACION SERVICIO PRIMAX QUERETARO,133.63,Transporte
24,2026-06-09,TRANSFERENCIA MERCADO PAGO CALI,70.89,Otros
25,2026-03-07,GASOLINERA PEMEX QUERETARO,122.19,Transporte
25,2026-04-17,PEAJE AUTOPISTA REF886530,185.33,Transporte
25,2026-05-10,HOMECENTER CALI,351.74,Vivienda
25,2026-05-24,DEPOSITO BANCO AZTECA REF763121,32.78,Otros
25,2026-02-04,TELCEL PLAN CELULAR #1625,18.89,Servicios
25,2026-07-08,HOMECENTER #8096 REF911739,527.57,Vivienda
25,2026-03-17,CONSULTORIO IMSS,191.79,Salud
25,2026-05-20,DIDI,150.82,Transporte
25,2026-02-07,CABIFY,52.59,Transporte
25,2026-07-31,FARMACIA CRUZ VERDE #7629 CALI,53.87,Salud
25,2026-05-22,MATRICULA UNAM #2261,30.45,Educacion
25,2026-07-18,WALMART SUPERCENTER #6192,101.15,Alimentacion
25,2026-07-08,GASOLINERA PEMEX,127.98,Transporte
25,2026-04-09,FACTURA ENERGIA ENEL CODENSA #1376 CUCUTA,67.95,Servicios
25,2026-06-28,WALMART SUPERCENTER,123.74,Alimentacion
25,2026-06-26,CINE COLOMBIA #1778 CARTAGENA,118.02,Ocio
25,2026-07-29,CABIFY REF690653,79.65,Transporte
25,2026-02-24,CLARO HOGAR INTERNET #3590 REF531709,84.39,Servicios
25,2026-04-24,MOVISTAR PLAN CELULAR #1746 MEDELLIN,120.79,Servicios
25,2026-02-28,DIDI #2390 TIJUANA REF680278,89.31,Transporte
25,2026-02-13,CINEPOLIS,82.76,Ocio
25,2026-05-17,TRANSFERENCIA NEQUI,156.6,Otros
25,2026-03-18,MOVISTAR PLAN CELULAR #1947 TIJUANA,143.19,Servicios
25,2026-03-08,RETIRO CAJERO AUTOMATICO REF979727,35.0,Otros
25,2026-07-13,PEAJE AUTOPISTA,195.32,Transporte
25,2026-04-21,CARULLA #3634 BOGOTA,137.95,Alimentacion
26,2026-06-22,FARMACIAS SIMILARES MONTERREY,195.52,Salud
26,2026-04-22,GASOLINERA PEMEX #3429 REF442622,58.03,Transporte
26,2026-07-17,SPOTIFY PREMIUM #7267,14.48,Ocio
26,2026-06-17,SORIANA #1001,43.51,Alimentacion
26,2026-05-26,SUPERMERCADO D1 CARTAGENA,43.29,Alimentacion
26,2026-07-01,SUPERMERCADO D1,49.49,Alimentacion
26,2026-03-06,FARMACIA CRUZ VERDE #7134 MEDELLIN,54.57,Salud
26,2026-05-27,IZZI TELECOM #6000 PUEBLA REF264951,101.52,Servicios
26,2026-04-02,FARMATODO #8436 BOGOTA,66.84,Salud
26,2026-02-14,CABIFY #679,79.13,Transporte
26,2026-07-01,UBER #5341 MEDELLIN,189.36,Transporte
26,2026-07-14,NETFLIX #8550,64.25,Ocio
26,2026-07-29,DEPOSITO BANCO AZTECA #5190,123.48,Otros
26,2026-04-04,GASOLINERA PEMEX,44.46,Transporte
26,2026-03-14,METROBUS CDMX,48.46,Transporte
26,2026-02-04,COOMEVA MEDICINA PREPAGADA #6818 MONTERREY,26.65,Salud
26,2026-07-05,DAVIPLATA #6264,38.72,Otros
26,2026-07-08,ARA TIENDA #1081 REF393418,82.43,Alimentacion
26,2026-04-27,ARA TIENDA,56.02,Alimentacion
26,2026-04-22,ESTACION SERVICIO PRIMAX,27.74,Transporte
26,2026-04-22,BODEGA AURRERA #2241 BARRANQUILLA,41.37,Alimentacion
26,2026-03-04,TELMEX INTERNET HOGAR #4555 CUCUTA REF907557,77.21,Servicios
26,2026-06-08,CARULLA #7735 REF475691,63.65,Alimentacion
26,2026-02-01,METROBUS CDMX #2064 TIJUANA,82.85,Transporte
27,2026-07-19,WALMART SUPERCENTER #4166,249.43,Alimentacion
27,2026-03-11,FACTURA CFE CIUDAD DE MEXICO,23.25,Servicios
27,2026-07-16,COOMEVA MEDICINA PREPAGADA #1769 REF112537,93.91,Salud
27,2026-02-16,TRANSFERENCIA NEQUI #6663,147.05,Otros
27,2026-04-09,BODEGA AURRERA #1328 MEDELLIN REF777366,204.55,Alimentacion
27,2026-07-21,FARMATODO,67.59,Salud
27,2026-03-26,ARRIENDO APARTAMENTO #9502,254.67,Vivienda
27,2026-04-08,SUPERAMA #5899 CALI,106.32,Alimentacion
27,2026-03-26,RETIRO CAJERO AUTOMATICO,92.37,Otros
28,2026-03-19,SPOTIFY PREMIUM #2348,36.55,Ocio
28,2026-05-01,OXXO,195.47,Alimentacion
28,2026-06-15,AGENCIA DE VIAJES #9367,116.9,Ocio
28,2026-03-04,BODEGA AURRERA #4702 GUADALAJARA,143.04,Alimentacion
28,2026-03-06,ICETEX CREDITO EDUCATIVO #4051 QUERETARO REF330069,224.54,Educacion
28,2026-02-03,DEPOSITO BANCO AZTECA #2946 PUEBLA,28.22,Otros
28,2026-06-25,COMBUSTIBLE TERPEL,99.48,Transporte
28,2026-03-15,CINE COLOMBIA,71.58,Ocio
28,2026-07-31,METROBUS CDMX #1020 CUCUTA REF601207,58.49,Transporte
28,2026-05-10,TRANSMILENIO REF941403,63.85,Transporte
28,2026-03-19,SUPERMERCADO D1,108.09,Alimentacion
28,2026-05-10,RETIRO CAJERO AUTOMATICO #6581,13.41,Otros
28,2026-03-29,SUPERMERCADO D1,93.74,Alimentacion
28,2026-02-24,CLARO HOGAR INTERNET,43.55,Servicios
28,2026-02-05,COOMEVA MEDICINA PREPAGADA,108.34,Salud
28,2026-04-22,CABIFY,33.95,Transporte
28,2026-02-25,DEPOSITO BANCO AZTECA PUEBLA,161.39,Otros
28,2026-05-11,BODEGA AURRERA #8229 QUERETARO REF463656,164.33,Alimentacion
28,2026-05-07,CARULLA,186.57,Alimentacion
28,2026-07-31,GASOLINERA PEMEX #1210,167.83,Transporte
28,2026-03-27,CHEDRAUI,139.59,Alimentacion
28,2026-03-06,DAVIPLATA GUADALAJARA,24.78,Otros
28,2026-05-11,MOVISTAR PLAN CELULAR #1307 REF121053,87.51,Servicios
28,2026-03-13,ESTACION SERVICIO PRIMAX #2887 REF178645,127.37,Transporte
28,2026-02-14,ARRIENDO APARTAMENTO #8009,522.72,Vivienda
29,2026-03-15,CARULLA #3212,266.49,Alimentacion
29,2026-03-28,GASOLINERA PEMEX #1671 PUEBLA,131.15,Transporte
29,2026-03-31,WALMART SUPERCENTER #1535 TIJUANA,71.68,Alimentacion
29,2026-07-02,EXITO #4881,36.46,Alimentacion
29,2026-04-28,DIDI #4441 MONTERREY,40.57,Transporte
29,2026-05-24,DAVIPLATA #831 GUADALAJARA,51.81,Otros
29,2026-03-15,DISNEY PLUS REF460491,25.09,Ocio
29,2026-04-15,TRANSMILENIO,47.31,Transporte
29,2026-04-01,COURSERA CURSO ONLINE,131.91,Educacion
29,2026-03-21,DIDI,44.67,Transporte
29,2026-06-12,EPS SURA COPAGO #7457 CALI,270.58,Salud
29,2026-05-26,SORIANA #7233 TIJUANA REF723952,30.86,Alimentacion
29,2026-05-22,ESTACION SERVICIO PRIMAX #9215,114.9,Transporte
29,2026-04-15,NETFLIX,56.3,Ocio
29,2026-07-06,SUPERMERCADO D1 #9732,265.42,Alimentacion
29,2026-05-04,ADMINISTRACION CONDOMINIO,206.02,Vivienda
29,2026-06-17,DAVIPLATA #8055,77.64,Otros
29,2026-04-21,CABIFY,203.89,Transporte
29,2026-04-27,DAVIPLATA GUADALAJARA,157.14,Otros
29,2026-06-03,JUMBO #8154,222.44,Alimentacion
29,2026-02-27,CHEDRAUI,77.05,Alimentacion
30,2026-07-17,DIDI,66.0,Transporte
30,2026-03-19,DISNEY PLUS #8403,101.19,Ocio
30,2026-04-06,RETIRO CAJERO AUTOMATICO #3388,41.8,Otros
30,2026-02-19,WALMART SUPERCENTER GUADALAJARA,94.16,Alimentacion
30,2026-04-01,HOME DEPOT MEXICO #6202,362.72,Vivienda
30,2026-05-20,STEAM VIDEOJUEGOS #4337,68.45,Ocio
30,2026-06-05,EXITO #9475,73.03,Alimentacion
30,2026-02-07,MOVISTAR PLAN CELULAR #6809,30.5,Servicios
30,2026-02-26,SUPERMERCADO D1 REF364650,168.76,Alimentacion
30,2026-04-26,FARMACIAS DEL AHORRO,97.26,Salud
30,2026-02-22,PAGO MULTA TRANSITO #7746,108.81,Otros
30,2026-05-20,ESTACION SERVICIO PRIMAX #6231,40.87,Transporte
30,2026-05-22,ESTACION SERVICIO PRIMAX #5609,106.23,Transporte
30,2026-02-28,GASOLINERA PEMEX #8575,116.52,Transporte
31,2026-04-15,FACTURA ENERGIA ENEL CODENSA,117.63,Servicios
31,2026-05-05,COMBUSTIBLE TERPEL,129.13,Transporte
31,2026-02-10,MOVISTAR PLAN CELULAR,78.66,Servicios
31,2026-06-15,GASOLINERA PEMEX,92.37,Transporte
31,2026-06-15,METROBUS CDMX #4337,79.77,Transporte
31,2026-05-14,HOMECENTER CUCUTA,614.76,Vivienda
31,2026-02-19,UBER #9693 MEDELLIN,176.12,Transporte
31,2026-04-25,SPOTIFY PREMIUM #3287,125.63,Ocio
31,2026-03-08,BAR RESTAURANTE AMIGOS #2570 CUCUTA,20.54,Ocio
31,2026-02-20,PAGO MULTA TRANSITO #3054,134.25,Otros
31,2026-06-18,PLATZI CURSO ONLINE BARRANQUILLA,376.88,Educacion
31,2026-04-19,DISNEY PLUS #1542 CIUDAD DE MEXICO,27.65,Ocio
31,2026-07-28,METROBUS CDMX #718,23.3,Transporte
31,2026-05-29,DEPOSITO BANCO AZTECA TIJUANA REF869238,135.99,Otros
31,2026-06-19,WALMART SUPERCENTER #1782,159.36,Alimentacion
31,2026-03-19,EXITO #4864,228.88,Alimentacion
31,2026-04-19,CABIFY #8131 REF951452,37.95,Transporte
31,2026-06-18,ARA TIENDA QUERETARO REF629146,216.77,Alimentacion
32,2026-07-19,GASOLINERA PEMEX,114.61,Transporte
32,2026-03-13,FACTURA ENERGIA ENEL CODENSA #1997,63.44,Servicios
32,2026-02-12,SUPERMERCADO D1 #252,238.07,Alimentacion
32,2026-05-20,DISNEY PLUS #1818,54.06,Ocio
32,2026-06-10,CARULLA #3372,222.32,Alimentacion
32,2026-02-05,DIDI #745,97.83,Transporte
32,2026-03-07,HOMECENTER #308,338.47,Vivienda
32,2026-07-06,CLARO HOGAR INTERNET REF858724,77.46,Servicios
32,2026-07-21,HOME DEPOT MEXICO #4950 BOGOTA REF283188,300.69,Vivienda
33,2026-02-12,FARMACIAS GUADALAJARA #1998 BOGOTA REF245117,192.91,Salud
33,2026-07-08,TELMEX INTERNET HOGAR #7271,30.78,Servicios
33,2026-04-24,UBER #6666,197.97,Transporte
33,2026-07-03,IZZI TELECOM,99.74,Servicios
33,2026-03-30,EXITO REF719446,97.08,Alimentacion
33,2026-02-06,CONSULTORIO IMSS #6321,54.69,Salud
33,2026-04-10,RECARGA OXXO GUADALAJARA REF531262,144.98,Otros
33,2026-03-06,JUMBO TIJUANA,171.22,Alimentacion
33,2026-03-20,MOVISTAR PLAN CELULAR,87.02,Servicios
33,2026-02-17,FACTURA ACUEDUCTO #4172,135.68,Servicios
33,2026-03-24,PEAJE AUTOPISTA REF264550,167.72,Transporte
33,2026-05-08,DEPOSITO BANCO AZTECA #2809 GUADALAJARA,35.78,Otros
33,2026-06-01,MATRICULA UNIVERSIDAD NACIONAL,141.9,Educacion
33,2026-04-08,CHEDRAUI,74.61,Alimentacion
33,2026-03-11,METROBUS CDMX CIUDAD DE MEXICO,158.79,Transporte
33,2026-03-23,SPOTIFY PREMIUM,9.19,Ocio
33,2026-04-06,AGENCIA DE VIAJES REF333746,76.24,Ocio
33,2026-07-07,METROBUS CDMX,162.49,Transporte
33,2026-05-18,COOMEVA MEDICINA PREPAGADA #5918,264.88,Salud
34,2026-04-18,FACTURA ENERGIA ENEL CODENSA,68.63,Servicios
34,2026-04-05,BODEGA AURRERA #2078,217.3,Alimentacion
34,2026-02-09,TRANSFERENCIA NEQUI CIUDAD DE MEXICO REF764000,35.49,Otros
34,2026-07-30,AGENCIA DE VIAJES #9755 REF623059,33.66,Ocio
34,2026-03-23,NETFLIX,95.28,Ocio
34,2026-02-28,EPS SURA COPAGO CALI REF789461,220.21,Salud
34,2026-02-04,STEAM VIDEOJUEGOS,85.14,Ocio
34,2026-06-27,FARMACIAS DEL AHORRO #5717,212.78,Salud
34,2026-02-02,BODEGA AURRERA,151.11,Alimentacion
34,2026-06-10,STEAM VIDEOJUEGOS,36.47,Ocio
34,2026-02-15,JUMBO REF844904,99.88,Alimentacion
34,2026-07-02,ICETEX CREDITO EDUCATIVO,93.1,Educacion
34,2026-02-09,CONSULTORIO IMSS,273.91,Salud
34,2026-07-25,FARMACIAS DEL AHORRO REF211642,181.27,Salud
34,2026-02-07,COMBUSTIBLE TERPEL CALI,90.17,Transporte
34,2026-04-07,EXITO MONTERREY REF953568,130.12,Alimentacion
34,2026-03-10,SUPERAMA,256.29,Alimentacion
34,2026-02-11,PEAJE AUTOPISTA,40.67,Transporte
34,2026-05-28,SORIANA #5222 REF879794,162.42,Alimentacion
35,2026-03-14,RECARGA OXXO,35.93,Otros
35,2026-06-16,COOMEVA MEDICINA PREPAGADA,179.24,Salud
35,2026-04-13,MATRICULA UNIVERSIDAD NACIONAL #2947 REF142608,252.52,Educacion
35,2026-06-22,GASOLINERA PEMEX #9668 REF588983,94.83,Transporte
35,2026-02-12,WALMART SUPERCENTER,201.48,Alimentacion
35,2026-03-20,PEAJE AUTOPISTA #5307,196.87,Transporte
35,2026-06-07,OXXO #8997 REF331942,250.65,Alimentacion
35,2026-04-01,TELMEX INTERNET HOGAR #3679,75.86,Servicios
35,2026-02-24,COURSERA CURSO ONLINE #5768,67.46,Educacion
35,2026-07-02,ADMINISTRACION CONJUNTO RESIDENCIAL,642.42,Vivienda
35,2026-04-27,PEAJE AUTOPISTA MONTERREY,177.78,Transporte
35,2026-07-10,AGENCIA DE VIAJES #4956 REF638857,20.58,Ocio
35,2026-02-21,ADMINISTRACION CONJUNTO RESIDENCIAL,610.42,Vivienda
35,2026-07-05,SUPERAMA TIJUANA,236.17,Alimentacion
35,2026-06-22,SORIANA,144.9,Alimentacion
35,2026-03-06,WALMART SUPERCENTER #1300 BARRANQUILLA,163.73,Alimentacion
35,2026-07-27,DAVIPLATA #7491,77.83,Otros
35,2026-03-04,ESTACION SERVICIO PRIMAX,20.95,Transporte
35,2026-07-09,CARULLA #8338 TIJUANA,97.15,Alimentacion
35,2026-06-27,METROBUS CDMX #604,170.57,Transporte
35,2026-02-16,FARMACIAS DEL AHORRO TIJUANA,16.32,Salud
35,2026-03-07,COMBUSTIBLE TERPEL REF105274,76.7,Transporte
36,2026-06-25,SPOTIFY PREMIUM #5733 TIJUANA,97.19,Ocio
36,2026-03-08,ARA TIENDA MEDELLIN REF938504,127.58,Alimentacion
36,2026-02-16,DEPOSITO BANCO AZTECA,48.18,Otros
36,2026-03-29,CINEPOLIS CUCUTA,61.55,Ocio
36,2026-05-11,HOMECENTER #3942 PUEBLA REF302897,220.43,Vivienda
36,2026-03-09,STEAM VIDEOJUEGOS,27.05,Ocio
36,2026-06-05,STEAM VIDEOJUEGOS CARTAGENA,67.3,Ocio
36,2026-03-31,TELCEL PLAN CELULAR #5989 QUERETARO,71.55,Servicios
36,2026-02-26,STEAM VIDEOJUEGOS REF776909,119.36,Ocio
36,2026-02-21,JUMBO MONTERREY REF869177,104.22,Alimentacion
36,2026-03-05,CARULLA,160.95,Alimentacion
36,2026-03-15,CINE COLOMBIA,84.03,Ocio
36,2026-05-18,DISNEY PLUS #3758,6.64,Ocio
36,2026-02-12,OXXO,182.52,Alimentacion
36,2026-06-16,BODEGA AURRERA REF266956,56.29,Alimentacion
36,2026-06-05,DISNEY PLUS,125.13,Ocio
36,2026-04-30,COOMEVA MEDICINA PREPAGADA #6152 TIJUANA,57.37,Salud
36,2026-02-01,METROBUS CDMX TIJUANA,92.92,Transporte
36,2026-03-14,COURSERA CURSO ONLINE,57.01,Educacion
36,2026-07-12,BAR RESTAURANTE AMIGOS,129.61,Ocio
36,2026-05-04,BAR RESTAURANTE AMIGOS CIUDAD DE MEXICO,67.77,Ocio
36,2026-06-03,AGENCIA DE VIAJES CALI,79.42,Ocio
36,2026-07-01,SUPERAMA #2561 CARTAGENA,27.44,Alimentacion
36,2026-03-31,TELCEL PLAN CELULAR,116.24,Servicios
36,2026-06-29,DISNEY PLUS,31.24,Ocio
37,2026-06-15,OXXO #9476 CALI,211.64,Alimentacion
37,2026-02-12,BAR RESTAURANTE AMIGOS REF854500,61.66,Ocio
37,2026-04-17,RETIRO CAJERO AUTOMATICO #7823 REF970699,99.15,Otros
37,2026-05-05,DISNEY PLUS REF818894,60.1,Ocio
37,2026-06-10,ADMINISTRACION CONDOMINIO CIUDAD DE MEXICO REF117367,350.38,Vivienda
37,2026-02-28,BAR RESTAURANTE AMIGOS REF744610,74.96,Ocio
37,2026-02-27,OXXO GUADALAJARA,50.36,Alimentacion
37,2026-03-20,NETFLIX,27.74,Ocio
37,2026-03-30,COMBUSTIBLE TERPEL,182.36,Transporte
37,2026-06-02,FARMACIAS SIMILARES #9539 CALI,284.64,Salud
37,2026-07-30,ARRIENDO APARTAMENTO #9008 REF843596,336.65,Vivienda
37,2026-05-12,SPOTIFY PREMIUM,38.84,Ocio
37,2026-04-29,ESTACION SERVICIO PRIMAX #9690 MONTERREY,138.8,Transporte
38,2026-03-11,FARMACIAS SIMILARES REF686252,22.72,Salud
38,2026-06-26,CINEPOLIS,32.75,Ocio
38,2026-06-20,RECARGA OXXO #3864,49.28,Otros
38,2026-02-06,OXXO #5644,184.69,Alimentacion
38,2026-04-02,CLARO HOGAR INTERNET #186,17.66,Servicios
38,2026-04-24,RENTA DEPARTAMENTO #4410 MEDELLIN,202.05,Vivienda
38,2026-03-01,RENTA DEPARTAMENTO,549.96,Vivienda
38,2026-02-13,SUPERMERCADO D1,56.42,Alimentacion
38,2026-02-03,ADMINISTRACION CONDOMINIO #650,476.37,Vivienda
38,2026-06-21,SUPERMERCADO D1,71.93,Alimentacion
38,2026-03-03,JUMBO,35.85,Alimentacion
38,2026-03-10,EXITO MEDELLIN,73.22,Alimentacion
38,2026-04-19,HOMECENTER #4630 CUCUTA,511.13,Vivienda
38,2026-05-05,CINEPOLIS #8394 MEDELLIN,111.96,Ocio
38,2026-03-06,PAGO INFONAVIT MONTERREY,565.11,Vivienda
38,2026-05-06,CHEDRAUI,113.27,Alimentacion
38,2026-03-30,MATRICULA UNAM,275.53,Educacion
38,2026-05-12,CARULLA #3710,63.3,Alimentacion
38,2026-07-08,UBER BARRANQUILLA,68.63,Transporte
38,2026-03-07,UBER #3024,189.27,Transporte
39,2026-06-10,CINE COLOMBIA #4065,38.51,Ocio
39,2026-02-08,DEPOSITO BANCO AZTECA MEDELLIN REF182300,116.11,Otros
39,2026-07-21,RENTA DEPARTAMENTO,354.71,Vivienda
39,2026-03-06,DAVIPLATA,103.85,Otros
39,2026-06-29,PAGO MULTA TRANSITO #8474 CUCUTA,84.14,Otros
39,2026-02-06,SORIANA #8959 CARTAGENA,86.56,Alimentacion
39,2026-02-05,CONSULTORIO IMSS,285.31,Salud
39,2026-05-26,SUPERAMA #9619 CARTAGENA,208.54,Alimentacion
39,2026-06-14,JUMBO #7822,46.43,Alimentacion
39,2026-04-07,CINE COLOMBIA #6199,113.56,Ocio
39,2026-05-23,SUPERMERCADO D1,136.73,Alimentacion
39,2026-07-29,FARMACIAS SIMILARES QUERETARO REF944804,269.95,Salud
39,2026-03-29,CHEDRAUI #8570,217.96,Alimentacion
39,2026-07-16,PEAJE AUTOPISTA MEDELLIN,95.04,Transporte
40,2026-05-27,SPOTIFY PREMIUM #5583 CARTAGENA,128.05,Ocio
40,2026-03-16,DIDI #3359,115.14,Transporte
40,2026-07-11,JUMBO #8463,54.64,Alimentacion
40,2026-05-06,GASOLINERA PEMEX #2473,64.46,Transporte
40,2026-05-12,DIDI CALI,13.68,Transporte
40,2026-04-09,GASOLINERA PEMEX,192.86,Transporte
40,2026-06-19,FARMACIAS GUADALAJARA,48.56,Salud
40,2026-02-02,EXITO #3944,159.89,Alimentacion
40,2026-07-25,COOMEVA MEDICINA PREPAGADA #1787 GUADALAJARA,93.11,Salud
40,2026-05-29,FARMATODO #2644 CIUDAD DE MEXICO,172.94,Salud
40,2026-05-01,CONSULTORIO IMSS CALI REF795781,200.65,Salud
40,2026-05-23,DAVIPLATA,151.06,Otros
40,2026-04-06,DISNEY PLUS REF726612,30.8,Ocio
40,2026-05-04,TELCEL PLAN CELULAR,16.48,Servicios
40,2026-05-26,CINE COLOMBIA,22.11,Ocio
40,2026-07-29,EXITO #2333,244.0,Alimentacion
41,2026-07-30,RENTA DEPARTAMENTO #7152,341.57,Vivienda
41,2026-02-16,CINE COLOMBIA #9284,69.86,Ocio
41,2026-02-25,DIDI #1397,19.39,Transporte
41,2026-07-14,FARMACIAS DEL AHORRO #8815,62.39,Salud
41,2026-02-22,JUMBO #7560,201.89,Alimentacion
41,2026-05-20,STEAM VIDEOJUEGOS #913 REF207241,15.35,Ocio
41,2026-05-05,METROBUS CDMX CALI REF327738,130.63,Transporte
41,2026-05-08,METROBUS CDMX,59.07,Transporte
41,2026-05-28,SUPERMERCADO D1 #6529 GUADALAJARA REF982417,111.22,Alimentacion
41,2026-05-29,FARMACIA CRUZ VERDE #4178,97.28,Salud
41,2026-04-01,FARMACIA CRUZ VERDE #1639,116.37,Salud
41,2026-03-20,GASOLINERA PEMEX QUERETARO REF676276,153.81,Transporte
41,2026-06-06,CHEDRAUI BOGOTA,87.25,Alimentacion
41,2026-03-04,ICETEX CREDITO EDUCATIVO REF389511,237.4,Educacion
41,2026-02-05,ARA TIENDA #788,133.77,Alimentacion
41,2026-05-06,STEAM VIDEOJUEGOS GUADALAJARA REF748696,87.96,Ocio
41,2026-07-04,PAGO INFONAVIT TIJUANA REF662407,618.41,Vivienda
41,2026-04-10,ARA TIENDA #9248,200.47,Alimentacion
41,2026-03-29,FARMACIA CRUZ VERDE REF141406,76.26,Salud
41,2026-03-14,FACTURA CFE,19.21,Servicios
41,2026-07-14,METROBUS CDMX #9908,62.45,Transporte
41,2026-02-18,AGENCIA DE VIAJES #4414,79.38,Ocio
41,2026-02-23,DISNEY PLUS,11.43,Ocio
42,2026-05-10,TELCEL PLAN CELULAR #8251 REF396882,25.14,Servicios
42,2026-06-16,UBER #8672 REF236078,155.64,Transporte
42,2026-04-23,TRANSFERENCIA NEQUI #3239 PUEBLA,94.23,Otros
42,2026-02-14,FACTURA CFE #3716 REF318877,107.93,Servicios
42,2026-04-16,SPOTIFY PREMIUM #1094,59.35,Ocio
42,2026-07-21,DEPOSITO BANCO AZTECA,51.89,Otros
42,2026-06-02,FARMACIAS DEL AHORRO #3637 REF860397,248.44,Salud
42,2026-03-11,CINE COLOMBIA #4175,104.93,Ocio
42,2026-02-09,FARMACIAS SIMILARES,212.99,Salud
42,2026-03-24,DIDI CALI,64.43,Transporte
43,2026-05-09,AGENCIA DE VIAJES,114.12,Ocio
43,2026-02-26,PAGO MULTA TRANSITO,134.48,Otros
43,2026-04-07,OXXO #9115,219.71,Alimentacion
43,2026-03-21,DIDI #667,141.76,Transporte
43,2026-02-05,JUMBO #3735 CARTAGENA REF961866,189.99,Alimentacion
43,2026-07-07,TRANSFERENCIA MERCADO PAGO,154.36,Otros
43,2026-06-02,WALMART SUPERCENTER #4441,74.91,Alimentacion
43,2026-07-12,JUMBO #6650,137.25,Alimentacion
43,2026-05-16,IZZI TELECOM #9540 REF773452,44.86,Servicios
43,2026-04-11,BODEGA AURRERA #1016,266.79,Alimentacion
43,2026-07-29,ESTACION SERVICIO PRIMAX TIJUANA,198.81,Transporte
43,2026-05-09,TELCEL PLAN CELULAR #8691 MONTERREY,20.32,Servicios
43,2026-03-06,CINE COLOMBIA #6536,93.2,Ocio
44,2026-03-13,DIDI #5607 PUEBLA,194.88,Transporte
44,2026-03-30,ESTACION SERVICIO PRIMAX #7218 REF241422,204.21,Transporte
44,2026-03-19,AGENCIA DE VIAJES #9460 PUEBLA,123.03,Ocio
44,2026-07-09,CARULLA #7146,133.3,Alimentacion
44,2026-07-25,SORIANA #5806 CARTAGENA,234.13,Alimentacion
44,2026-04-09,EPS SURA COPAGO,255.7,Salud
44,2026-07-10,IZZI TELECOM #3925 CARTAGENA REF863873,58.08,Servicios
44,2026-07-28,EXITO #2519,225.52,Alimentacion
44,2026-06-07,ESTACION SERVICIO PRIMAX #7819 CUCUTA,17.4,Transporte
44,2026-06-25,OXXO,165.03,Alimentacion
44,2026-02-03,FACTURA ENERGIA ENEL CODENSA #8731 CALI REF310445,46.05,Servicios
44,2026-02-13,FACTURA ENERGIA ENEL CODENSA #236 TIJUANA,31.28,Servicios
44,2026-07-06,ESTACION SERVICIO PRIMAX #6432 CIUDAD DE MEXICO,25.39,Transporte
44,2026-04-05,RENTA DEPARTAMENTO REF624970,498.14,Vivienda
44,2026-06-21,NETFLIX #8773,47.48,Ocio
45,2026-04-23,GASOLINERA PEMEX #8312 BOGOTA,187.2,Transporte
45,2026-06-04,DEPOSITO BANCO AZTECA,114.7,Otros
45,2026-02-08,SORIANA CIUDAD DE MEXICO,70.57,Alimentacion
45,2026-05-08,MOVISTAR PLAN CELULAR #9486 BARRANQUILLA,18.29,Servicios
45,2026-06-10,CABIFY #2370,184.02,Transporte
45,2026-04-12,DAVIPLATA,13.62,Otros
45,2026-03-11,ICETEX CREDITO EDUCATIVO REF171108,353.01,Educacion
45,2026-04-17,SPOTIFY PREMIUM #2484,71.12,Ocio
45,2026-07-25,PLATZI CURSO ONLINE #4585 CUCUTA REF293720,377.15,Educacion
45,2026-06-02,FARMACIAS DEL AHORRO,242.65,Salud
45,2026-02-15,TELMEX INTERNET HOGAR #7908 PUEBLA,149.72,Servicios
45,2026-07-28,DIDI #2353 CUCUTA REF901677,80.14,Transporte
45,2026-02-24,RENTA DEPARTAMENTO #3423 REF560623,533.59,Vivienda
45,2026-07-21,STEAM VIDEOJUEGOS,55.24,Ocio
45,2026-03-07,BAR RESTAURANTE AMIGOS,64.98,Ocio
45,2026-07-21,NETFLIX,83.44,Ocio
45,2026-03-11,TRANSFERENCIA NEQUI,158.53,Otros
45,2026-05-19,COMBUSTIBLE TERPEL #7301,206.82,Transporte
45,2026-04-04,BAR RESTAURANTE AMIGOS #993,101.03,Ocio
46,2026-06-27,OXXO #9691,102.2,Alimentacion
46,2026-06-10,UBER #3030,67.45,Transporte
46,2026-02-01,RETIRO CAJERO AUTOMATICO #2786 REF219710,60.37,Otros
46,2026-02-25,UBER #6392,56.72,Transporte
46,2026-03-09,RENTA DEPARTAMENTO CALI,171.05,Vivienda
46,2026-05-13,DEPOSITO BANCO AZTECA #2469 QUERETARO REF423026,13.04,Otros
46,2026-07-31,CONSULTORIO IMSS #3060 CALI,296.5,Salud
46,2026-07-30,FACTURA CFE #8253,72.75,Servicios
46,2026-04-09,AGENCIA DE VIAJES #9747,53.04,Ocio
46,2026-06-08,BODEGA AURRERA #9067 TIJUANA,186.71,Alimentacion
46,2026-02-27,SUPERMERCADO D1 #5818 BOGOTA,66.75,Alimentacion
46,2026-02-25,ESTACION SERVICIO PRIMAX #6931 REF398194,199.99,Transporte
46,2026-07-22,CLARO HOGAR INTERNET,121.16,Servicios
46,2026-03-13,JUMBO #6308,33.25,Alimentacion
46,2026-06-08,CHEDRAUI #4596,118.57,Alimentacion
46,2026-02-05,FACTURA ENERGIA ENEL CODENSA #8766,133.68,Servicios
46,2026-05-02,CINEPOLIS #5285 PUEBLA,123.09,Ocio
46,2026-03-27,ADMINISTRACION CONDOMINIO,383.7,Vivienda
46,2026-04-03,COOMEVA MEDICINA PREPAGADA REF125151,189.82,Salud
46,2026-04-17,FACTURA ACUEDUCTO PUEBLA,37.55,Servicios
46,2026-02-05,WALMART SUPERCENTER REF310960,267.7,Alimentacion
46,2026-07-02,ESTACION SERVICIO PRIMAX #8401,56.33,Transporte
47,2026-03-31,COMBUSTIBLE TERPEL CARTAGENA,47.29,Transporte
47,2026-03-16,PAGO INFONAVIT #2324,539.79,Vivienda
47,2026-03-20,PAGO MULTA TRANSITO,69.52,Otros
47,2026-05-02,UBER PUEBLA,21.57,Transporte
47,2026-03-17,SUPERMERCADO D1 #610,261.97,Alimentacion
47,2026-05-14,TRANSFERENCIA MERCADO PAGO MEDELLIN,160.24,Otros
47,2026-06-01,TELMEX INTERNET HOGAR MEDELLIN,140.25,Servicios
47,2026-06-10,GASOLINERA PEMEX #5053 CARTAGENA,208.98,Transporte
47,2026-06-22,RENTA DEPARTAMENTO,236.95,Vivienda
47,2026-06-25,CHEDRAUI,113.02,Alimentacion
47,2026-06-28,FARMATODO,231.1,Salud
47,2026-02-06,EXITO #8658 BARRANQUILLA,190.97,Alimentacion
47,2026-02-13,DEPOSITO BANCO AZTECA #7749 REF903398,36.16,Otros
47,2026-05-10,FARMACIA CRUZ VERDE,247.51,Salud
47,2026-05-23,JUMBO #5328,68.35,Alimentacion
47,2026-05-03,JUMBO #9268,68.19,Alimentacion
47,2026-02-25,CINEPOLIS #4741 REF426503,72.12,Ocio
47,2026-07-18,TRANSFERENCIA MERCADO PAGO #2231 TIJUANA REF502233,110.8,Otros
48,2026-04-08,BODEGA AURRERA,241.07,Alimentacion
48,2026-03-17,FACTURA CFE #3346,144.01,Servicios
48,2026-04-06,CHEDRAUI QUERETARO,234.15,Alimentacion
48,2026-04-29,METROBUS CDMX #3766 PUEBLA,171.9,Transporte
48,2026-07-24,UBER,141.05,Transporte
48,2026-05-03,CARULLA #7656,153.22,Alimentacion
48,2026-07-04,DISNEY PLUS,15.87,Ocio
48,2026-04-17,ESTACION SERVICIO PRIMAX,91.69,Transporte
48,2026-05-05,ARA TIENDA,106.9,Alimentacion
48,2026-02-04,BODEGA AURRERA #7232,77.54,Alimentacion
48,2026-03-29,SUPERAMA,198.09,Alimentacion
48,2026-07-14,BODEGA AURRERA #9194 GUADALAJARA REF525505,138.93,Alimentacion
48,2026-02-19,BAR RESTAURANTE AMIGOS #1107 CALI,15.13,Ocio
48,2026-02-24,EPS SURA COPAGO,77.75,Salud
48,2026-04-11,CINE COLOMBIA #5287 TIJUANA,90.41,Ocio
48,2026-03-23,TELMEX INTERNET HOGAR,25.28,Servicios
48,2026-07-31,CABIFY MONTERREY,180.24,Transporte
48,2026-02-02,TELMEX INTERNET HOGAR #4723,81.84,Servicios
48,2026-06-07,STEAM VIDEOJUEGOS,65.07,Ocio
48,2026-04-16,IZZI TELECOM #9200,94.98,Servicios
49,2026-06-27,CARULLA GUADALAJARA,181.2,Alimentacion
49,2026-02-03,SUPERAMA,231.15,Alimentacion
49,2026-04-07,BAR RESTAURANTE AMIGOS,113.41,Ocio
49,2026-06-01,TRANSMILENIO #221,151.67,Transporte
49,2026-03-08,FACTURA CFE #9048 REF139704,128.0,Servicios
49,2026-03-19,STEAM VIDEOJUEGOS #7989 REF865654,92.18,Ocio
49,2026-05-30,PLATZI CURSO ONLINE #1381,280.05,Educacion
49,2026-02-25,SPOTIFY PREMIUM,82.33,Ocio
49,2026-04-02,WALMART SUPERCENTER GUADALAJARA,205.71,Alimentacion
49,2026-03-01,STEAM VIDEOJUEGOS #4927 BOGOTA,24.83,Ocio
49,2026-02-13,FARMACIAS DEL AHORRO #7852,266.05,Salud
49,2026-05-21,COURSERA CURSO ONLINE MEDELLIN REF180595,351.94,Educacion
50,2026-06-23,GASOLINERA PEMEX #1927,176.43,Transporte
50,2026-06-15,TELMEX INTERNET HOGAR QUERETARO,83.51,Servicios
50,2026-06-22,FARMACIA CRUZ VERDE #1482,16.82,Salud
50,2026-04-10,DEPOSITO BANCO AZTECA,58.8,Otros
50,2026-07-02,CLARO HOGAR INTERNET #5753 BARRANQUILLA,98.29,Servicios
50,2026-03-17,CHEDRAUI #5037,265.11,Alimentacion
50,2026-07-28,SUPERAMA REF555851,174.27,Alimentacion
50,2026-07-21,METROBUS CDMX #5272,61.96,Transporte
50,2026-02-15,OXXO,174.84,Alimentacion
50,2026-02-09,DAVIPLATA #1710 PUEBLA,101.8,Otros
50,2026-05-12,COOMEVA MEDICINA PREPAGADA,237.26,Salud
50,2026-02-06,NETFLIX MEDELLIN,18.37,Ocio
50,2026-07-17,TRANSMILENIO BOGOTA REF196407,162.21,Transporte
50,2026-07-01,HOME DEPOT MEXICO PUEBLA,420.63,Vivienda
50,2026-02-03,BODEGA AURRERA #9374 REF216229,260.38,Alimentacion
50,2026-05-22,JUMBO #1340,98.89,Alimentacion
51,2026-07-16,CARULLA #1122,194.12,Alimentacion
51,2026-02-25,JUMBO #1237,27.51,Alimentacion
51,2026-02-17,METROBUS CDMX #8957,126.43,Transporte
51,2026-05-28,CHEDRAUI MEDELLIN REF862886,99.93,Alimentacion
51,2026-02-11,FARMACIA CRUZ VERDE TIJUANA REF139673,191.96,Salud
51,2026-03-22,CABIFY,19.15,Transporte
51,2026-07-14,IZZI TELECOM #6717,132.66,Servicios
51,2026-05-01,NETFLIX #7998 MONTERREY,126.69,Ocio
51,2026-05-05,GASOLINERA PEMEX #1585,203.78,Transporte
51,2026-04-24,CHEDRAUI CUCUTA REF141241,204.91,Alimentacion
51,2026-05-01,FACTURA CFE,32.56,Servicios
51,2026-05-31,AGENCIA DE VIAJES CUCUTA REF721748,99.78,Ocio
51,2026-04-07,SPOTIFY PREMIUM,8.07,Ocio
51,2026-04-19,MATRICULA UNIVERSIDAD NACIONAL #1018,33.3,Educacion
51,2026-03-16,SUPERAMA,94.14,Alimentacion
51,2026-07-27,BODEGA AURRERA #1280 CALI,137.05,Alimentacion
51,2026-07-07,NETFLIX #2238 TIJUANA REF422266,101.3,Ocio
51,2026-02-24,CABIFY MEDELLIN REF723879,146.66,Transporte
52,2026-06-07,DIDI #9536,54.15,Transporte
52,2026-03-12,EPS SURA COPAGO #2078 CIUDAD DE MEXICO REF487896,38.48,Salud
52,2026-02-20,ARA TIENDA MEDELLIN,186.93,Alimentacion
52,2026-02-01,CLARO HOGAR INTERNET #8078 BOGOTA REF193471,103.36,Servicios
52,2026-02-18,FACTURA CFE #7898,51.89,Servicios
52,2026-03-26,METROBUS CDMX #2959 REF288744,200.17,Transporte
52,2026-07-30,FACTURA ACUEDUCTO,35.39,Servicios
52,2026-03-15,CINE COLOMBIA #8786,59.04,Ocio
52,2026-06-12,AGENCIA DE VIAJES,122.95,Ocio
52,2026-06-16,SUPERMERCADO D1,119.13,Alimentacion
52,2026-02-24,EXITO #6066 CIUDAD DE MEXICO,176.02,Alimentacion
52,2026-07-24,CONSULTORIO IMSS #959 REF923648,128.31,Salud
52,2026-05-09,SPOTIFY PREMIUM #3955,39.28,Ocio
52,2026-04-17,UBER #1904 REF873584,206.8,Transporte
53,2026-04-06,RETIRO CAJERO AUTOMATICO #8036 CIUDAD DE MEXICO REF739037,120.78,Otros
53,2026-06-10,WALMART SUPERCENTER #3281,105.82,Alimentacion
53,2026-04-05,COMBUSTIBLE TERPEL CALI REF588148,182.87,Transporte
53,2026-02-18,UBER #4935,104.64,Transporte
53,2026-04-17,ADMINISTRACION CONJUNTO RESIDENCIAL,634.1,Vivienda
53,2026-05-21,PAGO MULTA TRANSITO GUADALAJARA,41.54,Otros
53,2026-06-05,SORIANA CARTAGENA,235.84,Alimentacion
53,2026-04-16,TRANSFERENCIA MERCADO PAGO,142.02,Otros
53,2026-04-14,MATRICULA UNIVERSIDAD NACIONAL,314.1,Educacion
53,2026-05-31,AGENCIA DE VIAJES REF619344,110.6,Ocio
53,2026-05-01,EXITO,207.87,Alimentacion
53,2026-03-04,ESTACION SERVICIO PRIMAX #5094 GUADALAJARA,135.24,Transporte
53,2026-04-28,CHEDRAUI #2371,44.12,Alimentacion
53,2026-07-23,FACTURA ENERGIA ENEL CODENSA QUERETARO,19.39,Servicios
53,2026-06-08,GASOLINERA PEMEX,194.17,Transporte
53,2026-03-22,FARMATODO,190.75,Salud
53,2026-07-21,HOME DEPOT MEXICO #944 CARTAGENA,548.27,Vivienda
53,2026-06-09,CABIFY,106.3,Transporte
53,2026-03-05,WALMART SUPERCENTER #1960,40.5,Alimentacion
53,2026-03-25,RECARGA OXXO #3793,31.28,Otros
54,2026-04-02,WALMART SUPERCENTER #8066,217.37,Alimentacion
54,2026-07-15,FACTURA CFE #6131,56.9,Servicios
54,2026-07-12,CHEDRAUI #6500,128.36,Alimentacion
54,2026-03-20,JUMBO #2524,13.02,Alimentacion
54,2026-04-15,ARRIENDO APARTAMENTO #8970,186.22,Vivienda
54,2026-03-20,COMBUSTIBLE TERPEL #1131 CUCUTA,88.5,Transporte
54,2026-03-29,TELCEL PLAN CELULAR,79.79,Servicios
54,2026-06-03,AGENCIA DE VIAJES #9393 BARRANQUILLA REF372637,80.0,Ocio
54,2026-06-19,CINEPOLIS CARTAGENA,41.46,Ocio
54,2026-02-04,CLARO HOGAR INTERNET CALI,108.82,Servicios
54,2026-04-10,PAGO INFONAVIT #3997 CARTAGENA,580.06,Vivienda
54,2026-06-24,CABIFY #668,165.97,Transporte
54,2026-04-19,PEAJE AUTOPISTA REF126135,17.92,Transporte
54,2026-03-14,PAGO INFONAVIT #7604 REF874368,390.25,Vivienda
54,2026-03-07,PLATZI CURSO ONLINE BARRANQUILLA,64.35,Educacion
54,2026-06-26,IZZI TELECOM #1940,47.68,Servicios
55,2026-02-26,DIDI CARTAGENA REF157706,75.29,Transporte
55,2026-03-16,MOVISTAR PLAN CELULAR REF187649,84.89,Servicios
55,2026-03-28,RECARGA OXXO MONTERREY,24.94,Otros
55,2026-06-24,PEAJE AUTOPISTA,80.13,Transporte
55,2026-04-08,TELCEL PLAN CELULAR #6208 CARTAGENA,19.48,Servicios
55,2026-04-09,RETIRO CAJERO AUTOMATICO #7378,23.36,Otros
55,2026-02-28,DIDI,89.38,Transporte
55,2026-04-26,ARA TIENDA #8706 REF719371,44.51,Alimentacion
55,2026-03-08,SORIANA CALI,157.56,Alimentacion
55,2026-05-15,EPS SURA COPAGO #6354 GUADALAJARA REF966384,211.5,Salud
55,2026-02-18,DAVIPLATA #7693 BOGOTA REF414750,146.1,Otros
56,2026-02-05,SUPERAMA,23.51,Alimentacion
56,2026-02-28,FACTURA ENERGIA ENEL CODENSA #4641,88.08,Servicios
56,2026-04-01,CONSULTORIO IMSS,217.08,Salud
56,2026-06-24,MATRICULA UNIVERSIDAD NACIONAL #9525 BARRANQUILLA REF161352,351.61,Educacion
56,2026-05-01,CABIFY #966 CIUDAD DE MEXICO,152.82,Transporte
56,2026-02-21,JUMBO,218.45,Alimentacion
56,2026-02-06,CARULLA CARTAGENA,98.26,Alimentacion
56,2026-05-02,FARMACIAS DEL AHORRO REF708222,247.23,Salud
56,2026-05-05,RETIRO CAJERO AUTOMATICO #4710,23.62,Otros
56,2026-03-10,ADMINISTRACION CONJUNTO RESIDENCIAL #2632,597.41,Vivienda
56,2026-03-31,FACTURA ACUEDUCTO #1351 CALI,88.92,Servicios
56,2026-05-05,UBER #7340,173.46,Transporte
56,2026-05-14,JUMBO #2043 QUERETARO REF337580,127.6,Alimentacion
56,2026-07-03,SUPERMERCADO D1,177.33,Alimentacion
56,2026-03-22,CHEDRAUI MEDELLIN REF791838,146.86,Alimentacion
56,2026-07-07,AGENCIA DE VIAJES #4245 BARRANQUILLA,96.45,Ocio
56,2026-07-08,COOMEVA MEDICINA PREPAGADA TIJUANA,38.26,Salud
56,2026-02-25,JUMBO REF624953,25.69,Alimentacion
56,2026-06-12,BODEGA AURRERA #9572,74.25,Alimentacion
56,2026-07-06,ICETEX CREDITO EDUCATIVO,84.83,Educacion
56,2026-06-14,ADMINISTRACION CONDOMINIO,585.89,Vivienda
56,2026-03-22,ESTACION SERVICIO PRIMAX #5913,53.84,Transporte
56,2026-03-20,CARULLA,263.72,Alimentacion
57,2026-05-13,FACTURA ENERGIA ENEL CODENSA #8188 BARRANQUILLA,89.97,Servicios
57,2026-04-01,IZZI TELECOM #6772 CIUDAD DE MEXICO REF172990,112.09,Servicios
57,2026-03-20,HOMECENTER #8155,264.23,Vivienda
57,2026-07-05,FACTURA ACUEDUCTO #6568,149.51,Servicios
57,2026-04-19,EPS SURA COPAGO #3361,292.82,Salud
57,2026-03-02,SORIANA QUERETARO,179.08,Alimentacion
57,2026-03-23,DIDI #9982,49.91,Transporte
57,2026-06-27,METROBUS CDMX #4207,146.05,Transporte
57,2026-04-25,EXITO REF287795,28.77,Alimentacion
57,2026-03-20,STEAM VIDEOJUEGOS #1678,8.83,Ocio
57,2026-05-05,CONSULTORIO IMSS #8257,88.44,Salud
57,2026-07-01,FARMACIA CRUZ VERDE CIUDAD DE MEXICO,146.85,Salud
57,2026-03-11,UBER REF285460,183.65,Transporte
57,2026-04-23,FACTURA CFE CIUDAD DE MEXICO REF850490,113.17,Servicios
57,2026-03-15,SPOTIFY PREMIUM,97.84,Ocio
57,2026-03-27,AGENCIA DE VIAJES BOGOTA,58.19,Ocio
57,2026-05-10,BAR RESTAURANTE AMIGOS,48.24,Ocio
57,2026-07-25,BODEGA AURRERA #6103,106.47,Alimentacion
57,2026-05-03,FARMACIAS GUADALAJARA #7114,296.48,Salud
58,2026-07-02,JUMBO REF419723,81.98,Alimentacion
58,2026-03-08,COMBUSTIBLE TERPEL TIJUANA,128.47,Transporte
58,2026-04-26,BAR RESTAURANTE AMIGOS #7795,119.05,Ocio
58,2026-06-09,STEAM VIDEOJUEGOS REF807905,31.33,Ocio
58,2026-04-29,PEAJE AUTOPISTA REF414070,134.59,Transporte
58,2026-05-19,ICETEX CREDITO EDUCATIVO #1334,261.84,Educacion
58,2026-07-08,GASOLINERA PEMEX,156.62,Transporte
58,2026-04-01,FACTURA ACUEDUCTO PUEBLA,32.76,Servicios
58,2026-05-16,UBER,153.16,Transporte
58,2026-04-06,PEAJE AUTOPISTA #6888,191.81,Transporte
58,2026-06-14,CLARO HOGAR INTERNET,39.26,Servicios
58,2026-05-24,CINE COLOMBIA,34.69,Ocio
58,2026-03-09,ADMINISTRACION CONDOMINIO,635.7,Vivienda
58,2026-02-06,FACTURA ENERGIA ENEL CODENSA REF257782,39.43,Servicios
58,2026-05-24,FARMACIAS SIMILARES #1155,258.5,Salud
59,2026-05-13,BODEGA AURRERA #4007 CUCUTA REF935762,103.4,Alimentacion
59,2026-05-21,BAR RESTAURANTE AMIGOS #706 BARRANQUILLA REF370948,79.12,Ocio
59,2026-07-26,CLARO HOGAR INTERNET QUERETARO,37.08,Servicios
59,2026-04-18,CARULLA #4982,111.68,Alimentacion
59,2026-06-01,RECARGA OXXO QUERETARO,174.8,Otros
59,2026-03-19,OXXO,77.11,Alimentacion
59,2026-03-04,CARULLA #2103,180.75,Alimentacion
59,2026-04-10,COOMEVA MEDICINA PREPAGADA MEDELLIN REF387883,107.68,Salud
59,2026-04-14,COMBUSTIBLE TERPEL #6239 REF672255,164.69,Transporte
59,2026-04-30,CINE COLOMBIA,21.36,Ocio
59,2026-02-12,STEAM VIDEOJUEGOS PUEBLA REF875369,126.23,Ocio
59,2026-03-12,FARMACIA CRUZ VERDE,144.33,Salud
59,2026-06-01,UBER,57.21,Transporte
60,2026-06-01,SORIANA,53.43,Alimentacion
60,2026-02-17,CABIFY,43.52,Transporte
60,2026-04-02,COMBUSTIBLE TERPEL #1412,17.33,Transporte
60,2026-06-20,FARMACIAS GUADALAJARA,224.87,Salud
60,2026-05-09,FACTURA ACUEDUCTO #9965,104.61,Servicios
60,2026-02-17,COMBUSTIBLE TERPEL REF564943,104.93,Transporte
60,2026-05-29,SORIANA #5106 REF265488,229.48,Alimentacion
60,2026-05-11,DISNEY PLUS,105.71,Ocio
60,2026-06-11,CABIFY #9816,127.07,Transporte
60,2026-06-04,WALMART SUPERCENTER #6282,235.75,Alimentacion
60,2026-07-09,EXITO,63.52,Alimentacion
60,2026-05-26,ICETEX CREDITO EDUCATIVO #2864 PUEBLA,66.97,Educacion
60,2026-04-06,WALMART SUPERCENTER #9393 QUERETARO,80.13,Alimentacion
60,2026-03-27,PAGO MULTA TRANSITO #3428 BARRANQUILLA,19.7,Otros
60,2026-05-20,DIDI,116.23,Transporte
60,2026-06-01,MOVISTAR PLAN CELULAR #6793 REF374516,141.44,Servicios
60,2026-02-04,MOVISTAR PLAN CELULAR #7606 GUADALAJARA REF438947,20.31,Servicios
60,2026-05-27,TRANSMILENIO,34.42,Transporte
60,2026-05-02,OXXO #5553,127.57,Alimentacion
60,2026-07-20,COURSERA CURSO ONLINE,375.2,Educacion
61,2026-05-26,DIDI MONTERREY REF288085,203.02,Transporte
61,2026-03-18,CHEDRAUI REF432731,11.28,Alimentacion
61,2026-05-21,GASOLINERA PEMEX #823,200.36,Transporte
61,2026-05-25,FARMACIAS SIMILARES #4412,197.15,Salud
61,2026-06-23,BAR RESTAURANTE AMIGOS,113.49,Ocio
61,2026-06-20,AGENCIA DE VIAJES #2535 CALI REF372864,61.84,Ocio
61,2026-03-10,TELCEL PLAN CELULAR #8208 CARTAGENA,84.61,Servicios
61,2026-05-20,AGENCIA DE VIAJES #2525 MEDELLIN,66.11,Ocio
61,2026-02-12,SUPERMERCADO D1,183.38,Alimentacion
61,2026-07-12,NETFLIX,22.46,Ocio
61,2026-02-07,CHEDRAUI REF814407,17.79,Alimentacion
61,2026-06-22,WALMART SUPERCENTER,90.06,Alimentacion
61,2026-05-24,CHEDRAUI,193.22,Alimentacion
61,2026-05-09,NETFLIX #818,30.23,Ocio
61,2026-02-17,HOME DEPOT MEXICO REF151047,486.72,Vivienda
61,2026-07-08,COMBUSTIBLE TERPEL,203.98,Transporte
61,2026-04-19,CABIFY #6635 CUCUTA REF917357,28.78,Transporte
61,2026-05-13,CABIFY #8142,144.52,Transporte
61,2026-03-28,ADMINISTRACION CONDOMINIO #1674,371.88,Vivienda
61,2026-04-28,DIDI #9325 REF543061,183.63,Transporte
62,2026-02-16,FACTURA ACUEDUCTO #5699,132.3,Servicios
62,2026-07-10,CLARO HOGAR INTERNET,92.03,Servicios
62,2026-02-06,DIDI #7925,16.08,Transporte
62,2026-07-20,PAGO INFONAVIT #7107 BOGOTA,615.47,Vivienda
62,2026-05-28,BAR RESTAURANTE AMIGOS #7712,91.19,Ocio
62,2026-06-16,ESTACION SERVICIO PRIMAX QUERETARO,145.3,Transporte
62,2026-03-03,FARMACIAS SIMILARES #6919,76.47,Salud
62,2026-07-11,IZZI TELECOM CALI,103.95,Servicios
62,2026-07-02,FARMACIAS DEL AHORRO MONTERREY REF514118,127.25,Salud
62,2026-02-27,SUPERAMA #6737,179.32,Alimentacion
62,2026-02-09,FACTURA CFE,29.39,Servicios
62,2026-07-27,COURSERA CURSO ONLINE #5058 CALI REF217348,271.69,Educacion
62,2026-04-11,MOVISTAR PLAN CELULAR TIJUANA REF353524,149.92,Servicios
62,2026-06-24,DEPOSITO BANCO AZTECA BARRANQUILLA,18.2,Otros
62,2026-03-29,NETFLIX #2597,127.15,Ocio
62,2026-04-22,AGENCIA DE VIAJES PUEBLA,55.86,Ocio
62,2026-03-05,EXITO #7174,236.4,Alimentacion
62,2026-02-25,CINEPOLIS #6648,102.8,Ocio
62,2026-04-14,PAGO INFONAVIT BOGOTA,433.51,Vivienda
62,2026-02-16,SPOTIFY PREMIUM #6934 REF752944,97.31,Ocio
62,2026-04-10,DIDI #4818,185.7,Transporte
63,2026-04-03,STEAM VIDEOJUEGOS,104.73,Ocio
63,2026-02-09,JUMBO,123.25,Alimentacion
63,2026-02-22,TELMEX INTERNET HOGAR,125.41,Servicios
63,2026-07-06,CARULLA CUCUTA REF616094,41.25,Alimentacion
63,2026-05-01,CONSULTORIO IMSS #3531,170.18,Salud
63,2026-05-06,DAVIPLATA MONTERREY REF166758,10.98,Otros
63,2026-05-02,TRANSMILENIO #3771,74.92,Transporte
63,2026-02-27,FARMACIAS DEL AHORRO,119.44,Salud
63,2026-07-03,FACTURA ENERGIA ENEL CODENSA,68.48,Servicios
63,2026-07-21,COLEGIATURA COLEGIO PRIVADO REF689795,285.8,Educacion
63,2026-06-21,DISNEY PLUS,53.57,Ocio
63,2026-06-22,IZZI TELECOM,75.57,Servicios
63,2026-04-16,TELMEX INTERNET HOGAR CUCUTA,47.07,Servicios
63,2026-07-10,FARMACIA CRUZ VERDE #7860,121.38,Salud
63,2026-06-03,DIDI #4121 MONTERREY,55.45,Transporte
64,2026-02-07,DIDI,113.82,Transporte
64,2026-07-14,COMBUSTIBLE TERPEL #262,105.84,Transporte
64,2026-07-22,WALMART SUPERCENTER #2792,16.67,Alimentacion
64,2026-02-12,CLARO HOGAR INTERNET TIJUANA,61.07,Servicios
64,2026-05-12,DAVIPLATA #9170,74.63,Otros
64,2026-06-24,ARRIENDO APARTAMENTO,349.41,Vivienda
64,2026-02-23,IZZI TELECOM,93.32,Servicios
64,2026-06-11,TELMEX INTERNET HOGAR,87.04,Servicios
64,2026-06-29,RETIRO CAJERO AUTOMATICO #5580,113.34,Otros
64,2026-02-19,CINEPOLIS #8483,100.61,Ocio
64,2026-05-15,EXITO,221.38,Alimentacion
64,2026-03-24,FACTURA ACUEDUCTO,111.95,Servicios
64,2026-03-07,COMBUSTIBLE TERPEL,201.1,Transporte
64,2026-03-09,CONSULTORIO IMSS #3968,20.2,Salud
64,2026-03-07,MOVISTAR PLAN CELULAR #4761,41.43,Servicios
64,2026-06-12,TELCEL PLAN CELULAR CARTAGENA,16.02,Servicios
64,2026-07-11,DAVIPLATA #2501,120.07,Otros
64,2026-04-28,SORIANA,243.49,Alimentacion
64,2026-05-25,TELCEL PLAN CELULAR,47.87,Servicios
64,2026-04-16,BAR RESTAURANTE AMIGOS,120.88,Ocio
64,2026-02-01,TRANSFERENCIA NEQUI,20.25,Otros
65,2026-04-28,ARA TIENDA #634,84.07,Alimentacion
65,2026-05-18,ARRIENDO APARTAMENTO REF699538,303.64,Vivienda
65,2026-03-29,SUPERMERCADO D1 #5095,218.79,Alimentacion
65,2026-05-14,SUPERMERCADO D1 #9760,150.18,Alimentacion
65,2026-07-20,TRANSFERENCIA NEQUI #8108 MONTERREY,62.92,Otros
65,2026-04-01,GASOLINERA PEMEX,132.07,Transporte
65,2026-04-05,DEPOSITO BANCO AZTECA,131.75,Otros
65,2026-04-18,CONSULTORIO IMSS #5428 PUEBLA,92.7,Salud
65,2026-05-21,DIDI #850,92.71,Transporte
65,2026-05-13,CLARO HOGAR INTERNET,31.45,Servicios
65,2026-07-18,SPOTIFY PREMIUM PUEBLA,27.64,Ocio
65,2026-03-17,ADMINISTRACION CONDOMINIO #7896 REF790229,490.56,Vivienda
65,2026-03-05,EXITO #3471 QUERETARO,57.17,Alimentacion
65,2026-05-05,PEAJE AUTOPISTA REF124393,115.03,Transporte
65,2026-07-02,DIDI #8749,151.81,Transporte
65,2026-02-08,COLEGIATURA COLEGIO PRIVADO #2459 MEDELLIN REF527060,65.08,Educacion
65,2026-07-06,BODEGA AURRERA QUERETARO REF508881,157.5,Alimentacion
65,2026-03-01,DIDI MEDELLIN REF351262,61.31,Transporte
65,2026-05-24,AGENCIA DE VIAJES,125.37,Ocio
65,2026-06-02,CHEDRAUI BOGOTA,135.72,Alimentacion
65,2026-03-11,ARRIENDO APARTAMENTO #9703,553.0,Vivienda
65,2026-03-25,CLARO HOGAR INTERNET #6764,89.28,Servicios
65,2026-04-14,SUPERMERCADO D1 #2855,21.29,Alimentacion
65,2026-02-23,COLEGIATURA COLEGIO PRIVADO #116,262.43,Educacion
66,2026-05-03,CHEDRAUI #4210,116.87,Alimentacion
66,2026-03-17,TRANSFERENCIA NEQUI REF875089,152.78,Otros
66,2026-05-21,CINEPOLIS #2114,117.5,Ocio
66,2026-02-07,TRANSFERENCIA NEQUI,70.08,Otros
66,2026-05-05,HOME DEPOT MEXICO #7517 TIJUANA,268.44,Vivienda
66,2026-07-30,BODEGA AURRERA #2290 REF599676,212.94,Alimentacion
66,2026-04-22,HOME DEPOT MEXICO #9206,287.4,Vivienda
66,2026-04-09,SPOTIFY PREMIUM,107.83,Ocio
66,2026-04-23,TELMEX INTERNET HOGAR,72.2,Servicios
66,2026-06-05,EXITO #6169,183.56,Alimentacion
66,2026-02-24,FARMACIAS DEL AHORRO REF955932,42.23,Salud
66,2026-02-01,MOVISTAR PLAN CELULAR #8190 REF616777,99.22,Servicios
66,2026-03-27,MOVISTAR PLAN CELULAR #6589 BARRANQUILLA,75.99,Servicios
67,2026-06-03,CLARO HOGAR INTERNET #2201 REF697586,27.92,Servicios
67,2026-02-08,RECARGA OXXO TIJUANA REF826648,14.02,Otros
67,2026-02-17,CINEPOLIS REF547861,85.25,Ocio
67,2026-04-18,FACTURA ENERGIA ENEL CODENSA,96.96,Servicios
67,2026-06-04,PEAJE AUTOPISTA #6022 REF856254,119.34,Transporte
67,2026-05-07,SORIANA,70.31,Alimentacion
67,2026-02-05,BODEGA AURRERA,111.64,Alimentacion
67,2026-02-21,ESTACION SERVICIO PRIMAX CARTAGENA,128.9,Transporte
67,2026-05-07,FACTURA ENERGIA ENEL CODENSA #493,82.06,Servicios
67,2026-05-07,TRANSFERENCIA NEQUI #4005,177.92,Otros
67,2026-07-07,CINE COLOMBIA,22.05,Ocio
67,2026-02-04,FACTURA ACUEDUCTO #1094,108.84,Servicios
67,2026-07-15,SUPERMERCADO D1 #7340 PUEBLA,115.12,Alimentacion
67,2026-02-23,EXITO CIUDAD DE MEXICO,121.33,Alimentacion
68,2026-04-13,DEPOSITO BANCO AZTECA CIUDAD DE MEXICO,24.56,Otros
68,2026-06-12,TRANSFERENCIA MERCADO PAGO #525,162.01,Otros
68,2026-06-29,EXITO CUCUTA,59.89,Alimentacion
68,2026-05-30,FACTURA CFE #7987,58.66,Servicios
68,2026-02-15,EXITO #5206,68.93,Alimentacion
68,2026-05-13,FARMACIAS DEL AHORRO REF592331,116.17,Salud
68,2026-06-24,CINEPOLIS #232,13.68,Ocio
68,2026-06-11,OXXO REF460517,144.96,Alimentacion
68,2026-02-11,COURSERA CURSO ONLINE,50.35,Educacion
68,2026-05-07,AGENCIA DE VIAJES,105.04,Ocio
68,2026-07-21,TELCEL PLAN CELULAR #1817,46.55,Servicios
68,2026-06-07,NETFLIX,72.5,Ocio
68,2026-07-30,WALMART SUPERCENTER,238.82,Alimentacion
68,2026-02-20,ESTACION SERVICIO PRIMAX #9188 BARRANQUILLA,140.18,Transporte
68,2026-06-17,STEAM VIDEOJUEGOS #586 BARRANQUILLA REF374725,71.62,Ocio
69,2026-06-26,ARA TIENDA #4389 REF810360,25.64,Alimentacion
69,2026-04-27,ESTACION SERVICIO PRIMAX #3544,122.46,Transporte
69,2026-06-28,TELCEL PLAN CELULAR CALI,144.28,Servicios
69,2026-04-13,COOMEVA MEDICINA PREPAGADA,64.96,Salud
69,2026-03-16,ICETEX CREDITO EDUCATIVO,283.75,Educacion
69,2026-06-29,CABIFY #972,50.19,Transporte
69,2026-02-12,TRANSFERENCIA MERCADO PAGO MEDELLIN,101.09,Otros
69,2026-03-23,CLARO HOGAR INTERNET,28.05,Servicios
69,2026-03-30,PEAJE AUTOPISTA #5372,100.07,Transporte
69,2026-03-04,IZZI TELECOM #9622,117.08,Servicios
69,2026-06-06,MOVISTAR PLAN CELULAR #3425,61.92,Servicios
69,2026-03-13,DIDI,142.98,Transporte
69,2026-04-03,CARULLA #8600,216.82,Alimentacion
69,2026-03-26,STEAM VIDEOJUEGOS #7760,120.9,Ocio
69,2026-05-17,DIDI #7336 TIJUANA REF186422,56.93,Transporte
69,2026-07-06,TRANSFERENCIA MERCADO PAGO BARRANQUILLA,77.88,Otros
69,2026-05-28,WALMART SUPERCENTER #3381,49.63,Alimentacion
69,2026-03-14,GASOLINERA PEMEX #9996,208.5,Transporte
69,2026-04-19,ARRIENDO APARTAMENTO CARTAGENA,613.5,Vivienda
69,2026-03-22,PAGO INFONAVIT,419.98,Vivienda
69,2026-04-01,ICETEX CREDITO EDUCATIVO QUERETARO,340.76,Educacion
69,2026-04-04,BODEGA AURRERA,145.45,Alimentacion
69,2026-04-16,ESTACION SERVICIO PRIMAX #3177,134.72,Transporte
69,2026-06-29,CHEDRAUI CALI,33.17,Alimentacion
69,2026-02-06,COMBUSTIBLE TERPEL #5910,161.05,Transporte
70,2026-03-08,COMBUSTIBLE TERPEL CALI REF446292,70.63,Transporte
70,2026-06-13,TELCEL PLAN CELULAR CIUDAD DE MEXICO REF505205,50.52,Servicios
70,2026-07-08,STEAM VIDEOJUEGOS,50.02,Ocio
70,2026-07-25,SUPERAMA QUERETARO,32.79,Alimentacion
70,2026-05-18,CARULLA,253.61,Alimentacion
70,2026-04-22,FACTURA ACUEDUCTO #6139 REF530819,89.76,Servicios
70,2026-06-28,CARULLA #6955 REF316509,89.44,Alimentacion
70,2026-03-03,DAVIPLATA #7878 PUEBLA,77.49,Otros
70,2026-04-20,SUPERAMA #3404 CALI,126.27,Alimentacion
70,2026-04-05,CINE COLOMBIA,80.07,Ocio
70,2026-05-16,NETFLIX GUADALAJARA,69.46,Ocio
70,2026-04-05,CABIFY #3042,193.88,Transporte
70,2026-05-31,CABIFY QUERETARO,109.39,Transporte
70,2026-06-06,TRANSFERENCIA NEQUI #8910 MEDELLIN,178.67,Otros
70,2026-07-12,RENTA DEPARTAMENTO,575.71,Vivienda
70,2026-07-13,FARMACIAS GUADALAJARA #2800 MONTERREY REF128015,74.43,Salud
70,2026-07-29,IZZI TELECOM #6642,140.63,Servicios
70,2026-02-13,SUPERMERCADO D1 #7706 REF675069,40.26,Alimentacion
70,2026-02-26,CHEDRAUI #4673 REF118943,222.54,Alimentacion
70,2026-02-08,JUMBO #6503 TIJUANA,108.96,Alimentacion
70,2026-03-17,METROBUS CDMX #3649,185.59,Transporte
70,2026-02-13,EXITO,235.69,Alimentacion
70,2026-07-19,PAGO MULTA TRANSITO,147.01,Otros
70,2026-07-08,COOMEVA MEDICINA PREPAGADA,240.16,Salud
70,2026-07-15,EXITO REF801444,89.22,Alimentacion
71,2026-05-10,EPS SURA COPAGO MONTERREY REF443032,249.41,Salud
71,2026-04-13,CINE COLOMBIA,21.57,Ocio
71,2026-07-28,ARA TIENDA #5398 CIUDAD DE MEXICO,234.12,Alimentacion
71,2026-07-14,METROBUS CDMX #4662,194.55,Transporte
71,2026-03-16,PAGO MULTA TRANSITO #9911,92.8,Otros
71,2026-02-03,EPS SURA COPAGO #1652,187.78,Salud
71,2026-07-14,CABIFY #5309,162.96,Transporte
71,2026-07-28,METROBUS CDMX #3908,44.97,Transporte
71,2026-05-30,BODEGA AURRERA CUCUTA,140.67,Alimentacion
71,2026-02-17,FACTURA ENERGIA ENEL CODENSA #8271 CALI,68.82,Servicios
71,2026-06-27,BODEGA AURRERA,48.06,Alimentacion
72,2026-05-08,BAR RESTAURANTE AMIGOS BOGOTA,73.69,Ocio
72,2026-05-29,TRANSMILENIO,203.16,Transporte
72,2026-04-09,COOMEVA MEDICINA PREPAGADA,138.26,Salud
72,2026-06-09,FACTURA ACUEDUCTO CUCUTA REF248407,57.1,Servicios
72,2026-06-01,SUPERMERCADO D1,141.6,Alimentacion
72,2026-05-30,BAR RESTAURANTE AMIGOS,59.94,Ocio
72,2026-05-23,TRANSMILENIO #9544,31.13,Transporte
72,2026-04-14,PAGO MULTA TRANSITO #5991 REF562816,118.94,Otros
72,2026-07-26,BAR RESTAURANTE AMIGOS,32.0,Ocio
73,2026-03-12,DEPOSITO BANCO AZTECA,128.16,Otros
73,2026-02-26,FACTURA CFE #5111,147.8,Servicios
73,2026-04-27,STEAM VIDEOJUEGOS #7788 CUCUTA REF625021,34.9,Ocio
73,2026-03-28,BAR RESTAURANTE AMIGOS,22.78,Ocio
73,2026-06-20,ESTACION SERVICIO PRIMAX #736 REF693083,34.28,Transporte
73,2026-05-03,SORIANA,88.85,Alimentacion
73,2026-04-14,AGENCIA DE VIAJES REF504051,17.63,Ocio
73,2026-02-03,COOMEVA MEDICINA PREPAGADA #6021,212.27,Salud
73,2026-02-27,CLARO HOGAR INTERNET #7562 REF359433,23.41,Servicios
73,2026-04-21,DISNEY PLUS #1612,68.68,Ocio
73,2026-05-28,FACTURA ACUEDUCTO CIUDAD DE MEXICO REF547607,149.55,Servicios
73,2026-07-09,TELCEL PLAN CELULAR,124.89,Servicios
73,2026-06-08,BODEGA AURRERA REF885100,169.96,Alimentacion
73,2026-07-31,RENTA DEPARTAMENTO CALI,303.13,Vivienda
73,2026-06-18,SORIANA,172.21,Alimentacion
73,2026-07-03,SUPERMERCADO D1 CALI,147.03,Alimentacion
73,2026-06-12,TRANSMILENIO #1066,95.22,Transporte
73,2026-07-10,SORIANA #1889 REF407364,43.98,Alimentacion
73,2026-02-09,GASOLINERA PEMEX #586,187.32,Transporte
73,2026-07-21,FARMACIA CRUZ VERDE #218,143.19,Salud
73,2026-05-24,OXXO,60.6,Alimentacion
74,2026-04-30,FARMACIAS SIMILARES #5720,18.14,Salud
74,2026-07-06,TELCEL PLAN CELULAR,71.18,Servicios
74,2026-06-30,SORIANA REF731147,135.15,Alimentacion
74,2026-04-07,DAVIPLATA,13.26,Otros
74,2026-05-10,IZZI TELECOM REF769068,50.07,Servicios
74,2026-02-08,WALMART SUPERCENTER,207.68,Alimentacion
74,2026-04-01,METROBUS CDMX #1433,37.42,Transporte
74,2026-06-12,COURSERA CURSO ONLINE,225.74,Educacion
74,2026-03-13,FACTURA ENERGIA ENEL CODENSA #1526,44.05,Servicios
74,2026-03-15,MATRICULA UNAM #7411,29.55,Educacion
74,2026-04-24,ARA TIENDA #1565 QUERETARO REF442360,72.71,Alimentacion
74,2026-02-10,COOMEVA MEDICINA PREPAGADA,293.12,Salud
74,2026-02-04,SUPERMERCADO D1,218.4,Alimentacion
74,2026-02-17,TRANSMILENIO,201.92,Transporte
74,2026-04-11,DIDI,107.57,Transporte
74,2026-03-02,COOMEVA MEDICINA PREPAGADA #4867 MEDELLIN,46.27,Salud
74,2026-04-25,HOME DEPOT MEXICO REF428594,423.98,Vivienda
74,2026-04-14,NETFLIX #9767,61.8,Ocio
74,2026-02-27,UBER REF795984,178.87,Transporte
74,2026-05-17,SPOTIFY PREMIUM #8919,17.26,Ocio
74,2026-02-02,PAGO MULTA TRANSITO BARRANQUILLA REF797670,93.0,Otros
74,2026-02-20,WALMART SUPERCENTER #2122 QUERETARO,49.01,Alimentacion
74,2026-06-08,PAGO MULTA TRANSITO #6271 CARTAGENA REF851583,65.19,Otros
75,2026-04-22,FACTURA ENERGIA ENEL CODENSA,143.97,Servicios
75,2026-02-08,CABIFY,167.38,Transporte
75,2026-05-20,STEAM VIDEOJUEGOS,44.43,Ocio
75,2026-03-05,TRANSMILENIO REF439128,147.63,Transporte
75,2026-06-20,RETIRO CAJERO AUTOMATICO,84.39,Otros
75,2026-06-11,AGENCIA DE VIAJES CALI,36.83,Ocio
75,2026-04-13,FARMACIA CRUZ VERDE #9531 CALI,254.65,Salud
75,2026-07-01,CLARO HOGAR INTERNET GUADALAJARA REF155021,20.19,Servicios
75,2026-04-19,COURSERA CURSO ONLINE #7207,363.16,Educacion
75,2026-06-17,CARULLA #8105,129.98,Alimentacion
75,2026-07-09,TELCEL PLAN CELULAR,101.02,Servicios
75,2026-06-30,FARMACIAS SIMILARES #7392 REF186651,202.92,Salud
75,2026-02-04,CINE COLOMBIA #9487,116.89,Ocio
75,2026-03-16,EPS SURA COPAGO #7205 CALI REF166582,196.45,Salud
75,2026-07-15,EXITO #8888,169.62,Alimentacion
76,2026-06-15,SPOTIFY PREMIUM TIJUANA,90.03,Ocio
76,2026-07-21,RECARGA OXXO #9188,17.08,Otros
76,2026-07-23,ARA TIENDA BARRANQUILLA,32.05,Alimentacion
76,2026-04-14,CARULLA,196.24,Alimentacion
76,2026-05-17,COURSERA CURSO ONLINE #5025 MONTERREY,52.03,Educacion
76,2026-05-02,IZZI TELECOM #8135,24.62,Servicios
76,2026-06-13,CINE COLOMBIA REF138518,6.51,Ocio
76,2026-05-01,ARA TIENDA,258.69,Alimentacion
76,2026-04-20,DIDI #4277 TIJUANA,157.5,Transporte
76,2026-07-13,GASOLINERA PEMEX REF313660,80.65,Transporte
76,2026-03-09,FACTURA CFE REF490219,55.03,Servicios
76,2026-04-25,CLARO HOGAR INTERNET #2614,62.21,Servicios
76,2026-04-18,BODEGA AURRERA #4525 MEDELLIN,211.41,Alimentacion
76,2026-06-04,SUPERAMA #5564 REF936865,181.96,Alimentacion
76,2026-06-17,ESTACION SERVICIO PRIMAX #3740 REF229502,47.04,Transporte
76,2026-02-02,CINEPOLIS REF465848,26.76,Ocio
76,2026-06-18,CINEPOLIS,17.3,Ocio
76,2026-04-19,DIDI #8811,142.06,Transporte
76,2026-06-25,DISNEY PLUS #8514,100.55,Ocio
76,2026-02-26,GASOLINERA PEMEX #6164,63.01,Transporte
76,2026-05-22,METROBUS CDMX #5899,14.19,Transporte
76,2026-05-14,ADMINISTRACION CONDOMINIO,191.09,Vivienda
76,2026-07-08,FACTURA ACUEDUCTO,145.66,Servicios
76,2026-07-10,FACTURA ACUEDUCTO REF160200,54.89,Servicios
76,2026-06-27,CONSULTORIO IMSS CIUDAD DE MEXICO,234.23,Salud
76,2026-04-14,SPOTIFY PREMIUM #3215,83.08,Ocio
77,2026-03-18,SUPERAMA,20.91,Alimentacion
77,2026-03-19,FACTURA ENERGIA ENEL CODENSA,145.75,Servicios
77,2026-04-14,ADMINISTRACION CONJUNTO RESIDENCIAL #2284,549.36,Vivienda
77,2026-03-15,DISNEY PLUS #1955,41.6,Ocio
77,2026-07-31,DEPOSITO BANCO AZTECA #5001,176.59,Otros
77,2026-03-22,FARMACIAS SIMILARES #5094,186.54,Salud
77,2026-07-17,RETIRO CAJERO AUTOMATICO,109.01,Otros
77,2026-06-14,METROBUS CDMX #5898 CARTAGENA,159.61,Transporte
77,2026-06-22,COMBUSTIBLE TERPEL #8161 MONTERREY,172.35,Transporte
77,2026-04-29,METROBUS CDMX #4198 CIUDAD DE MEXICO,141.3,Transporte
77,2026-04-10,CABIFY GUADALAJARA,35.62,Transporte
77,2026-05-20,WALMART SUPERCENTER QUERETARO REF298775,97.95,Alimentacion
77,2026-03-31,SORIANA #5526 REF308658,251.3,Alimentacion
77,2026-06-29,HOMECENTER #8112,262.31,Vivienda
77,2026-04-23,DIDI,84.43,Transporte
77,2026-02-06,CARULLA CARTAGENA,122.34,Alimentacion
77,2026-07-29,SUPERAMA,124.25,Alimentacion
77,2026-06-22,GASOLINERA PEMEX #1453,132.59,Transporte
77,2026-05-29,CLARO HOGAR INTERNET #1984,142.32,Servicios
78,2026-03-02,CARULLA REF996398,84.34,Alimentacion
78,2026-06-12,CLARO HOGAR INTERNET #2267,125.15,Servicios
78,2026-03-19,RENTA DEPARTAMENTO #3370 BOGOTA,580.68,Vivienda
78,2026-02-17,TRANSMILENIO #7080,179.3,Transporte
78,2026-05-29,CARULLA #4696,248.92,Alimentacion
78,2026-05-19,COMBUSTIBLE TERPEL #108 QUERETARO,60.45,Transporte
78,2026-05-15,SPOTIFY PREMIUM #4233,99.38,Ocio
78,2026-04-30,SUPERAMA #9140 REF478083,129.74,Alimentacion
78,2026-06-28,FARMACIAS GUADALAJARA #4621 CIUDAD DE MEXICO REF211532,254.97,Salud
78,2026-07-12,FACTURA ACUEDUCTO #3220 GUADALAJARA,113.35,Servicios
78,2026-06-22,ADMINISTRACION CONDOMINIO #7869,538.22,Vivienda
78,2026-03-10,ARA TIENDA #4237,180.6,Alimentacion
78,2026-03-19,PLATZI CURSO ONLINE #2023 REF539357,91.54,Educacion
78,2026-06-28,ADMINISTRACION CONDOMINIO BARRANQUILLA,422.51,Vivienda
78,2026-04-21,COMBUSTIBLE TERPEL,206.93,Transporte
78,2026-04-20,SPOTIFY PREMIUM #8444,122.17,Ocio
78,2026-07-29,CINE COLOMBIA #2721,10.4,Ocio
78,2026-05-26,DEPOSITO BANCO AZTECA,38.02,Otros
78,2026-03-17,TRANSMILENIO #4499 REF147828,36.35,Transporte
78,2026-06-27,EXITO,198.75,Alimentacion
78,2026-07-31,COMBUSTIBLE TERPEL CUCUTA,173.56,Transporte
79,2026-05-09,PEAJE AUTOPISTA #2289,69.51,Transporte
79,2026-05-21,COURSERA CURSO ONLINE,236.88,Educacion
79,2026-03-04,EXITO,189.11,Alimentacion
79,2026-03-12,SORIANA TIJUANA,237.06,Alimentacion
79,2026-04-21,CHEDRAUI #4503 TIJUANA,175.44,Alimentacion
79,2026-07-08,ARA TIENDA REF602275,207.89,Alimentacion
79,2026-06-15,AGENCIA DE VIAJES #2985 GUADALAJARA,25.01,Ocio
79,2026-06-13,FACTURA ENERGIA ENEL CODENSA #3011,77.31,Servicios
79,2026-07-06,CARULLA #7555,12.43,Alimentacion
79,2026-04-26,CLARO HOGAR INTERNET,48.3,Servicios
79,2026-07-20,ESTACION SERVICIO PRIMAX,155.29,Transporte
79,2026-07-04,CARULLA #9924 BOGOTA,267.87,Alimentacion
79,2026-03-09,STEAM VIDEOJUEGOS CALI,17.4,Ocio
79,2026-03-14,DEPOSITO BANCO AZTECA #5535,78.25,Otros
79,2026-04-16,FACTURA ACUEDUCTO #829 BARRANQUILLA REF977116,123.01,Servicios
79,2026-05-19,ARA TIENDA #7098,63.05,Alimentacion
79,2026-06-04,SUPERAMA #1941,154.32,Alimentacion
79,2026-02-27,JUMBO #5567 MEDELLIN,200.6,Alimentacion
79,2026-06-23,SORIANA,170.16,Alimentacion
80,2026-05-25,FACTURA CFE #1802 GUADALAJARA,117.73,Servicios
80,2026-02-14,FARMATODO,25.06,Salud
80,2026-05-21,SUPERMERCADO D1 #7938 REF548217,203.89,Alimentacion
80,2026-03-27,WALMART SUPERCENTER CIUDAD DE MEXICO,62.64,Alimentacion
80,2026-05-30,DIDI REF785720,201.61,Transporte
80,2026-06-03,PEAJE AUTOPISTA #8845,83.59,Transporte
80,2026-06-05,DIDI,75.39,Transporte
80,2026-04-01,MOVISTAR PLAN CELULAR #3430 REF685498,35.1,Servicios
80,2026-06-26,ARRIENDO APARTAMENTO #5823,302.8,Vivienda
80,2026-04-15,CABIFY,185.33,Transporte
80,2026-04-26,ARA TIENDA #2357 QUERETARO,269.05,Alimentacion
80,2026-03-01,FARMACIAS SIMILARES #1836 REF978116,119.97,Salud
80,2026-04-16,RETIRO CAJERO AUTOMATICO #2414 MEDELLIN REF971437,86.26,Otros
80,2026-05-16,SUPERMERCADO D1 #2395,197.74,Alimentacion
80,2026-07-23,STEAM VIDEOJUEGOS #316 CALI REF773662,115.77,Ocio
80,2026-04-06,DISNEY PLUS CIUDAD DE MEXICO,79.13,Ocio
80,2026-04-14,CINEPOLIS,53.94,Ocio
81,2026-07-17,COLEGIATURA COLEGIO PRIVADO #2150,245.58,Educacion
81,2026-07-12,SUPERMERCADO D1,135.05,Alimentacion
81,2026-04-27,CONSULTORIO IMSS #6737 REF942362,198.06,Salud
81,2026-05-07,MOVISTAR PLAN CELULAR #1810 PUEBLA,23.76,Servicios
81,2026-06-13,JUMBO #1844 PUEBLA REF424135,160.8,Alimentacion
81,2026-03-09,NETFLIX #1493,75.19,Ocio
81,2026-05-20,MATRICULA UNAM #5254 BARRANQUILLA REF473973,235.25,Educacion
81,2026-02-02,ADMINISTRACION CONDOMINIO #6500,451.74,Vivienda
81,2026-04-25,TELMEX INTERNET HOGAR #8350 CALI REF934739,106.32,Servicios
81,2026-07-08,NETFLIX #2582 REF756359,105.62,Ocio
81,2026-06-20,ADMINISTRACION CONJUNTO RESIDENCIAL,284.91,Vivienda
81,2026-05-05,COLEGIATURA COLEGIO PRIVADO,334.39,Educacion
81,2026-07-21,CABIFY #6003,109.65,Transporte
81,2026-06-22,DEPOSITO BANCO AZTECA PUEBLA,23.1,Otros
81,2026-07-09,AGENCIA DE VIAJES #344 BARRANQUILLA,12.32,Ocio
81,2026-05-02,AGENCIA DE VIAJES #4943 BARRANQUILLA,46.78,Ocio
82,2026-04-09,IZZI TELECOM #7853,34.91,Servicios
82,2026-04-29,CLARO HOGAR INTERNET,59.31,Servicios
82,2026-02-22,PAGO MULTA TRANSITO #2213,83.78,Otros
82,2026-02-07,HOMECENTER #6869,194.3,Vivienda
82,2026-06-22,SUPERAMA #4111,67.36,Alimentacion
82,2026-04-04,DAVIPLATA #9441 REF507081,111.7,Otros
82,2026-07-10,TELMEX INTERNET HOGAR #8867,114.31,Servicios
82,2026-06-10,CARULLA,269.57,Alimentacion
82,2026-05-21,ESTACION SERVICIO PRIMAX #8067 QUERETARO,196.62,Transporte
82,2026-07-23,PEAJE AUTOPISTA #7799 CUCUTA,138.51,Transporte
82,2026-06-07,MATRICULA UNAM #6022,182.97,Educacion
82,2026-02-19,EXITO,175.41,Alimentacion
82,2026-04-15,SUPERMERCADO D1 #6736 QUERETARO,214.27,Alimentacion
83,2026-06-19,EXITO #7121,104.18,Alimentacion
83,2026-04-11,SORIANA #8873 REF830532,96.97,Alimentacion
83,2026-06-11,DIDI,15.24,Transporte
83,2026-05-11,SUPERAMA TIJUANA,16.29,Alimentacion
83,2026-02-09,CHEDRAUI,226.24,Alimentacion
83,2026-06-29,PEAJE AUTOPISTA,64.61,Transporte
83,2026-06-19,FACTURA ACUEDUCTO #3174,84.94,Servicios
83,2026-07-28,CINE COLOMBIA #3231,42.34,Ocio
83,2026-02-02,UBER #5129,198.14,Transporte
83,2026-03-20,AGENCIA DE VIAJES #5862,37.41,Ocio
83,2026-03-12,PLATZI CURSO ONLINE #2980,186.12,Educacion
83,2026-07-06,BAR RESTAURANTE AMIGOS #7267,114.09,Ocio
83,2026-03-26,MATRICULA UNIVERSIDAD NACIONAL #369,340.73,Educacion
83,2026-02-11,FARMATODO,68.04,Salud
83,2026-04-02,DIDI #7548 REF997940,170.53,Transporte
83,2026-02-16,HOMECENTER,379.09,Vivienda
84,2026-02-13,WALMART SUPERCENTER,123.58,Alimentacion
84,2026-06-22,DIDI CIUDAD DE MEXICO REF127521,155.9,Transporte
84,2026-04-22,FARMACIAS GUADALAJARA #9474,233.17,Salud
84,2026-06-29,SUPERAMA #945,51.32,Alimentacion
84,2026-04-11,RENTA DEPARTAMENTO CARTAGENA,455.11,Vivienda
84,2026-02-21,SUPERMERCADO D1,45.19,Alimentacion
84,2026-07-08,PAGO INFONAVIT,525.69,Vivienda
84,2026-03-14,EXITO REF841947,180.81,Alimentacion
84,2026-02-19,ARRIENDO APARTAMENTO QUERETARO REF575745,628.31,Vivienda
84,2026-04-26,TELMEX INTERNET HOGAR #3733 MONTERREY,24.31,Servicios
84,2026-03-05,FARMACIA CRUZ VERDE #2455,31.26,Salud
84,2026-06-15,RETIRO CAJERO AUTOMATICO #9863 CALI,57.97,Otros
84,2026-07-06,CHEDRAUI,78.04,Alimentacion
84,2026-04-15,NETFLIX #8071 REF820724,35.87,Ocio
84,2026-07-29,UBER REF413267,191.25,Transporte
84,2026-05-04,HOME DEPOT MEXICO REF459462,274.77,Vivienda
84,2026-03-16,NETFLIX #4269 REF130990,38.99,Ocio
84,2026-07-24,OXXO CARTAGENA REF327496,207.44,Alimentacion
84,2026-05-03,TRANSMILENIO #2173 GUADALAJARA REF196437,99.95,Transporte
84,2026-06-12,FACTURA CFE #8223,119.86,Servicios
85,2026-06-09,FACTURA CFE PUEBLA,136.48,Servicios
85,2026-05-11,RENTA DEPARTAMENTO #7409,160.91,Vivienda
85,2026-07-15,TELCEL PLAN CELULAR #9392,104.61,Servicios
85,2026-02-16,COMBUSTIBLE TERPEL CIUDAD DE MEXICO,202.68,Transporte
85,2026-06-14,ADMINISTRACION CONDOMINIO #590 CARTAGENA,430.08,Vivienda
85,2026-06-30,ESTACION SERVICIO PRIMAX #6189,197.36,Transporte
85,2026-06-02,EXITO PUEBLA,23.59,Alimentacion
85,2026-02-26,BAR RESTAURANTE AMIGOS #3576 REF391554,57.35,Ocio
85,2026-04-11,PAGO INFONAVIT TIJUANA,280.08,Vivienda
85,2026-05-22,UBER #913,156.16,Transporte
85,2026-03-06,ESTACION SERVICIO PRIMAX #9953,206.26,Transporte
85,2026-04-04,EXITO,76.7,Alimentacion
85,2026-07-27,DIDI #8840 REF776096,140.83,Transporte
85,2026-05-11,CARULLA,61.51,Alimentacion
86,2026-04-06,WALMART SUPERCENTER #871,39.66,Alimentacion
86,2026-07-19,SPOTIFY PREMIUM REF334896,23.91,Ocio
86,2026-06-04,TRANSFERENCIA NEQUI #5389,48.3,Otros
86,2026-03-16,ARA TIENDA,75.25,Alimentacion
86,2026-07-12,COURSERA CURSO ONLINE BOGOTA REF419071,343.98,Educacion
86,2026-07-01,DIDI #2890,122.24,Transporte
86,2026-04-17,SUPERMERCADO D1,146.08,Alimentacion
86,2026-05-21,FACTURA ACUEDUCTO GUADALAJARA,30.49,Servicios
86,2026-05-02,METROBUS CDMX #4422,182.03,Transporte
86,2026-07-12,CINE COLOMBIA,95.35,Ocio
86,2026-04-24,CHEDRAUI #315,27.59,Alimentacion
86,2026-05-12,CARULLA #9775,194.04,Alimentacion
86,2026-07-04,FARMACIAS DEL AHORRO,169.91,Salud
86,2026-02-23,ADMINISTRACION CONJUNTO RESIDENCIAL,190.86,Vivienda
86,2026-03-06,BAR RESTAURANTE AMIGOS #4652,62.29,Ocio
86,2026-04-05,CLARO HOGAR INTERNET #1855,80.43,Servicios
86,2026-03-13,EXITO #8798,53.1,Alimentacion
86,2026-07-18,SORIANA #6603,255.88,Alimentacion
86,2026-05-17,UBER #6367,180.0,Transporte
86,2026-04-12,SUPERMERCADO D1,183.95,Alimentacion
87,2026-05-31,FACTURA ACUEDUCTO #970,77.0,Servicios
87,2026-02-04,CARULLA #6728 REF869575,23.51,Alimentacion
87,2026-03-01,TRANSMILENIO #3435,167.26,Transporte
87,2026-05-14,COMBUSTIBLE TERPEL #8345,50.27,Transporte
87,2026-04-06,RECARGA OXXO #5262 REF448290,53.97,Otros
87,2026-07-12,EXITO REF376648,52.82,Alimentacion
87,2026-03-28,EXITO,95.86,Alimentacion
87,2026-06-03,PAGO MULTA TRANSITO #384,138.65,Otros
87,2026-05-07,DISNEY PLUS REF942942,69.92,Ocio
88,2026-05-15,PLATZI CURSO ONLINE GUADALAJARA REF469755,194.21,Educacion
88,2026-06-05,IZZI TELECOM #8608 REF530250,147.97,Servicios
88,2026-04-12,CLARO HOGAR INTERNET #606 QUERETARO,119.22,Servicios
88,2026-02-21,ESTACION SERVICIO PRIMAX #6289,15.43,Transporte
88,2026-05-03,IZZI TELECOM REF812052,23.8,Servicios
88,2026-06-13,PAGO MULTA TRANSITO,88.87,Otros
88,2026-04-06,OXXO REF933966,246.4,Alimentacion
88,2026-04-03,STEAM VIDEOJUEGOS #236,72.34,Ocio
88,2026-05-19,FACTURA CFE,82.2,Servicios
88,2026-05-14,JUMBO #770 PUEBLA REF612089,37.42,Alimentacion
88,2026-03-25,WALMART SUPERCENTER BARRANQUILLA REF397025,180.76,Alimentacion
88,2026-06-11,CLARO HOGAR INTERNET REF868661,125.98,Servicios
88,2026-02-08,ESTACION SERVICIO PRIMAX #626,86.08,Transporte
88,2026-03-01,TELCEL PLAN CELULAR #1707,119.71,Servicios
88,2026-02-07,DIDI,202.9,Transporte
88,2026-02-21,FARMACIAS DEL AHORRO #9181 BARRANQUILLA REF694191,73.07,Salud
88,2026-05-12,DISNEY PLUS #7258 MONTERREY,70.42,Ocio
88,2026-04-04,STEAM VIDEOJUEGOS #7106,40.89,Ocio
88,2026-05-15,OXXO #6996 CALI,216.14,Alimentacion
89,2026-07-18,DISNEY PLUS,91.99,Ocio
89,2026-03-21,FARMACIAS SIMILARES #197,241.08,Salud
89,2026-05-07,NETFLIX #4526,44.6,Ocio
89,2026-06-30,CINEPOLIS,112.15,Ocio
89,2026-03-27,FARMACIA CRUZ VERDE,273.25,Salud
89,2026-07-30,SUPERAMA TIJUANA,82.0,Alimentacion
89,2026-05-29,COOMEVA MEDICINA PREPAGADA #100 MEDELLIN,295.3,Salud
89,2026-05-16,CHEDRAUI #8387 REF227728,46.58,Alimentacion
89,2026-02-25,CABIFY,50.4,Transporte
89,2026-06-18,FACTURA ACUEDUCTO #454 QUERETARO,39.87,Servicios
89,2026-03-27,CINE COLOMBIA #4851 MEDELLIN,116.75,Ocio
89,2026-06-24,GASOLINERA PEMEX #1858,140.86,Transporte
89,2026-02-13,CHEDRAUI #6480 BARRANQUILLA REF782017,49.55,Alimentacion
89,2026-04-05,FACTURA ENERGIA ENEL CODENSA REF858188,74.44,Servicios
89,2026-03-22,CABIFY #8344 QUERETARO,133.06,Transporte
89,2026-06-26,SUPERAMA #9326,31.7,Alimentacion
89,2026-04-02,GASOLINERA PEMEX TIJUANA,186.48,Transporte
89,2026-03-19,DISNEY PLUS,105.45,Ocio
89,2026-04-19,WALMART SUPERCENTER,141.35,Alimentacion
89,2026-03-26,EXITO MEDELLIN,261.45,Alimentacion
89,2026-06-01,RENTA DEPARTAMENTO #3893,358.88,Vivienda
89,2026-07-15,SUPERMERCADO D1,265.87,Alimentacion
89,2026-02-20,JUMBO #1294,183.66,Alimentacion
89,2026-03-07,TRANSFERENCIA NEQUI #7464,117.89,Otros
89,2026-06-20,CINE COLOMBIA #7268,25.74,Ocio
89,2026-07-07,PEAJE AUTOPISTA PUEBLA REF801138,186.39,Transporte
90,2026-05-05,DAVIPLATA,132.29,Otros
90,2026-04-01,SUPERAMA CUCUTA,241.47,Alimentacion
90,2026-04-10,STEAM VIDEOJUEGOS REF170416,14.93,Ocio
90,2026-05-16,DIDI REF642372,156.3,Transporte
90,2026-05-18,CHEDRAUI #9954 REF961224,58.73,Alimentacion
90,2026-07-12,HOMECENTER #5963 CALI,579.09,Vivienda
90,2026-04-20,CINE COLOMBIA,107.38,Ocio
90,2026-02-14,FACTURA ACUEDUCTO,88.01,Servicios
90,2026-06-26,WALMART SUPERCENTER #3385,194.66,Alimentacion
90,2026-06-01,WALMART SUPERCENTER,91.73,Alimentacion
90,2026-02-25,NETFLIX #1259,63.9,Ocio
90,2026-03-24,ADMINISTRACION CONDOMINIO #2221 BOGOTA REF620719,560.82,Vivienda
91,2026-07-17,GASOLINERA PEMEX,175.2,Transporte
91,2026-07-27,ARA TIENDA,36.17,Alimentacion
91,2026-04-13,NETFLIX #6280,34.98,Ocio
91,2026-07-17,SPOTIFY PREMIUM #6124,22.75,Ocio
91,2026-03-16,CARULLA QUERETARO,100.46,Alimentacion
91,2026-04-10,NETFLIX BOGOTA REF232871,61.29,Ocio
91,2026-05-18,EXITO #9969,204.69,Alimentacion
91,2026-06-09,SORIANA #2105 REF670054,179.3,Alimentacion
91,2026-05-15,STEAM VIDEOJUEGOS,82.62,Ocio
91,2026-05-24,PAGO INFONAVIT,326.19,Vivienda
91,2026-02-22,PEAJE AUTOPISTA CIUDAD DE MEXICO,178.29,Transporte
91,2026-05-14,SPOTIFY PREMIUM #2346,63.91,Ocio
91,2026-02-15,COOMEVA MEDICINA PREPAGADA #2425 CUCUTA,294.04,Salud
91,2026-07-10,FARMATODO #653 PUEBLA,195.73,Salud
91,2026-07-20,BODEGA AURRERA #408,42.83,Alimentacion
91,2026-07-23,SORIANA #7162,185.81,Alimentacion
91,2026-05-06,STEAM VIDEOJUEGOS,45.64,Ocio
91,2026-05-05,HOMECENTER,493.16,Vivienda
91,2026-07-17,TELCEL PLAN CELULAR,24.4,Servicios
92,2026-03-07,GASOLINERA PEMEX,138.58,Transporte
92,2026-06-01,FACTURA CFE #6347,108.71,Servicios
92,2026-05-17,EXITO #4595 CUCUTA,143.29,Alimentacion
92,2026-02-14,DIDI #4593,71.06,Transporte
92,2026-06-16,FARMACIA CRUZ VERDE #9413,75.6,Salud
92,2026-03-11,COMBUSTIBLE TERPEL #7742 CARTAGENA,16.64,Transporte
92,2026-07-15,EXITO PUEBLA,89.03,Alimentacion
92,2026-06-17,GASOLINERA PEMEX GUADALAJARA REF760957,140.63,Transporte
92,2026-03-24,BODEGA AURRERA TIJUANA REF817688,253.96,Alimentacion
92,2026-05-26,TRANSFERENCIA MERCADO PAGO #9167 REF849259,158.1,Otros
92,2026-07-20,MATRICULA UNIVERSIDAD NACIONAL,312.27,Educacion
92,2026-06-01,STEAM VIDEOJUEGOS #8405,103.56,Ocio
92,2026-06-25,BODEGA AURRERA #6915 CIUDAD DE MEXICO,182.9,Alimentacion
92,2026-02-15,BODEGA AURRERA,77.67,Alimentacion
92,2026-06-23,GASOLINERA PEMEX BOGOTA,191.44,Transporte
92,2026-03-23,ARRIENDO APARTAMENTO #3564,485.37,Vivienda
92,2026-02-13,FARMACIAS GUADALAJARA,174.73,Salud
92,2026-06-04,TELCEL PLAN CELULAR,29.98,Servicios
92,2026-02-26,BAR RESTAURANTE AMIGOS MONTERREY,60.88,Ocio
92,2026-05-30,AGENCIA DE VIAJES #3295,62.54,Ocio
92,2026-04-09,UBER #5257 REF352755,182.91,Transporte
92,2026-02-14,FARMACIAS SIMILARES #5866 REF479895,170.79,Salud
92,2026-05-30,CINE COLOMBIA #6962 CALI,52.55,Ocio
92,2026-05-19,FARMACIAS SIMILARES,293.39,Salud
92,2026-02-20,ESTACION SERVICIO PRIMAX #6998 REF618206,32.14,Transporte
93,2026-04-02,PAGO MULTA TRANSITO #2079,164.83,Otros
93,2026-07-13,EPS SURA COPAGO REF275044,229.88,Salud
93,2026-04-20,OXXO,219.28,Alimentacion
93,2026-02-24,MOVISTAR PLAN CELULAR CARTAGENA,17.43,Servicios
93,2026-02-20,EXITO #5915,260.33,Alimentacion
93,2026-03-03,DIDI #7916,155.33,Transporte
93,2026-02-15,ADMINISTRACION CONDOMINIO #227,302.38,Vivienda
93,2026-07-07,UBER #8434,175.88,Transporte
93,2026-03-23,CHEDRAUI #9342,83.2,Alimentacion
93,2026-07-21,PAGO MULTA TRANSITO #6392 REF250152,158.37,Otros
93,2026-07-06,COOMEVA MEDICINA PREPAGADA #4658,47.09,Salud
93,2026-06-18,CABIFY #4586,150.74,Transporte
93,2026-02-11,GASOLINERA PEMEX,118.14,Transporte
93,2026-03-15,ESTACION SERVICIO PRIMAX #8434 REF141675,29.31,Transporte
94,2026-04-09,EXITO #4717,203.23,Alimentacion
94,2026-07-01,AGENCIA DE VIAJES #1895,11.02,Ocio
94,2026-02-10,DIDI #1523,190.58,Transporte
94,2026-07-12,WALMART SUPERCENTER,231.59,Alimentacion
94,2026-07-13,PEAJE AUTOPISTA #7529,143.56,Transporte
94,2026-03-20,TELMEX INTERNET HOGAR MEDELLIN,95.08,Servicios
94,2026-02-21,PEAJE AUTOPISTA REF765318,188.46,Transporte
94,2026-06-11,SUPERMERCADO D1,58.19,Alimentacion
94,2026-06-11,CABIFY #3165,25.79,Transporte
94,2026-07-31,FACTURA ACUEDUCTO,47.33,Servicios
94,2026-05-25,METROBUS CDMX CALI REF821401,168.92,Transporte
94,2026-06-15,MOVISTAR PLAN CELULAR,19.68,Servicios
94,2026-02-20,DEPOSITO BANCO AZTECA #4886,109.08,Otros
94,2026-05-19,UBER CUCUTA REF891634,209.09,Transporte
95,2026-05-04,DIDI #7714,191.93,Transporte
95,2026-03-28,CLARO HOGAR INTERNET,105.34,Servicios
95,2026-04-18,CINE COLOMBIA #4489,108.66,Ocio
95,2026-04-14,WALMART SUPERCENTER #5303,238.53,Alimentacion
95,2026-05-14,COMBUSTIBLE TERPEL #3687,124.35,Transporte
95,2026-07-03,TRANSMILENIO CUCUTA,113.49,Transporte
95,2026-07-26,ADMINISTRACION CONDOMINIO MONTERREY REF857311,365.21,Vivienda
95,2026-03-12,FARMATODO,105.33,Salud
95,2026-03-16,EXITO REF264618,122.99,Alimentacion
95,2026-06-06,TRANSMILENIO #2744,164.78,Transporte
95,2026-03-19,CINE COLOMBIA BOGOTA,80.24,Ocio
95,2026-06-03,SORIANA BARRANQUILLA,242.06,Alimentacion
95,2026-04-20,MOVISTAR PLAN CELULAR #2125,74.86,Servicios
95,2026-04-16,JUMBO MONTERREY,167.84,Alimentacion
95,2026-04-22,OXXO QUERETARO,174.14,Alimentacion
95,2026-07-26,BODEGA AURRERA,163.84,Alimentacion
95,2026-04-26,METROBUS CDMX #4429,150.53,Transporte
95,2026-02-02,ESTACION SERVICIO PRIMAX #6757,57.49,Transporte
95,2026-03-14,CINE COLOMBIA #8243,69.05,Ocio
95,2026-04-28,IZZI TELECOM #507,29.07,Servicios
95,2026-07-10,SPOTIFY PREMIUM,53.06,Ocio
95,2026-02-24,SUPERMERCADO D1 #8125 REF522780,136.79,Alimentacion
96,2026-06-23,MOVISTAR PLAN CELULAR #8184 BARRANQUILLA,100.6,Servicios
96,2026-06-08,BODEGA AURRERA,28.44,Alimentacion
96,2026-05-10,CONSULTORIO IMSS,87.5,Salud
96,2026-07-11,AGENCIA DE VIAJES,50.23,Ocio
96,2026-06-20,RENTA DEPARTAMENTO,386.25,Vivienda
96,2026-03-27,SPOTIFY PREMIUM #7269 REF544787,10.71,Ocio
96,2026-04-11,OXXO #9063 REF223295,46.41,Alimentacion
96,2026-02-24,COURSERA CURSO ONLINE,128.81,Educacion
96,2026-02-24,TRANSFERENCIA MERCADO PAGO MONTERREY,175.16,Otros
96,2026-05-08,HOMECENTER GUADALAJARA,315.67,Vivienda
96,2026-04-01,HOME DEPOT MEXICO REF849817,391.02,Vivienda
96,2026-06-13,SORIANA #7808 BOGOTA,60.99,Alimentacion
96,2026-03-01,CARULLA REF591461,168.8,Alimentacion
96,2026-07-28,WALMART SUPERCENTER,82.98,Alimentacion
96,2026-02-22,HOMECENTER #7082,253.5,Vivienda
96,2026-03-02,FARMACIAS DEL AHORRO,162.22,Salud
96,2026-03-03,ARA TIENDA #4407 REF647689,11.43,Alimentacion
96,2026-02-24,TELCEL PLAN CELULAR #9802,16.03,Servicios
96,2026-07-08,IZZI TELECOM #143,44.57,Servicios
96,2026-07-18,ADMINISTRACION CONDOMINIO #2800 REF181566,168.36,Vivienda
96,2026-07-01,CHEDRAUI #7828,38.09,Alimentacion
96,2026-03-20,SORIANA #6416,98.1,Alimentacion
96,2026-02-19,ESTACION SERVICIO PRIMAX,170.52,Transporte
96,2026-05-28,RECARGA OXXO #7263,107.25,Otros
97,2026-02-10,RECARGA OXXO #514,68.69,Otros
97,2026-06-13,DIDI #9271,111.48,Transporte
97,2026-03-19,CABIFY REF478526,184.84,Transporte
97,2026-03-25,BODEGA AURRERA #1641,138.32,Alimentacion
97,2026-02-03,ADMINISTRACION CONDOMINIO #4604,501.13,Vivienda
97,2026-04-02,FACTURA CFE,149.03,Servicios
97,2026-03-14,COURSERA CURSO ONLINE #2947,74.31,Educacion
97,2026-06-28,FARMACIA CRUZ VERDE #2609 REF992278,93.3,Salud
97,2026-05-21,CARULLA #1121,112.59,Alimentacion
97,2026-02-09,ICETEX CREDITO EDUCATIVO,183.19,Educacion
97,2026-04-29,DAVIPLATA PUEBLA,79.87,Otros
97,2026-07-10,BAR RESTAURANTE AMIGOS #1107 MONTERREY REF379588,118.45,Ocio
97,2026-02-19,EXITO #3355,195.65,Alimentacion
97,2026-03-08,FARMACIA CRUZ VERDE #9284,188.25,Salud
97,2026-06-15,RETIRO CAJERO AUTOMATICO REF194960,62.59,Otros
97,2026-06-06,CLARO HOGAR INTERNET #429,126.21,Servicios
97,2026-06-13,IZZI TELECOM #4142,143.93,Servicios
97,2026-03-09,EPS SURA COPAGO #6314 REF247247,249.04,Salud
97,2026-05-26,TRANSMILENIO CUCUTA REF409258,10.31,Transporte
97,2026-02-17,FACTURA CFE #5918,100.91,Servicios
97,2026-06-08,DISNEY PLUS #9688,11.39,Ocio
97,2026-03-12,MATRICULA UNAM #4829 QUERETARO,121.6,Educacion
97,2026-04-03,DEPOSITO BANCO AZTECA #8509,20.12,Otros
97,2026-04-03,ESTACION SERVICIO PRIMAX,130.76,Transporte
97,2026-05-10,STEAM VIDEOJUEGOS,90.82,Ocio
98,2026-07-06,RETIRO CAJERO AUTOMATICO #7890,81.22,Otros
98,2026-04-10,WALMART SUPERCENTER #7748,205.31,Alimentacion
98,2026-04-01,CONSULTORIO IMSS,35.24,Salud
98,2026-04-20,DAVIPLATA,23.63,Otros
98,2026-04-15,TRANSMILENIO,80.95,Transporte
98,2026-06-19,GASOLINERA PEMEX REF637085,198.35,Transporte
98,2026-06-26,ADMINISTRACION CONDOMINIO REF695578,484.29,Vivienda
98,2026-06-25,WALMART SUPERCENTER MEDELLIN,186.45,Alimentacion
98,2026-06-17,CONSULTORIO IMSS #7646 CALI,118.15,Salud
98,2026-06-22,ESTACION SERVICIO PRIMAX #3431,128.73,Transporte
98,2026-02-06,TELMEX INTERNET HOGAR #2710,16.37,Servicios
98,2026-02-01,TRANSMILENIO,137.22,Transporte
98,2026-05-09,CARULLA #5315 REF910822,247.45,Alimentacion
98,2026-03-17,DEPOSITO BANCO AZTECA,114.14,Otros
98,2026-06-16,CHEDRAUI REF738081,237.16,Alimentacion
98,2026-04-21,FARMACIAS GUADALAJARA #8315,221.33,Salud
98,2026-07-08,HOME DEPOT MEXICO #8291 CUCUTA,210.28,Vivienda
98,2026-03-30,CABIFY #4768,190.49,Transporte
98,2026-04-03,SORIANA #6624,27.28,Alimentacion
99,2026-06-20,FACTURA ACUEDUCTO,20.9,Servicios
99,2026-04-20,PEAJE AUTOPISTA #7549 TIJUANA,34.6,Transporte
99,2026-04-07,COMBUSTIBLE TERPEL #4337 REF946331,121.73,Transporte
99,2026-07-03,AGENCIA DE VIAJES,47.9,Ocio
99,2026-06-23,FARMACIAS SIMILARES,222.81,Salud
99,2026-04-06,BODEGA AURRERA #8536,179.6,Alimentacion
99,2026-07-19,METROBUS CDMX #2091,179.12,Transporte
99,2026-07-25,RECARGA OXXO #7074,127.72,Otros
99,2026-07-22,DISNEY PLUS #6933 CARTAGENA,58.74,Ocio
99,2026-06-17,STEAM VIDEOJUEGOS,89.12,Ocio
99,2026-05-22,CARULLA #2469,81.6,Alimentacion
99,2026-03-08,METROBUS CDMX QUERETARO,71.26,Transporte
99,2026-07-06,ESTACION SERVICIO PRIMAX #727 QUERETARO,167.8,Transporte
99,2026-05-27,ESTACION SERVICIO PRIMAX #5047 REF883041,99.28,Transporte
99,2026-03-07,FACTURA ACUEDUCTO REF300952,122.78,Servicios
99,2026-02-04,GASOLINERA PEMEX,174.48,Transporte
99,2026-02-05,FARMACIAS GUADALAJARA CIUDAD DE MEXICO,259.41,Salud
99,2026-02-08,FARMACIAS DEL AHORRO CIUDAD DE MEXICO,276.24,Salud
99,2026-05-22,COMBUSTIBLE TERPEL #406,96.2,Transporte
100,2026-02-26,ARA TIENDA #5418 PUEBLA,188.99,Alimentacion
100,2026-03-11,TRANSFERENCIA MERCADO PAGO #9852,73.67,Otros
100,2026-03-17,WALMART SUPERCENTER #7380 QUERETARO,53.38,Alimentacion
100,2026-07-11,TELCEL PLAN CELULAR #628,73.12,Servicios
100,2026-05-12,TELMEX INTERNET HOGAR #8776,34.25,Servicios
100,2026-04-16,METROBUS CDMX #9683 CARTAGENA,188.02,Transporte
100,2026-06-01,MATRICULA UNIVERSIDAD NACIONAL QUERETARO,154.7,Educacion
100,2026-07-03,PEAJE AUTOPISTA #2123 CUCUTA,40.89,Transporte
100,2026-04-20,DISNEY PLUS,8.18,Ocio
100,2026-05-11,STEAM VIDEOJUEGOS,85.73,Ocio
100,2026-02-19,FARMATODO,196.52,Salud
100,2026-04-04,PEAJE AUTOPISTA CIUDAD DE MEXICO,78.12,Transporte
100,2026-05-07,METROBUS CDMX #3010 REF970177,24.34,Transporte
100,2026-04-15,EPS SURA COPAGO PUEBLA,131.74,Salud
100,2026-07-11,COMBUSTIBLE TERPEL PUEBLA,72.24,Transporte
100,2026-03-08,BAR RESTAURANTE AMIGOS,89.64,Ocio
100,2026-02-14,FACTURA ACUEDUCTO PUEBLA,96.78,Servicios
100,2026-05-31,PEAJE AUTOPISTA REF486991,82.92,Transporte
101,2026-02-06,GASOLINERA PEMEX #606 GUADALAJARA,86.84,Transporte
101,2026-07-03,CINE COLOMBIA,9.87,Ocio
101,2026-07-14,FARMACIAS GUADALAJARA,23.82,Salud
101,2026-04-02,EXITO,110.88,Alimentacion
101,2026-03-16,RETIRO CAJERO AUTOMATICO,37.2,Otros
101,2026-07-16,BODEGA AURRERA REF604163,16.07,Alimentacion
101,2026-03-23,DIDI REF518832,161.24,Transporte
101,2026-03-05,IZZI TELECOM #2132 BARRANQUILLA,76.9,Servicios
101,2026-06-25,FARMATODO,97.43,Salud
101,2026-04-05,PAGO INFONAVIT #4433 TIJUANA,600.04,Vivienda
101,2026-02-05,PAGO MULTA TRANSITO,29.74,Otros
101,2026-06-26,METROBUS CDMX,201.18,Transporte
101,2026-05-14,JUMBO #6176,91.63,Alimentacion
101,2026-02-09,ADMINISTRACION CONJUNTO RESIDENCIAL,594.2,Vivienda
102,2026-03-04,JUMBO CUCUTA REF321943,111.27,Alimentacion
102,2026-04-19,COMBUSTIBLE TERPEL #8432,87.1,Transporte
102,2026-03-25,DISNEY PLUS,47.55,Ocio
102,2026-03-30,UBER #8050,118.28,Transporte
102,2026-06-04,SORIANA #1160,50.08,Alimentacion
102,2026-05-01,BODEGA AURRERA,153.96,Alimentacion
102,2026-03-19,NETFLIX,72.71,Ocio
102,2026-03-24,RECARGA OXXO #638 REF445521,139.52,Otros
102,2026-07-11,OXXO,226.75,Alimentacion
102,2026-06-15,MATRICULA UNIVERSIDAD NACIONAL #8667 BARRANQUILLA,190.17,Educacion
102,2026-05-21,MOVISTAR PLAN CELULAR #7572 PUEBLA,55.81,Servicios
102,2026-06-28,ARA TIENDA,77.43,Alimentacion
103,2026-03-16,ARA TIENDA,125.45,Alimentacion
103,2026-04-01,RETIRO CAJERO AUTOMATICO #1296 MEDELLIN,116.46,Otros
103,2026-07-29,OXXO,137.11,Alimentacion
103,2026-03-03,SPOTIFY PREMIUM,55.22,Ocio
103,2026-03-27,CONSULTORIO IMSS CIUDAD DE MEXICO,298.25,Salud
103,2026-05-16,TELMEX INTERNET HOGAR,133.84,Servicios
103,2026-02-21,PEAJE AUTOPISTA #4610,134.68,Transporte
103,2026-03-27,CABIFY #5329,123.88,Transporte
103,2026-05-05,CARULLA REF564727,171.37,Alimentacion
104,2026-03-25,TRANSFERENCIA NEQUI,48.72,Otros
104,2026-02-09,PEAJE AUTOPISTA #5016,202.81,Transporte
104,2026-02-25,SUPERMERCADO D1 #6591,246.46,Alimentacion
104,2026-04-16,TELMEX INTERNET HOGAR,112.49,Servicios
104,2026-05-15,FARMACIAS DEL AHORRO #4406,167.02,Salud
104,2026-05-14,GASOLINERA PEMEX #5898,183.99,Transporte
104,2026-05-02,DIDI CIUDAD DE MEXICO REF528645,36.13,Transporte
104,2026-06-10,CLARO HOGAR INTERNET REF838552,121.72,Servicios
104,2026-05-09,JUMBO #6219 CIUDAD DE MEXICO,42.45,Alimentacion
104,2026-05-22,CINE COLOMBIA,104.28,Ocio
104,2026-07-20,ARA TIENDA #7959,81.7,Alimentacion
104,2026-05-21,FARMACIAS SIMILARES,264.97,Salud
104,2026-04-28,COLEGIATURA COLEGIO PRIVADO #1761 CARTAGENA,379.02,Educacion
104,2026-04-17,GASOLINERA PEMEX #2300 REF912901,39.76,Transporte
104,2026-04-10,DEPOSITO BANCO AZTECA #4996,88.65,Otros
104,2026-05-18,BODEGA AURRERA,265.06,Alimentacion
104,2026-05-12,CLARO HOGAR INTERNET QUERETARO,80.26,Servicios
104,2026-06-14,HOMECENTER,581.77,Vivienda
104,2026-02-27,TRANSMILENIO #5556 QUERETARO,127.75,Transporte
104,2026-07-19,FARMACIA CRUZ VERDE #6830,121.97,Salud
104,2026-07-23,RETIRO CAJERO AUTOMATICO REF558444,58.58,Otros
104,2026-03-06,PAGO INFONAVIT,251.61,Vivienda
104,2026-07-03,ESTACION SERVICIO PRIMAX,162.36,Transporte
104,2026-06-13,SPOTIFY PREMIUM,53.32,Ocio
104,2026-06-23,FARMACIAS SIMILARES,160.71,Salud
105,2026-04-12,BODEGA AURRERA #8746,159.12,Alimentacion
105,2026-05-10,PAGO MULTA TRANSITO CIUDAD DE MEXICO REF336170,172.53,Otros
105,2026-03-17,GASOLINERA PEMEX,50.09,Transporte
105,2026-03-06,TRANSMILENIO,31.85,Transporte
105,2026-07-21,SUPERMERCADO D1 #3075 MONTERREY,232.03,Alimentacion
105,2026-06-03,FARMACIAS GUADALAJARA,140.16,Salud
105,2026-06-06,MOVISTAR PLAN CELULAR #7051,129.34,Servicios
105,2026-06-08,FARMACIA CRUZ VERDE #7303 CIUDAD DE MEXICO REF880080,269.53,Salud
105,2026-06-30,METROBUS CDMX #3354 CIUDAD DE MEXICO,22.49,Transporte
105,2026-06-20,SUPERMERCADO D1,239.7,Alimentacion
106,2026-06-13,HOME DEPOT MEXICO,496.27,Vivienda
106,2026-07-03,CARULLA,44.95,Alimentacion
106,2026-05-02,ARRIENDO APARTAMENTO #6981,299.7,Vivienda
106,2026-05-16,GASOLINERA PEMEX,81.74,Transporte
106,2026-07-27,CARULLA,219.15,Alimentacion
106,2026-05-29,HOMECENTER REF988578,289.38,Vivienda
106,2026-07-16,EXITO #2651 GUADALAJARA,64.78,Alimentacion
106,2026-04-16,CINE COLOMBIA,124.68,Ocio
106,2026-02-10,PAGO MULTA TRANSITO #8596,11.51,Otros
106,2026-02-21,CARULLA CUCUTA,269.43,Alimentacion
106,2026-04-02,GASOLINERA PEMEX BOGOTA,145.36,Transporte
107,2026-07-28,SORIANA REF204978,202.52,Alimentacion
107,2026-04-16,TRANSMILENIO #1186 GUADALAJARA,38.57,Transporte
107,2026-04-02,TRANSFERENCIA MERCADO PAGO #9983 REF599377,138.08,Otros
107,2026-07-07,DAVIPLATA #8947,140.72,Otros
107,2026-07-10,CINE COLOMBIA #8533 CALI,87.32,Ocio
107,2026-05-15,FARMACIAS SIMILARES #1824 BARRANQUILLA REF791398,233.34,Salud
107,2026-05-24,METROBUS CDMX,179.18,Transporte
107,2026-07-23,EPS SURA COPAGO #6240,189.88,Salud
107,2026-07-28,FARMACIAS SIMILARES,40.25,Salud
107,2026-03-07,EXITO CIUDAD DE MEXICO,136.78,Alimentacion
107,2026-04-06,STEAM VIDEOJUEGOS #9556,14.71,Ocio
107,2026-05-06,IZZI TELECOM #4676,70.02,Servicios
107,2026-07-07,CABIFY #8084,91.42,Transporte
107,2026-07-25,TELMEX INTERNET HOGAR CARTAGENA,23.91,Servicios
107,2026-05-17,ICETEX CREDITO EDUCATIVO #7594 REF847315,155.81,Educacion
107,2026-03-24,WALMART SUPERCENTER #7246,38.86,Alimentacion
107,2026-05-02,OXXO #3734 REF880765,220.14,Alimentacion
107,2026-04-30,DISNEY PLUS REF659054,123.46,Ocio
107,2026-02-23,DISNEY PLUS #1740,14.04,Ocio
107,2026-06-10,SUPERMERCADO D1,258.33,Alimentacion
107,2026-04-03,DIDI #8648,114.52,Transporte
108,2026-02-25,JUMBO,114.75,Alimentacion
108,2026-05-30,SPOTIFY PREMIUM #6823 GUADALAJARA,41.91,Ocio
108,2026-05-03,CABIFY REF974857,56.48,Transporte
108,2026-02-09,JUMBO #6677 QUERETARO,83.06,Alimentacion
108,2026-03-20,CHEDRAUI #4613 REF222989,218.91,Alimentacion
108,2026-04-10,ESTACION SERVICIO PRIMAX,195.85,Transporte
108,2026-05-05,ESTACION SERVICIO PRIMAX REF890888,91.02,Transporte
108,2026-06-18,RETIRO CAJERO AUTOMATICO #4285 GUADALAJARA,164.04,Otros
108,2026-03-20,RECARGA OXXO,64.65,Otros
108,2026-02-11,BODEGA AURRERA,133.87,Alimentacion
108,2026-05-22,BAR RESTAURANTE AMIGOS #1823,33.25,Ocio
108,2026-05-01,HOME DEPOT MEXICO,470.24,Vivienda
108,2026-06-05,CARULLA,264.54,Alimentacion
108,2026-04-26,CINEPOLIS #8093,80.44,Ocio
108,2026-07-06,BAR RESTAURANTE AMIGOS #1866,49.73,Ocio
108,2026-02-27,SPOTIFY PREMIUM PUEBLA,85.98,Ocio
108,2026-04-05,DIDI TIJUANA,34.58,Transporte
109,2026-02-10,SORIANA,28.66,Alimentacion
109,2026-07-24,ADMINISTRACION CONJUNTO RESIDENCIAL CARTAGENA REF532164,491.31,Vivienda
109,2026-05-22,FACTURA CFE #5736,47.66,Servicios
109,2026-03-13,COMBUSTIBLE TERPEL #4411 REF685606,152.79,Transporte
109,2026-07-09,TELCEL PLAN CELULAR REF624116,126.04,Servicios
109,2026-05-14,PEAJE AUTOPISTA,170.79,Transporte
109,2026-06-14,CARULLA,153.65,Alimentacion
109,2026-04-30,COOMEVA MEDICINA PREPAGADA #8053,163.25,Salud
109,2026-02-02,EPS SURA COPAGO #1926 BARRANQUILLA,55.72,Salud
109,2026-02-03,FACTURA CFE,119.67,Servicios
109,2026-05-25,CARULLA #9897,80.57,Alimentacion
109,2026-07-05,WALMART SUPERCENTER,139.14,Alimentacion
109,2026-03-08,RECARGA OXXO,58.33,Otros
109,2026-06-22,PLATZI CURSO ONLINE REF674606,75.19,Educacion
109,2026-05-30,FACTURA CFE #3777,99.99,Servicios
109,2026-07-26,PAGO MULTA TRANSITO BOGOTA,19.24,Otros
109,2026-03-08,PAGO MULTA TRANSITO,137.27,Otros
109,2026-04-23,SUPERMERCADO D1,92.57,Alimentacion
109,2026-06-01,FARMACIAS GUADALAJARA CARTAGENA,15.04,Salud
109,2026-02-02,UBER #2303,112.23,Transporte
109,2026-03-16,OXXO MONTERREY,22.18,Alimentacion
109,2026-03-12,TRANSMILENIO,65.23,Transporte
109,2026-04-10,TRANSFERENCIA NEQUI #9508,130.19,Otros
109,2026-07-17,BAR RESTAURANTE AMIGOS #2907 GUADALAJARA,12.84,Ocio
110,2026-05-28,TRANSFERENCIA NEQUI #5906 QUERETARO,63.27,Otros
110,2026-06-27,HOME DEPOT MEXICO #9893,544.47,Vivienda
110,2026-05-15,ICETEX CREDITO EDUCATIVO,359.45,Educacion
110,2026-03-03,PEAJE AUTOPISTA MONTERREY,96.76,Transporte
110,2026-07-13,COMBUSTIBLE TERPEL CARTAGENA,191.99,Transporte
110,2026-02-28,TELCEL PLAN CELULAR,65.94,Servicios
110,2026-05-08,EPS SURA COPAGO GUADALAJARA,289.76,Salud
110,2026-04-18,SORIANA,33.22,Alimentacion
110,2026-04-12,METROBUS CDMX #5724 BARRANQUILLA,147.4,Transporte
110,2026-02-16,PAGO MULTA TRANSITO #4368,93.95,Otros
110,2026-07-16,TELMEX INTERNET HOGAR #1640 REF735604,67.33,Servicios
110,2026-03-18,MATRICULA UNIVERSIDAD NACIONAL BOGOTA,262.27,Educacion
110,2026-04-27,WALMART SUPERCENTER #553,193.0,Alimentacion
110,2026-07-07,TRANSFERENCIA NEQUI #8262 CUCUTA,10.74,Otros
110,2026-02-01,TRANSFERENCIA NEQUI,38.38,Otros
110,2026-02-22,DEPOSITO BANCO AZTECA #2538,131.22,Otros
110,2026-05-18,OXXO REF426804,183.26,Alimentacion
110,2026-02-27,SUPERAMA #8594 MEDELLIN,261.17,Alimentacion
110,2026-03-13,BODEGA AURRERA,207.87,Alimentacion
110,2026-04-29,DEPOSITO BANCO AZTECA #2006 REF358182,171.63,Otros
110,2026-03-31,CHEDRAUI #6723 BOGOTA,192.66,Alimentacion
110,2026-03-19,FARMATODO TIJUANA,99.94,Salud
110,2026-06-27,BAR RESTAURANTE AMIGOS,18.17,Ocio
111,2026-05-10,DIDI #6277 BOGOTA,110.08,Transporte
111,2026-03-18,BAR RESTAURANTE AMIGOS #4805,59.09,Ocio
111,2026-03-07,TRANSFERENCIA NEQUI,87.81,Otros
111,2026-04-24,STEAM VIDEOJUEGOS REF417661,31.11,Ocio
111,2026-06-16,OXXO #7207,105.86,Alimentacion
111,2026-05-11,NETFLIX CALI,51.23,Ocio
111,2026-06-09,ARA TIENDA #9457 REF500019,23.61,Alimentacion
111,2026-05-08,ARRIENDO APARTAMENTO CUCUTA,533.78,Vivienda
111,2026-07-20,MATRICULA UNAM,181.19,Educacion
111,2026-03-07,BODEGA AURRERA #4330,223.77,Alimentacion
111,2026-04-17,FACTURA CFE #4566 REF963559,129.8,Servicios
111,2026-02-21,TRANSMILENIO,52.4,Transporte
111,2026-06-04,FACTURA ENERGIA ENEL CODENSA,103.74,Servicios
111,2026-05-27,CARULLA #8104 MONTERREY,132.79,Alimentacion
112,2026-06-10,GASOLINERA PEMEX #9440 MEDELLIN,157.72,Transporte
112,2026-04-02,ADMINISTRACION CONDOMINIO MONTERREY,307.81,Vivienda
112,2026-05-31,SPOTIFY PREMIUM #6458 QUERETARO,85.6,Ocio
112,2026-02-12,UBER #2438,89.03,Transporte
112,2026-07-20,PAGO INFONAVIT,506.6,Vivienda
112,2026-06-10,DISNEY PLUS #4209,29.9,Ocio
112,2026-06-04,ARRIENDO APARTAMENTO #2608,595.11,Vivienda
112,2026-02-27,ARA TIENDA #7290 GUADALAJARA REF357714,84.73,Alimentacion
112,2026-03-17,DISNEY PLUS #5302 TIJUANA REF643211,50.97,Ocio
112,2026-02-06,SUPERMERCADO D1 REF208834,25.1,Alimentacion
112,2026-07-01,SORIANA #1057,38.99,Alimentacion
112,2026-04-01,DEPOSITO BANCO AZTECA REF780381,97.7,Otros
112,2026-02-07,HOME DEPOT MEXICO #6436,283.8,Vivienda
112,2026-04-06,CINEPOLIS #7554,109.44,Ocio
112,2026-05-27,STEAM VIDEOJUEGOS #4799 REF507321,6.84,Ocio
112,2026-07-21,DAVIPLATA,74.45,Otros
112,2026-05-02,PEAJE AUTOPISTA REF756932,77.47,Transporte
112,2026-04-23,SORIANA #6944,15.03,Alimentacion
112,2026-06-06,STEAM VIDEOJUEGOS #6635 MONTERREY,20.55,Ocio
112,2026-04-29,MOVISTAR PLAN CELULAR,70.84,Servicios
113,2026-03-15,DEPOSITO BANCO AZTECA #5128 CALI,88.9,Otros
113,2026-04-17,FACTURA CFE,145.07,Servicios
113,2026-04-12,ARA TIENDA #2667,144.95,Alimentacion
113,2026-05-23,CHEDRAUI #3482,186.16,Alimentacion
113,2026-06-11,COURSERA CURSO ONLINE CIUDAD DE MEXICO,141.95,Educacion
113,2026-02-25,WALMART SUPERCENTER #2239,211.24,Alimentacion
113,2026-07-15,ADMINISTRACION CONDOMINIO REF201779,536.46,Vivienda
113,2026-07-08,EXITO,145.54,Alimentacion
113,2026-07-15,UBER #2567,205.2,Transporte
113,2026-02-01,UBER,35.11,Transporte
113,2026-03-17,JUMBO #9305 CALI REF224193,14.41,Alimentacion
113,2026-05-21,RENTA DEPARTAMENTO #9149,535.08,Vivienda
113,2026-07-07,MOVISTAR PLAN CELULAR REF566515,123.97,Servicios
113,2026-07-26,EPS SURA COPAGO,49.26,Salud
113,2026-03-28,STEAM VIDEOJUEGOS REF120821,38.2,Ocio
113,2026-07-14,ADMINISTRACION CONDOMINIO #5666,158.78,Vivienda
113,2026-02-10,BODEGA AURRERA #6549 REF929389,86.26,Alimentacion
113,2026-03-27,SUPERAMA #1461,211.02,Alimentacion
113,2026-03-22,BODEGA AURRERA #2869,144.67,Alimentacion
113,2026-07-18,PEAJE AUTOPISTA CARTAGENA,79.62,Transporte
113,2026-02-13,FACTURA CFE #7193,65.18,Servicios
113,2026-07-27,ESTACION SERVICIO PRIMAX #614 PUEBLA REF701518,10.27,Transporte
113,2026-05-23,TRANSMILENIO REF804542,69.96,Transporte
113,2026-04-18,TELMEX INTERNET HOGAR #8498,102.27,Servicios
113,2026-03-28,CLARO HOGAR INTERNET,146.52,Servicios
114,2026-07-26,HOME DEPOT MEXICO #5320,264.12,Vivienda
114,2026-06-01,FARMATODO #3001 REF940388,85.28,Salud
114,2026-02-23,FARMATODO #320,152.96,Salud
114,2026-05-08,BODEGA AURRERA,204.34,Alimentacion
114,2026-07-11,FARMATODO CALI REF882304,150.04,Salud
114,2026-02-21,CARULLA #3918 QUERETARO REF435968,25.04,Alimentacion
114,2026-02-01,AGENCIA DE VIAJES,124.72,Ocio
114,2026-04-09,JUMBO,255.11,Alimentacion
114,2026-06-13,EXITO #3339 MONTERREY,214.15,Alimentacion
114,2026-04-21,FACTURA ACUEDUCTO #5365,148.83,Servicios
115,2026-05-04,DIDI CIUDAD DE MEXICO,49.17,Transporte
115,2026-06-20,FARMACIA CRUZ VERDE,55.13,Salud
115,2026-07-11,CARULLA #1089,171.83,Alimentacion
115,2026-04-30,IZZI TELECOM #1545,120.48,Servicios
115,2026-05-01,FACTURA ACUEDUCTO,93.07,Servicios
115,2026-06-13,CONSULTORIO IMSS #5019,56.88,Salud
115,2026-05-09,SUPERMERCADO D1 #5881,220.89,Alimentacion
115,2026-04-04,PAGO INFONAVIT,467.98,Vivienda
115,2026-06-26,CABIFY,87.63,Transporte
115,2026-07-28,FARMACIAS SIMILARES,207.13,Salud
115,2026-06-23,CABIFY #3113 BOGOTA,61.98,Transporte
115,2026-06-13,TRANSMILENIO #6526 MONTERREY,79.04,Transporte
115,2026-05-02,AGENCIA DE VIAJES #2718,119.69,Ocio
115,2026-06-25,MATRICULA UNIVERSIDAD NACIONAL,133.94,Educacion
115,2026-02-20,CHEDRAUI REF422969,132.2,Alimentacion
115,2026-03-18,SUPERAMA #7128,241.44,Alimentacion
115,2026-04-01,UBER,151.54,Transporte
115,2026-05-12,CHEDRAUI #4132 CARTAGENA,26.17,Alimentacion
115,2026-05-08,IZZI TELECOM,34.89,Servicios
115,2026-06-03,CLARO HOGAR INTERNET,16.06,Servicios
115,2026-07-27,MOVISTAR PLAN CELULAR PUEBLA,100.17,Servicios
115,2026-04-04,ESTACION SERVICIO PRIMAX #2530 REF614788,99.53,Transporte
115,2026-05-22,CINEPOLIS #6482,21.78,Ocio
115,2026-07-31,TELMEX INTERNET HOGAR CUCUTA,144.32,Servicios
115,2026-03-29,METROBUS CDMX,115.93,Transporte
115,2026-02-27,COLEGIATURA COLEGIO PRIVADO TIJUANA REF726615,115.71,Educacion
116,2026-04-26,COOMEVA MEDICINA PREPAGADA,138.35,Salud
116,2026-04-15,COMBUSTIBLE TERPEL #3446 BOGOTA REF775270,18.78,Transporte
116,2026-04-25,CHEDRAUI,53.09,Alimentacion
116,2026-06-11,AGENCIA DE VIAJES BARRANQUILLA,60.69,Ocio
116,2026-03-12,IZZI TELECOM #9708 BOGOTA REF442399,43.24,Servicios
116,2026-02-16,DISNEY PLUS #6244,11.25,Ocio
116,2026-03-08,CABIFY #665,178.73,Transporte
116,2026-06-26,OXXO #2260,265.11,Alimentacion
116,2026-05-06,OXXO #3950 CARTAGENA,216.22,Alimentacion
117,2026-04-21,CONSULTORIO IMSS #1118,298.52,Salud
117,2026-06-03,FACTURA ACUEDUCTO REF373421,111.08,Servicios
117,2026-06-04,SUPERAMA TIJUANA,265.1,Alimentacion
117,2026-06-26,NETFLIX #3911,76.19,Ocio
117,2026-02-10,STEAM VIDEOJUEGOS #6584 BARRANQUILLA,37.44,Ocio
117,2026-03-04,TELCEL PLAN CELULAR PUEBLA REF340654,73.99,Servicios
117,2026-06-19,STEAM VIDEOJUEGOS,79.2,Ocio
117,2026-05-20,CABIFY,24.62,Transporte
117,2026-05-27,UBER CUCUTA,134.47,Transporte
117,2026-04-07,UBER,206.24,Transporte
117,2026-06-09,BODEGA AURRERA,59.43,Alimentacion
117,2026-06-10,EXITO #1848,216.07,Alimentacion
117,2026-05-15,FARMACIAS DEL AHORRO,273.75,Salud
117,2026-07-25,COMBUSTIBLE TERPEL BARRANQUILLA,198.74,Transporte
117,2026-04-23,TRANSMILENIO,202.03,Transporte
117,2026-03-31,IZZI TELECOM REF615566,85.4,Servicios
117,2026-07-12,CINEPOLIS,127.16,Ocio
117,2026-05-22,FACTURA ENERGIA ENEL CODENSA,117.24,Servicios
118,2026-04-27,CABIFY #6130 CUCUTA,123.02,Transporte
118,2026-05-15,SORIANA BOGOTA,210.62,Alimentacion
118,2026-06-09,CHEDRAUI,139.71,Alimentacion
118,2026-06-17,SUPERAMA REF599651,13.15,Alimentacion
118,2026-02-04,CARULLA,12.35,Alimentacion
118,2026-06-22,CINEPOLIS #9327,49.63,Ocio
118,2026-04-03,SORIANA GUADALAJARA,250.81,Alimentacion
118,2026-05-21,COMBUSTIBLE TERPEL MEDELLIN,55.74,Transporte
118,2026-06-13,IZZI TELECOM #4479 BARRANQUILLA,100.64,Servicios
118,2026-04-11,CHEDRAUI REF690570,67.74,Alimentacion
118,2026-05-19,AGENCIA DE VIAJES,45.21,Ocio
118,2026-04-27,UBER #7841,179.61,Transporte
118,2026-04-27,CLARO HOGAR INTERNET #5781,113.4,Servicios
118,2026-03-27,STEAM VIDEOJUEGOS TIJUANA,16.92,Ocio
118,2026-05-07,TELCEL PLAN CELULAR #7173 BARRANQUILLA,72.87,Servicios
118,2026-05-05,HOME DEPOT MEXICO #8934 REF144832,164.58,Vivienda
118,2026-06-21,DISNEY PLUS,65.11,Ocio
119,2026-07-03,ARA TIENDA,268.25,Alimentacion
119,2026-03-13,COLEGIATURA COLEGIO PRIVADO #1800,41.84,Educacion
119,2026-03-28,CLARO HOGAR INTERNET,117.74,Servicios
119,2026-04-22,WALMART SUPERCENTER,106.65,Alimentacion
119,2026-06-04,WALMART SUPERCENTER,112.04,Alimentacion
119,2026-03-24,IZZI TELECOM #3185,116.83,Servicios
119,2026-04-19,CONSULTORIO IMSS #1283,276.75,Salud
119,2026-05-17,TRANSMILENIO CUCUTA REF132608,200.19,Transporte
119,2026-07-01,SUPERMERCADO D1 REF574584,160.05,Alimentacion
119,2026-04-23,UBER PUEBLA,81.42,Transporte
119,2026-03-02,GASOLINERA PEMEX #9761,167.51,Transporte
119,2026-05-27,CHEDRAUI,75.26,Alimentacion
119,2026-03-03,TELCEL PLAN CELULAR,91.15,Servicios
119,2026-04-25,TELMEX INTERNET HOGAR,63.41,Servicios
119,2026-07-10,CHEDRAUI BARRANQUILLA,180.72,Alimentacion
119,2026-05-31,SUPERAMA,72.5,Alimentacion
119,2026-04-07,AGENCIA DE VIAJES #5175,28.95,Ocio
119,2026-07-24,SORIANA #2203,248.74,Alimentacion
119,2026-04-23,RENTA DEPARTAMENTO #3069,200.9,Vivienda
119,2026-04-07,FARMACIA CRUZ VERDE #2027,159.2,Salud
119,2026-07-12,CABIFY #9948 REF262315,54.17,Transporte
119,2026-06-16,CHEDRAUI #6445,20.12,Alimentacion
119,2026-03-27,FARMACIA CRUZ VERDE #3760,25.27,Salud
119,2026-06-26,CHEDRAUI REF272420,55.56,Alimentacion
119,2026-02-03,BODEGA AURRERA,235.36,Alimentacion
119,2026-04-15,PEAJE AUTOPISTA,66.5,Transporte
120,2026-04-20,DIDI #1529 TIJUANA,80.61,Transporte
120,2026-07-09,CINE COLOMBIA REF269864,116.76,Ocio
120,2026-07-14,CINE COLOMBIA #9044,123.31,Ocio
120,2026-06-24,COURSERA CURSO ONLINE #6870 BOGOTA,359.71,Educacion
120,2026-02-11,DIDI #1082 REF650044,93.89,Transporte
120,2026-03-31,PEAJE AUTOPISTA #2345,166.07,Transporte
120,2026-06-17,COOMEVA MEDICINA PREPAGADA,150.76,Salud
120,2026-06-24,PEAJE AUTOPISTA TIJUANA REF634635,109.51,Transporte
120,2026-04-17,RETIRO CAJERO AUTOMATICO #1289,44.8,Otros
120,2026-04-12,DAVIPLATA,110.49,Otros
120,2026-04-27,WALMART SUPERCENTER TIJUANA,58.4,Alimentacion
120,2026-03-23,TRANSMILENIO PUEBLA,76.31,Transporte
120,2026-03-20,RECARGA OXXO,155.36,Otros
120,2026-02-01,ESTACION SERVICIO PRIMAX #606,51.42,Transporte
120,2026-04-04,TRANSFERENCIA NEQUI BARRANQUILLA,22.1,Otros
120,2026-04-02,TELMEX INTERNET HOGAR #8870,24.32,Servicios
121,2026-03-17,EPS SURA COPAGO #1590,109.67,Salud
121,2026-03-01,SPOTIFY PREMIUM #4494,91.7,Ocio
121,2026-06-13,STEAM VIDEOJUEGOS,101.39,Ocio
121,2026-05-25,GASOLINERA PEMEX #5588,140.93,Transporte
121,2026-02-05,CINE COLOMBIA REF907308,23.95,Ocio
121,2026-04-04,UBER,185.18,Transporte
121,2026-02-19,DISNEY PLUS #4875,72.39,Ocio
121,2026-04-22,TRANSFERENCIA NEQUI,58.02,Otros
121,2026-05-27,CINEPOLIS,58.15,Ocio
121,2026-07-31,CINEPOLIS #6269,9.7,Ocio
121,2026-03-04,JUMBO,43.25,Alimentacion
121,2026-02-21,TRANSFERENCIA MERCADO PAGO BOGOTA,140.14,Otros
121,2026-06-30,COLEGIATURA COLEGIO PRIVADO #7262 REF289902,25.0,Educacion
121,2026-06-29,COMBUSTIBLE TERPEL #1251 MONTERREY,93.31,Transporte
121,2026-02-22,FARMACIAS SIMILARES #9382 MEDELLIN,163.92,Salud
121,2026-05-24,FACTURA CFE #3876 PUEBLA,22.38,Servicios
121,2026-06-05,HOMECENTER MONTERREY,636.54,Vivienda
121,2026-02-24,SORIANA #385 REF876424,68.79,Alimentacion
121,2026-06-05,PLATZI CURSO ONLINE CUCUTA,139.07,Educacion
121,2026-07-31,BODEGA AURRERA #2943,89.03,Alimentacion
122,2026-04-09,DIDI #3904 MEDELLIN,152.52,Transporte
122,2026-05-23,DIDI REF902219,173.36,Transporte
122,2026-02-24,SUPERAMA #8684 REF632214,57.22,Alimentacion
122,2026-02-28,METROBUS CDMX,84.19,Transporte
122,2026-05-22,RECARGA OXXO #6719 CARTAGENA,163.33,Otros
122,2026-07-25,JUMBO,219.74,Alimentacion
122,2026-04-23,MOVISTAR PLAN CELULAR QUERETARO,147.96,Servicios
122,2026-04-14,STEAM VIDEOJUEGOS #8143,99.28,Ocio
122,2026-03-31,JUMBO #4509,112.23,Alimentacion
122,2026-06-11,ARA TIENDA,163.57,Alimentacion
122,2026-03-12,PAGO MULTA TRANSITO #3845 CALI REF829088,122.37,Otros
122,2026-04-11,CARULLA CALI,30.4,Alimentacion
122,2026-07-08,CABIFY #5205 MEDELLIN,118.9,Transporte
122,2026-06-01,CLARO HOGAR INTERNET #7804,110.76,Servicios
122,2026-06-16,ARA TIENDA MEDELLIN,53.5,Alimentacion
122,2026-06-14,AGENCIA DE VIAJES REF659580,102.58,Ocio
122,2026-07-26,EXITO #2914,161.78,Alimentacion
123,2026-02-26,CABIFY #2654,30.5,Transporte
123,2026-07-03,TRANSFERENCIA MERCADO PAGO,97.36,Otros
123,2026-06-27,CLARO HOGAR INTERNET REF495758,83.7,Servicios
123,2026-03-13,CHEDRAUI,106.01,Alimentacion
123,2026-03-20,BAR RESTAURANTE AMIGOS,121.62,Ocio
123,2026-03-25,DIDI,175.5,Transporte
123,2026-05-16,TRANSFERENCIA NEQUI PUEBLA,128.53,Otros
123,2026-06-11,SORIANA #5007,195.72,Alimentacion
123,2026-06-26,COOMEVA MEDICINA PREPAGADA #2511,146.59,Salud
124,2026-04-20,CABIFY #3820,79.07,Transporte
124,2026-07-18,AGENCIA DE VIAJES #3453,46.95,Ocio
124,2026-07-18,SUPERMERCADO D1,264.42,Alimentacion
124,2026-05-02,DIDI REF408230,181.31,Transporte
124,2026-06-19,TRANSFERENCIA MERCADO PAGO #7955 CARTAGENA REF631331,129.2,Otros
124,2026-02-20,CARULLA #9301 BOGOTA,199.03,Alimentacion
124,2026-02-22,NETFLIX #5572,75.26,Ocio
124,2026-03-29,UBER #8570,199.42,Transporte
124,2026-07-14,PEAJE AUTOPISTA #9078,109.25,Transporte
124,2026-04-10,ICETEX CREDITO EDUCATIVO,167.69,Educacion
124,2026-06-05,FARMACIAS DEL AHORRO #3316 CIUDAD DE MEXICO,61.47,Salud
124,2026-06-23,JUMBO #2278 PUEBLA REF938306,214.41,Alimentacion
124,2026-05-25,GASOLINERA PEMEX MEDELLIN REF139280,156.89,Transporte
124,2026-07-11,FACTURA ACUEDUCTO #2813,66.89,Servicios
124,2026-05-26,TELMEX INTERNET HOGAR,18.4,Servicios
124,2026-03-03,STEAM VIDEOJUEGOS REF815084,109.87,Ocio
124,2026-07-26,CINEPOLIS,6.43,Ocio
125,2026-05-27,PEAJE AUTOPISTA #6730 PUEBLA,203.41,Transporte
125,2026-05-29,SUPERMERCADO D1,23.43,Alimentacion
125,2026-04-17,DISNEY PLUS,68.1,Ocio
125,2026-02-12,FARMACIAS SIMILARES CUCUTA REF604547,219.76,Salud
125,2026-06-22,WALMART SUPERCENTER CIUDAD DE MEXICO,234.29,Alimentacion
125,2026-03-28,COMBUSTIBLE TERPEL #6168 CUCUTA,45.85,Transporte
125,2026-05-19,RENTA DEPARTAMENTO,550.0,Vivienda
125,2026-07-10,SUPERMERCADO D1 #9897,153.7,Alimentacion
125,2026-07-08,CARULLA MONTERREY,113.1,Alimentacion
125,2026-07-31,PAGO INFONAVIT,215.86,Vivienda
125,2026-02-02,NETFLIX #6109,113.16,Ocio
125,2026-07-10,ESTACION SERVICIO PRIMAX #5175 REF711176,41.45,Transporte
125,2026-03-28,COLEGIATURA COLEGIO PRIVADO #3249,141.17,Educacion
125,2026-07-15,BODEGA AURRERA #8719 PUEBLA,85.41,Alimentacion
125,2026-05-20,CINEPOLIS #8535 PUEBLA,113.93,Ocio
125,2026-05-01,WALMART SUPERCENTER,184.9,Alimentacion
126,2026-02-11,DIDI #3952,144.8,Transporte
126,2026-07-01,TRANSMILENIO #2643 BOGOTA,20.37,Transporte
126,2026-03-05,CHEDRAUI #1303 CARTAGENA,152.7,Alimentacion
126,2026-02-10,CHEDRAUI #2108,84.78,Alimentacion
126,2026-04-29,CINEPOLIS GUADALAJARA,43.35,Ocio
126,2026-03-26,ARA TIENDA #901 BARRANQUILLA,101.77,Alimentacion
126,2026-05-09,BAR RESTAURANTE AMIGOS,82.66,Ocio
126,2026-02-02,FARMACIAS SIMILARES,110.2,Salud
126,2026-05-07,SUPERMERCADO D1,200.5,Alimentacion
126,2026-06-10,SUPERMERCADO D1 #9994,115.18,Alimentacion
126,2026-02-24,TELCEL PLAN CELULAR #251,24.23,Servicios
126,2026-02-13,COMBUSTIBLE TERPEL #8309 CALI,166.75,Transporte
126,2026-03-02,RECARGA OXXO,58.58,Otros
126,2026-03-13,MOVISTAR PLAN CELULAR #745,73.42,Servicios
126,2026-07-15,METROBUS CDMX #5549 PUEBLA,147.09,Transporte
126,2026-06-02,BAR RESTAURANTE AMIGOS,46.56,Ocio
126,2026-02-15,PAGO INFONAVIT,178.29,Vivienda
127,2026-04-07,FACTURA CFE #170 REF961412,41.86,Servicios
127,2026-03-14,EXITO #1346,118.77,Alimentacion
127,2026-02-18,ARRIENDO APARTAMENTO,525.47,Vivienda
127,2026-07-02,FARMACIA CRUZ VERDE #9605 TIJUANA,43.89,Salud
127,2026-06-10,PAGO MULTA TRANSITO,57.23,Otros
127,2026-05-26,SORIANA #4123 REF236186,81.84,Alimentacion
127,2026-06-09,JUMBO,122.32,Alimentacion
127,2026-03-13,TELMEX INTERNET HOGAR #4831,147.35,Servicios
127,2026-07-31,FACTURA ACUEDUCTO,24.11,Servicios
127,2026-06-16,ARRIENDO APARTAMENTO,409.35,Vivienda
127,2026-04-03,CHEDRAUI #8299,56.63,Alimentacion
127,2026-07-08,AGENCIA DE VIAJES MEDELLIN,126.33,Ocio
127,2026-07-27,DIDI,32.66,Transporte
127,2026-06-20,ADMINISTRACION CONDOMINIO REF166514,351.8,Vivienda
127,2026-02-20,SUPERMERCADO D1 REF894101,201.85,Alimentacion
128,2026-04-19,DEPOSITO BANCO AZTECA MONTERREY,55.65,Otros
128,2026-02-03,ARA TIENDA,84.74,Alimentacion
128,2026-03-11,ARA TIENDA,180.76,Alimentacion
128,2026-07-31,FARMACIAS SIMILARES #6143 BOGOTA REF297216,291.03,Salud
128,2026-04-16,NETFLIX,80.45,Ocio
128,2026-07-07,FARMACIA CRUZ VERDE REF983973,36.94,Salud
128,2026-03-12,SPOTIFY PREMIUM,14.45,Ocio
128,2026-05-30,TELMEX INTERNET HOGAR #632,143.44,Servicios
128,2026-06-26,DIDI #1846 BARRANQUILLA,69.46,Transporte
128,2026-03-18,TELCEL PLAN CELULAR CIUDAD DE MEXICO,27.43,Servicios
128,2026-05-09,METROBUS CDMX #5012 REF399006,129.81,Transporte
128,2026-07-06,CARULLA,172.15,Alimentacion
128,2026-06-30,ESTACION SERVICIO PRIMAX,139.7,Transporte
128,2026-03-13,ARA TIENDA BOGOTA,79.52,Alimentacion
128,2026-02-05,FARMATODO,19.31,Salud
128,2026-07-08,CINEPOLIS #6713 REF540581,125.63,Ocio
128,2026-03-03,FACTURA CFE MEDELLIN,48.87,Servicios
128,2026-03-02,CHEDRAUI #6016 REF266521,185.77,Alimentacion
129,2026-07-27,SUPERMERCADO D1 #9422 REF951703,235.18,Alimentacion
129,2026-05-23,DISNEY PLUS #8450 CIUDAD DE MEXICO REF648379,123.34,Ocio
129,2026-04-23,CINE COLOMBIA #3997 CUCUTA,18.24,Ocio
129,2026-03-05,OXXO #2331,50.26,Alimentacion
129,2026-05-27,TRANSMILENIO,198.95,Transporte
129,2026-02-05,IZZI TELECOM #1977 REF365222,114.43,Servicios
129,2026-05-29,SUPERMERCADO D1,239.58,Alimentacion
129,2026-02-06,EXITO #4195,62.68,Alimentacion
129,2026-07-03,TRANSMILENIO #1945,127.52,Transporte
129,2026-06-30,RETIRO CAJERO AUTOMATICO #5692 CALI REF779438,129.19,Otros
129,2026-05-22,DAVIPLATA,125.62,Otros
129,2026-02-11,TRANSMILENIO CIUDAD DE MEXICO,91.63,Transporte
129,2026-05-28,RECARGA OXXO #8110,12.62,Otros
129,2026-06-09,CHEDRAUI #1076,161.56,Alimentacion
129,2026-03-18,GASOLINERA PEMEX #4676 BOGOTA,60.62,Transporte
130,2026-05-23,TRANSMILENIO #4615,30.38,Transporte
130,2026-04-24,ARA TIENDA #2287 CUCUTA,12.16,Alimentacion
130,2026-04-28,OXXO REF856277,122.73,Alimentacion
130,2026-07-26,SPOTIFY PREMIUM #8562,16.58,Ocio
130,2026-02-10,CARULLA #4733 CUCUTA,204.58,Alimentacion
130,2026-06-15,PAGO INFONAVIT,607.27,Vivienda
130,2026-03-12,FACTURA ENERGIA ENEL CODENSA #420,73.59,Servicios
130,2026-04-14,UBER #3268 QUERETARO,61.74,Transporte
130,2026-02-27,JUMBO,122.94,Alimentacion
130,2026-05-09,STEAM VIDEOJUEGOS #7830,95.43,Ocio
130,2026-04-12,WALMART SUPERCENTER #4051,12.35,Alimentacion
130,2026-07-20,ARRIENDO APARTAMENTO CALI,444.73,Vivienda
130,2026-04-10,SORIANA REF675215,169.46,Alimentacion
130,2026-03-03,MOVISTAR PLAN CELULAR MEDELLIN REF112266,101.09,Servicios
130,2026-07-08,GASOLINERA PEMEX,58.4,Transporte
130,2026-03-16,TRANSMILENIO BARRANQUILLA,152.81,Transporte
130,2026-02-03,COOMEVA MEDICINA PREPAGADA #4639,41.05,Salud
130,2026-07-06,IZZI TELECOM CIUDAD DE MEXICO,41.9,Servicios
130,2026-05-01,BODEGA AURRERA #9531 CIUDAD DE MEXICO,238.14,Alimentacion
131,2026-02-11,FACTURA ENERGIA ENEL CODENSA,76.96,Servicios
131,2026-06-11,CABIFY BOGOTA,156.55,Transporte
131,2026-06-27,TRANSFERENCIA NEQUI #7650 GUADALAJARA,113.14,Otros
131,2026-02-05,ARA TIENDA #5008,184.95,Alimentacion
131,2026-02-06,SUPERMERCADO D1 #224 BOGOTA,31.1,Alimentacion
131,2026-04-11,PAGO MULTA TRANSITO #2681 CALI,171.75,Otros
131,2026-03-18,SUPERMERCADO D1 #8623,228.01,Alimentacion
131,2026-04-07,ADMINISTRACION CONDOMINIO,552.55,Vivienda
131,2026-04-14,BODEGA AURRERA,223.98,Alimentacion
131,2026-07-26,CHEDRAUI #4363,252.5,Alimentacion
131,2026-07-02,JUMBO #8872 REF709644,151.51,Alimentacion
131,2026-07-03,EPS SURA COPAGO QUERETARO,72.08,Salud
131,2026-06-27,BAR RESTAURANTE AMIGOS,82.1,Ocio
131,2026-07-19,SUPERMERCADO D1 CALI,203.15,Alimentacion
131,2026-05-26,SPOTIFY PREMIUM #9148 MONTERREY,97.24,Ocio
131,2026-06-09,PEAJE AUTOPISTA #3021 GUADALAJARA,114.29,Transporte
131,2026-07-13,ARA TIENDA CALI,27.8,Alimentacion
131,2026-05-06,PEAJE AUTOPISTA #5373,84.22,Transporte
131,2026-07-24,EXITO,249.4,Alimentacion
131,2026-07-10,SUPERMERCADO D1,161.96,Alimentacion
131,2026-07-17,IZZI TELECOM MONTERREY,87.67,Servicios
131,2026-02-09,FARMACIA CRUZ VERDE,91.62,Salud
131,2026-07-10,OXXO,105.8,Alimentacion
131,2026-03-28,DISNEY PLUS,116.92,Ocio
131,2026-05-12,SPOTIFY PREMIUM #4834,88.31,Ocio
132,2026-05-30,AGENCIA DE VIAJES #9917 TIJUANA,86.17,Ocio
132,2026-03-09,UBER #8552 CALI,197.26,Transporte
132,2026-04-28,SORIANA #4514,26.64,Alimentacion
132,2026-07-21,TELMEX INTERNET HOGAR #2889,126.34,Servicios
132,2026-02-27,NETFLIX CUCUTA,41.55,Ocio
132,2026-02-19,TRANSFERENCIA MERCADO PAGO #5917 REF754728,85.47,Otros
132,2026-07-19,PAGO INFONAVIT MEDELLIN REF940951,160.96,Vivienda
132,2026-07-30,PAGO INFONAVIT #8760 MONTERREY,300.52,Vivienda
132,2026-04-01,GASOLINERA PEMEX,110.53,Transporte
133,2026-05-30,BAR RESTAURANTE AMIGOS TIJUANA REF380808,56.21,Ocio
133,2026-06-18,CARULLA #6654,180.35,Alimentacion
133,2026-06-28,CINEPOLIS #2698 CIUDAD DE MEXICO,37.53,Ocio
133,2026-07-10,PEAJE AUTOPISTA #1805,41.9,Transporte
133,2026-05-02,NETFLIX TIJUANA,25.06,Ocio
133,2026-06-03,HOMECENTER REF522868,185.25,Vivienda
133,2026-04-02,TELMEX INTERNET HOGAR #3163 QUERETARO REF188716,40.06,Servicios
133,2026-03-18,DIDI,142.84,Transporte
133,2026-03-11,NETFLIX,115.21,Ocio
133,2026-04-03,CLARO HOGAR INTERNET QUERETARO,124.91,Servicios
133,2026-02-18,FACTURA ENERGIA ENEL CODENSA,107.49,Servicios
133,2026-05-27,JUMBO #3641 CARTAGENA REF651773,38.71,Alimentacion
133,2026-07-08,SPOTIFY PREMIUM #3735,41.15,Ocio
133,2026-03-14,BODEGA AURRERA #7742,90.55,Alimentacion
133,2026-06-27,ARA TIENDA #1597 REF327312,74.99,Alimentacion
134,2026-07-10,MATRICULA UNIVERSIDAD NACIONAL,367.67,Educacion
134,2026-04-23,ADMINISTRACION CONDOMINIO,626.41,Vivienda
134,2026-03-19,OXXO,94.95,Alimentacion
134,2026-07-24,RETIRO CAJERO AUTOMATICO BOGOTA,70.25,Otros
134,2026-03-19,STEAM VIDEOJUEGOS CALI,68.2,Ocio
134,2026-03-26,ADMINISTRACION CONJUNTO RESIDENCIAL,620.56,Vivienda
134,2026-04-16,GASOLINERA PEMEX,185.26,Transporte
134,2026-05-04,ADMINISTRACION CONDOMINIO,201.28,Vivienda
134,2026-02-18,EXITO #9990 MEDELLIN,112.11,Alimentacion
134,2026-05-05,FARMACIAS DEL AHORRO #4888 CIUDAD DE MEXICO,172.71,Salud
134,2026-02-26,TRANSFERENCIA MERCADO PAGO #6772 QUERETARO REF326057,95.53,Otros
134,2026-07-08,DISNEY PLUS #7493 CARTAGENA,29.23,Ocio
134,2026-03-20,EXITO,233.29,Alimentacion
134,2026-05-06,NETFLIX,89.62,Ocio
134,2026-06-29,SORIANA #859 REF882597,227.86,Alimentacion
134,2026-07-17,COMBUSTIBLE TERPEL,181.75,Transporte
134,2026-07-25,CINE COLOMBIA #6618 REF899786,98.54,Ocio
134,2026-05-27,METROBUS CDMX #3587 CALI,97.84,Transporte
135,2026-03-29,SORIANA PUEBLA REF756805,69.7,Alimentacion
135,2026-05-25,PEAJE AUTOPISTA CUCUTA,33.51,Transporte
135,2026-04-08,COMBUSTIBLE TERPEL #5080 REF653448,43.06,Transporte
135,2026-03-18,FARMACIAS GUADALAJARA #7913,15.57,Salud
135,2026-02-11,EXITO #6232 REF207452,196.87,Alimentacion
135,2026-03-05,COMBUSTIBLE TERPEL CARTAGENA,156.48,Transporte
135,2026-04-07,FACTURA CFE #3078,84.52,Servicios
135,2026-03-07,COLEGIATURA COLEGIO PRIVADO,85.51,Educacion
135,2026-02-13,TELCEL PLAN CELULAR,26.28,Servicios
135,2026-02-08,PEAJE AUTOPISTA,13.83,Transporte
135,2026-03-05,IZZI TELECOM #8655 MONTERREY,37.38,Servicios
135,2026-05-13,TRANSMILENIO #9362 BOGOTA,188.17,Transporte
135,2026-06-04,CINE COLOMBIA REF979950,35.19,Ocio
135,2026-07-17,CABIFY,80.85,Transporte
135,2026-07-01,COMBUSTIBLE TERPEL,31.07,Transporte
135,2026-05-13,DIDI GUADALAJARA REF326394,54.47,Transporte
135,2026-04-30,CINE COLOMBIA TIJUANA,69.9,Ocio
135,2026-05-20,CLARO HOGAR INTERNET REF958545,97.05,Servicios
135,2026-02-04,DAVIPLATA REF249376,51.71,Otros
136,2026-05-01,PEAJE AUTOPISTA,118.18,Transporte
136,2026-04-26,DISNEY PLUS #4458 MONTERREY,92.05,Ocio
136,2026-04-13,ESTACION SERVICIO PRIMAX MONTERREY,150.43,Transporte
136,2026-05-12,SUPERAMA,54.64,Alimentacion
136,2026-06-23,SPOTIFY PREMIUM #3246,67.51,Ocio
136,2026-06-19,JUMBO BOGOTA,117.11,Alimentacion
136,2026-04-23,CINE COLOMBIA #8519,113.82,Ocio
136,2026-06-12,EXITO #6443 REF800779,174.17,Alimentacion
136,2026-04-26,FARMACIAS GUADALAJARA REF169439,166.76,Salud
136,2026-04-06,CINEPOLIS #1298,19.42,Ocio
136,2026-04-09,CABIFY,131.13,Transporte
136,2026-03-27,CLARO HOGAR INTERNET #6135 BARRANQUILLA,30.82,Servicios
136,2026-06-26,GASOLINERA PEMEX #1053,77.44,Transporte
136,2026-03-11,TELCEL PLAN CELULAR,34.28,Servicios
136,2026-07-19,CONSULTORIO IMSS,212.24,Salud
136,2026-05-25,COLEGIATURA COLEGIO PRIVADO,102.34,Educacion
136,2026-06-02,OXXO CUCUTA REF575913,111.88,Alimentacion
136,2026-06-18,SUPERMERCADO D1,242.88,Alimentacion
136,2026-06-09,SORIANA #9024,63.12,Alimentacion
136,2026-06-05,TRANSFERENCIA NEQUI CALI REF218090,96.33,Otros
136,2026-04-03,COOMEVA MEDICINA PREPAGADA,134.49,Salud
137,2026-03-14,MATRICULA UNAM #3675,119.98,Educacion
137,2026-05-10,GASOLINERA PEMEX REF706922,12.0,Transporte
137,2026-05-20,SORIANA #804 REF388769,198.1,Alimentacion
137,2026-03-17,ICETEX CREDITO EDUCATIVO #4198,225.87,Educacion
137,2026-03-22,SUPERMERCADO D1,227.39,Alimentacion
137,2026-03-03,SUPERMERCADO D1 #2745,223.56,Alimentacion
137,2026-05-05,DISNEY PLUS #3268 CIUDAD DE MEXICO REF672653,110.42,Ocio
137,2026-04-13,CONSULTORIO IMSS,153.25,Salud
137,2026-03-22,TRANSFERENCIA NEQUI,66.72,Otros
137,2026-03-07,SUPERAMA,215.81,Alimentacion
137,2026-04-19,FARMACIA CRUZ VERDE #9743,143.62,Salud
137,2026-06-01,FACTURA ACUEDUCTO #1100,39.76,Servicios
137,2026-07-31,ADMINISTRACION CONDOMINIO BOGOTA,577.49,Vivienda
137,2026-02-09,CABIFY #2900 TIJUANA,186.51,Transporte
137,2026-03-15,SORIANA REF451326,131.24,Alimentacion
137,2026-03-20,MATRICULA UNIVERSIDAD NACIONAL REF176401,53.39,Educacion
137,2026-04-06,CLARO HOGAR INTERNET #9449 PUEBLA,67.36,Servicios
137,2026-06-01,FARMACIA CRUZ VERDE,244.01,Salud
137,2026-06-29,PEAJE AUTOPISTA #9057,190.35,Transporte
137,2026-02-04,RETIRO CAJERO AUTOMATICO,44.59,Otros
137,2026-03-24,TELCEL PLAN CELULAR,24.04,Servicios
137,2026-03-12,COURSERA CURSO ONLINE #5633,354.01,Educacion
137,2026-07-22,FACTURA ACUEDUCTO #7503,67.57,Servicios
137,2026-04-23,IZZI TELECOM #3033 MONTERREY,88.14,Servicios
137,2026-07-15,DISNEY PLUS #7505 MEDELLIN,126.01,Ocio
137,2026-02-22,IZZI TELECOM #8819,23.99,Servicios
138,2026-03-27,DISNEY PLUS MONTERREY,45.15,Ocio
138,2026-07-31,MATRICULA UNIVERSIDAD NACIONAL,107.54,Educacion
138,2026-02-03,CABIFY,80.1,Transporte
138,2026-04-23,COMBUSTIBLE TERPEL,84.51,Transporte
138,2026-06-19,UBER REF230889,23.74,Transporte
138,2026-06-15,PEAJE AUTOPISTA #5713,83.91,Transporte
138,2026-02-25,RENTA DEPARTAMENTO #6556 CARTAGENA,382.12,Vivienda
138,2026-05-24,TRANSMILENIO MONTERREY,154.55,Transporte
138,2026-05-05,COOMEVA MEDICINA PREPAGADA PUEBLA,202.17,Salud
138,2026-03-30,GASOLINERA PEMEX #5471 CARTAGENA,151.75,Transporte
138,2026-02-04,WALMART SUPERCENTER #9528 PUEBLA,12.17,Alimentacion
138,2026-07-04,OXXO REF628986,66.59,Alimentacion
138,2026-05-25,BAR RESTAURANTE AMIGOS #520,87.71,Ocio
138,2026-02-07,PAGO INFONAVIT CARTAGENA,391.99,Vivienda
138,2026-02-09,GASOLINERA PEMEX #3281,11.06,Transporte
138,2026-02-28,DEPOSITO BANCO AZTECA REF604592,146.76,Otros
138,2026-07-22,NETFLIX #5565,101.6,Ocio
138,2026-05-09,WALMART SUPERCENTER #5139 BARRANQUILLA,152.59,Alimentacion
138,2026-04-15,TRANSFERENCIA NEQUI #2942,21.3,Otros
138,2026-07-27,SPOTIFY PREMIUM #7083,100.81,Ocio
138,2026-05-20,HOMECENTER TIJUANA,441.86,Vivienda
139,2026-06-30,WALMART SUPERCENTER #6373,184.5,Alimentacion
139,2026-03-31,IZZI TELECOM,98.76,Servicios
139,2026-05-03,WALMART SUPERCENTER #8525,202.99,Alimentacion
139,2026-04-13,CABIFY,43.98,Transporte
139,2026-04-07,UBER,49.0,Transporte
139,2026-05-06,CINEPOLIS #2845 QUERETARO,116.3,Ocio
139,2026-04-29,COURSERA CURSO ONLINE #5662,306.24,Educacion
139,2026-03-25,FARMACIAS GUADALAJARA,273.85,Salud
139,2026-04-13,BODEGA AURRERA,207.27,Alimentacion
139,2026-05-14,MATRICULA UNIVERSIDAD NACIONAL #202 REF940561,248.93,Educacion
140,2026-05-11,CINE COLOMBIA #3973 MEDELLIN,38.87,Ocio
140,2026-04-14,EXITO #7972 CUCUTA,62.59,Alimentacion
140,2026-03-19,DISNEY PLUS BARRANQUILLA,44.23,Ocio
140,2026-03-26,TELCEL PLAN CELULAR,47.6,Servicios
140,2026-04-10,COURSERA CURSO ONLINE GUADALAJARA,105.59,Educacion
140,2026-03-22,FACTURA CFE BOGOTA REF987056,72.35,Servicios
140,2026-06-17,COURSERA CURSO ONLINE #6142 MEDELLIN,365.44,Educacion
140,2026-06-25,FACTURA ACUEDUCTO MEDELLIN REF736044,83.45,Servicios
140,2026-07-29,RECARGA OXXO #5094 REF874159,41.95,Otros
140,2026-03-12,TRANSFERENCIA MERCADO PAGO #4399,23.09,Otros
140,2026-02-01,NETFLIX,92.02,Ocio
140,2026-05-10,CHEDRAUI #3060,109.53,Alimentacion
140,2026-03-07,UBER CALI,174.37,Transporte
140,2026-02-10,HOMECENTER #1578,479.76,Vivienda
140,2026-04-22,FARMACIAS SIMILARES,241.93,Salud
141,2026-04-09,COURSERA CURSO ONLINE #1137,146.69,Educacion
141,2026-07-24,COOMEVA MEDICINA PREPAGADA,91.81,Salud
141,2026-04-17,CABIFY #9387,48.19,Transporte
141,2026-03-04,RETIRO CAJERO AUTOMATICO,128.09,Otros
141,2026-04-29,JUMBO #9121 CALI,66.87,Alimentacion
141,2026-05-11,MOVISTAR PLAN CELULAR,95.37,Servicios
141,2026-03-27,CINEPOLIS #2101,38.08,Ocio
141,2026-05-28,SORIANA #420,182.11,Alimentacion
141,2026-02-27,AGENCIA DE VIAJES REF568531,106.87,Ocio
141,2026-06-20,DEPOSITO BANCO AZTECA PUEBLA REF173277,142.26,Otros
141,2026-03-26,ARA TIENDA,207.82,Alimentacion
141,2026-03-21,MOVISTAR PLAN CELULAR #5455 MONTERREY,40.34,Servicios
141,2026-07-18,SUPERMERCADO D1 #1714 CARTAGENA,32.98,Alimentacion
141,2026-02-06,DISNEY PLUS #828 MONTERREY,92.37,Ocio
141,2026-02-06,TRANSFERENCIA MERCADO PAGO,72.62,Otros
141,2026-03-17,WALMART SUPERCENTER,122.41,Alimentacion
141,2026-07-21,COMBUSTIBLE TERPEL,16.23,Transporte
141,2026-03-07,JUMBO CIUDAD DE MEXICO,77.49,Alimentacion
141,2026-03-07,TRANSFERENCIA MERCADO PAGO #7640 CALI,15.72,Otros
141,2026-03-03,DEPOSITO BANCO AZTECA #2544 REF865215,159.46,Otros
141,2026-03-23,FARMACIA CRUZ VERDE #3357,84.37,Salud
141,2026-04-02,BODEGA AURRERA,154.91,Alimentacion
142,2026-07-02,SPOTIFY PREMIUM #893,110.61,Ocio
142,2026-04-18,CARULLA,74.74,Alimentacion
142,2026-06-28,DISNEY PLUS #1562 CIUDAD DE MEXICO,77.09,Ocio
142,2026-02-12,ARRIENDO APARTAMENTO #622,183.63,Vivienda
142,2026-06-07,CONSULTORIO IMSS PUEBLA,42.05,Salud
142,2026-02-12,BODEGA AURRERA #6330,269.71,Alimentacion
142,2026-07-05,SUPERAMA,94.93,Alimentacion
142,2026-02-21,JUMBO #1576 MONTERREY,204.53,Alimentacion
142,2026-06-27,STEAM VIDEOJUEGOS,105.83,Ocio
142,2026-02-02,JUMBO #380,233.09,Alimentacion
142,2026-02-14,DAVIPLATA REF878160,179.6,Otros
142,2026-02-04,ARA TIENDA,72.79,Alimentacion
142,2026-06-13,NETFLIX GUADALAJARA REF388842,10.04,Ocio
142,2026-06-28,UBER,92.24,Transporte
142,2026-07-25,EXITO #1327,43.82,Alimentacion
142,2026-06-20,CHEDRAUI,15.83,Alimentacion
142,2026-07-10,AGENCIA DE VIAJES #2825 REF853759,50.05,Ocio
142,2026-07-04,COMBUSTIBLE TERPEL #2229 BARRANQUILLA,166.75,Transporte
142,2026-07-30,GASOLINERA PEMEX TIJUANA,123.24,Transporte
142,2026-04-19,JUMBO #1060 PUEBLA,91.32,Alimentacion
142,2026-05-14,ADMINISTRACION CONDOMINIO,477.17,Vivienda
142,2026-06-17,TELMEX INTERNET HOGAR #5802,46.32,Servicios
142,2026-07-31,HOMECENTER #1843 BARRANQUILLA,157.19,Vivienda
142,2026-07-22,OXXO #2041,208.73,Alimentacion
142,2026-07-08,SORIANA CIUDAD DE MEXICO,172.17,Alimentacion
142,2026-02-10,BAR RESTAURANTE AMIGOS,100.29,Ocio
143,2026-04-04,EXITO CARTAGENA,161.05,Alimentacion
143,2026-06-03,OXXO #7521 BOGOTA,267.58,Alimentacion
143,2026-03-28,COMBUSTIBLE TERPEL MONTERREY,161.35,Transporte
143,2026-05-03,DIDI #3320 PUEBLA,98.46,Transporte
143,2026-06-09,STEAM VIDEOJUEGOS #7136,93.42,Ocio
143,2026-04-10,EXITO #3382 REF949206,111.2,Alimentacion
143,2026-03-04,PAGO INFONAVIT #6549 REF470392,264.44,Vivienda
143,2026-07-23,ARA TIENDA,165.18,Alimentacion
143,2026-07-25,JUMBO #7072 CARTAGENA,251.33,Alimentacion
143,2026-05-28,FARMATODO #9742,279.8,Salud
143,2026-07-14,SUPERAMA #3965,98.9,Alimentacion
144,2026-07-15,FARMACIAS DEL AHORRO,144.61,Salud
144,2026-02-28,CABIFY #8322 PUEBLA,144.96,Transporte
144,2026-06-04,PAGO MULTA TRANSITO,125.18,Otros
144,2026-04-25,MOVISTAR PLAN CELULAR #7292,65.37,Servicios
144,2026-05-19,CINEPOLIS #6358 REF608512,122.71,Ocio
144,2026-04-11,RENTA DEPARTAMENTO #4460 CALI,233.68,Vivienda
144,2026-07-02,OXXO,140.09,Alimentacion
144,2026-02-12,MATRICULA UNAM BARRANQUILLA REF551712,284.08,Educacion
144,2026-06-18,ARA TIENDA #8547,191.26,Alimentacion
144,2026-02-20,SORIANA #2694,178.65,Alimentacion
144,2026-06-01,FARMACIAS DEL AHORRO #9041,93.46,Salud
144,2026-04-08,PEAJE AUTOPISTA,41.24,Transporte
144,2026-03-16,ARRIENDO APARTAMENTO #7381,467.97,Vivienda
144,2026-07-13,CINEPOLIS,79.91,Ocio
144,2026-07-01,MATRICULA UNAM REF894645,92.26,Educacion
144,2026-04-10,UBER,151.03,Transporte
144,2026-05-26,PLATZI CURSO ONLINE #288 REF126941,195.69,Educacion
144,2026-06-15,BAR RESTAURANTE AMIGOS #7854,88.47,Ocio
144,2026-02-10,PAGO MULTA TRANSITO CIUDAD DE MEXICO REF779426,152.35,Otros
144,2026-05-23,SUPERMERCADO D1,54.13,Alimentacion
144,2026-04-22,FARMACIAS SIMILARES,20.46,Salud
144,2026-06-03,AGENCIA DE VIAJES BOGOTA,102.39,Ocio
144,2026-05-02,FACTURA CFE PUEBLA,97.31,Servicios
144,2026-02-09,METROBUS CDMX REF397918,149.93,Transporte
144,2026-07-04,RECARGA OXXO QUERETARO,152.49,Otros
144,2026-02-17,CONSULTORIO IMSS,243.8,Salud
145,2026-03-14,TELCEL PLAN CELULAR PUEBLA,92.3,Servicios
145,2026-03-23,JUMBO,82.02,Alimentacion
145,2026-06-21,ESTACION SERVICIO PRIMAX #2605 REF249253,194.26,Transporte
145,2026-03-15,PLATZI CURSO ONLINE TIJUANA,243.7,Educacion
145,2026-06-05,NETFLIX,79.11,Ocio
145,2026-04-11,DIDI,80.98,Transporte
145,2026-04-09,JUMBO #2579,23.52,Alimentacion
145,2026-07-03,SPOTIFY PREMIUM #1138 MEDELLIN,8.97,Ocio
145,2026-06-09,CINE COLOMBIA #9925 REF960617,57.92,Ocio
145,2026-05-05,FACTURA ACUEDUCTO #7884,26.42,Servicios
145,2026-04-20,ARA TIENDA #4269,167.78,Alimentacion
145,2026-05-15,COMBUSTIBLE TERPEL,186.19,Transporte
145,2026-06-12,CINEPOLIS #1695,115.36,Ocio
145,2026-04-02,FACTURA CFE #9393,103.97,Servicios
145,2026-06-29,CONSULTORIO IMSS REF640842,75.2,Salud
145,2026-04-20,FACTURA ENERGIA ENEL CODENSA,131.5,Servicios
145,2026-07-05,DISNEY PLUS #1404,115.76,Ocio
146,2026-02-24,TELCEL PLAN CELULAR,23.42,Servicios
146,2026-03-13,MOVISTAR PLAN CELULAR,60.26,Servicios
146,2026-05-09,PEAJE AUTOPISTA #5217,23.4,Transporte
146,2026-02-24,GASOLINERA PEMEX REF230145,205.07,Transporte
146,2026-04-30,BODEGA AURRERA TIJUANA,222.41,Alimentacion
146,2026-04-14,SORIANA MEDELLIN REF182424,231.66,Alimentacion
146,2026-04-21,FACTURA ENERGIA ENEL CODENSA #9864,141.63,Servicios
146,2026-04-27,WALMART SUPERCENTER #2160 PUEBLA,32.13,Alimentacion
146,2026-05-15,BAR RESTAURANTE AMIGOS #905 TIJUANA,53.2,Ocio
146,2026-04-26,FARMACIAS DEL AHORRO REF407565,35.24,Salud
146,2026-03-11,COURSERA CURSO ONLINE,104.05,Educacion
146,2026-06-20,TELCEL PLAN CELULAR #919,45.96,Servicios
146,2026-03-16,JUMBO #6066,131.97,Alimentacion
146,2026-06-12,TRANSFERENCIA MERCADO PAGO #5154,55.66,Otros
146,2026-04-19,FARMACIA CRUZ VERDE #4073,43.78,Salud
146,2026-05-18,DEPOSITO BANCO AZTECA #3119,38.47,Otros
146,2026-07-18,SORIANA,48.29,Alimentacion
146,2026-04-07,SUPERAMA #3159 CALI,263.0,Alimentacion
147,2026-04-23,IZZI TELECOM #2300,46.39,Servicios
147,2026-05-28,CARULLA #1737 MONTERREY,43.72,Alimentacion
147,2026-03-03,BAR RESTAURANTE AMIGOS MONTERREY REF597638,37.06,Ocio
147,2026-06-17,BAR RESTAURANTE AMIGOS #8202 REF182976,49.41,Ocio
147,2026-06-27,STEAM VIDEOJUEGOS #323,89.25,Ocio
147,2026-04-14,MATRICULA UNAM,48.46,Educacion
147,2026-03-31,CARULLA MONTERREY,64.73,Alimentacion
147,2026-03-17,DIDI #9745,171.8,Transporte
147,2026-03-22,OXXO #2865,48.2,Alimentacion
147,2026-05-09,SUPERMERCADO D1 #9233,99.09,Alimentacion
147,2026-07-23,DAVIPLATA,156.99,Otros
147,2026-06-24,TELCEL PLAN CELULAR #6119 GUADALAJARA,35.91,Servicios
147,2026-04-08,DEPOSITO BANCO AZTECA CUCUTA REF847556,24.07,Otros
147,2026-02-07,PEAJE AUTOPISTA,106.91,Transporte
147,2026-04-21,HOME DEPOT MEXICO GUADALAJARA,301.21,Vivienda
147,2026-06-19,COOMEVA MEDICINA PREPAGADA,175.57,Salud
147,2026-07-13,NETFLIX #9194,105.48,Ocio
147,2026-07-14,DAVIPLATA REF987928,33.32,Otros
147,2026-02-19,BAR RESTAURANTE AMIGOS,77.59,Ocio
147,2026-03-14,SORIANA,141.43,Alimentacion
147,2026-05-14,DISNEY PLUS #3859,23.01,Ocio
147,2026-04-21,SUPERAMA,172.24,Alimentacion
147,2026-06-17,PEAJE AUTOPISTA #1197,64.73,Transporte
148,2026-03-17,HOMECENTER #7104 MONTERREY,379.22,Vivienda
148,2026-03-12,RECARGA OXXO #9975,133.25,Otros
148,2026-02-10,SUPERAMA,159.31,Alimentacion
148,2026-05-27,ESTACION SERVICIO PRIMAX #7579,143.44,Transporte
148,2026-03-18,RECARGA OXXO #9404,142.1,Otros
148,2026-05-14,DISNEY PLUS,112.78,Ocio
148,2026-04-07,PLATZI CURSO ONLINE #2276 REF980537,142.7,Educacion
148,2026-02-28,FACTURA CFE #696,87.63,Servicios
148,2026-03-11,BAR RESTAURANTE AMIGOS CALI,110.01,Ocio
148,2026-02-16,IZZI TELECOM #3957 MEDELLIN REF218205,148.58,Servicios
148,2026-06-17,IZZI TELECOM #2674,135.09,Servicios
148,2026-06-24,NETFLIX,51.43,Ocio
148,2026-03-20,CARULLA #3868 BOGOTA REF825263,60.74,Alimentacion
148,2026-02-20,DIDI #842,107.88,Transporte
148,2026-06-13,AGENCIA DE VIAJES MONTERREY REF409824,97.71,Ocio
148,2026-05-11,ESTACION SERVICIO PRIMAX #3954,108.51,Transporte
149,2026-06-12,NETFLIX MONTERREY,46.03,Ocio
149,2026-07-06,DIDI,100.8,Transporte
149,2026-04-19,ARA TIENDA,208.24,Alimentacion
149,2026-03-03,ARRIENDO APARTAMENTO #4670,213.0,Vivienda
149,2026-02-10,ESTACION SERVICIO PRIMAX #854,49.28,Transporte
149,2026-04-28,GASOLINERA PEMEX #313,200.29,Transporte
149,2026-06-04,ESTACION SERVICIO PRIMAX,45.1,Transporte
149,2026-03-02,MATRICULA UNIVERSIDAD NACIONAL REF743949,237.9,Educacion
149,2026-06-12,METROBUS CDMX #346,125.86,Transporte
149,2026-03-09,PEAJE AUTOPISTA #9176 MONTERREY,107.92,Transporte
150,2026-03-11,METROBUS CDMX,47.05,Transporte
150,2026-04-28,SPOTIFY PREMIUM #8051 REF132122,39.83,Ocio
150,2026-04-26,FARMACIAS SIMILARES #7530,77.33,Salud
150,2026-05-01,BODEGA AURRERA #464 REF835620,57.54,Alimentacion
150,2026-05-15,PEAJE AUTOPISTA REF115406,175.14,Transporte
150,2026-03-07,COLEGIATURA COLEGIO PRIVADO,132.14,Educacion
150,2026-03-23,CABIFY,195.42,Transporte
150,2026-06-26,ESTACION SERVICIO PRIMAX #7586 MEDELLIN,203.99,Transporte
150,2026-02-16,BAR RESTAURANTE AMIGOS REF805664,76.41,Ocio
150,2026-06-16,CINEPOLIS #9802 REF379205,22.88,Ocio
150,2026-04-07,BODEGA AURRERA,107.38,Alimentacion
150,2026-07-05,JUMBO,217.41,Alimentacion
150,2026-07-20,DAVIPLATA,72.46,Otros
151,2026-07-27,BODEGA AURRERA #6115 REF702430,184.92,Alimentacion
151,2026-04-18,ARRIENDO APARTAMENTO #6642 QUERETARO,260.25,Vivienda
151,2026-04-02,COMBUSTIBLE TERPEL #3561,53.64,Transporte
151,2026-05-21,COLEGIATURA COLEGIO PRIVADO #9274,352.78,Educacion
151,2026-04-07,CARULLA #8565 QUERETARO,74.91,Alimentacion
151,2026-04-27,SUPERMERCADO D1 MONTERREY,78.44,Alimentacion
151,2026-07-16,CARULLA #5857,10.17,Alimentacion
151,2026-07-04,BODEGA AURRERA #116,236.37,Alimentacion
151,2026-07-20,COURSERA CURSO ONLINE #3146,322.22,Educacion
151,2026-03-08,COOMEVA MEDICINA PREPAGADA,193.79,Salud
151,2026-02-07,EXITO #1261,205.07,Alimentacion
151,2026-05-13,CHEDRAUI #1519,49.53,Alimentacion
151,2026-03-20,STEAM VIDEOJUEGOS TIJUANA REF695053,62.29,Ocio
151,2026-05-21,CINE COLOMBIA REF369579,48.9,Ocio
151,2026-03-22,PAGO INFONAVIT #1543,196.89,Vivienda
151,2026-07-13,RENTA DEPARTAMENTO #5193 REF907940,393.07,Vivienda
151,2026-04-19,WALMART SUPERCENTER #5863,249.39,Alimentacion
151,2026-05-27,SUPERMERCADO D1 #4962 QUERETARO,20.42,Alimentacion
151,2026-03-14,CINE COLOMBIA #2580 REF386270,41.43,Ocio
151,2026-05-28,DIDI #9738,51.51,Transporte
151,2026-05-11,TRANSFERENCIA MERCADO PAGO,50.48,Otros
151,2026-05-16,FARMACIAS SIMILARES,273.9,Salud
151,2026-04-09,CABIFY REF955957,103.61,Transporte
151,2026-07-11,HOME DEPOT MEXICO #5999,383.15,Vivienda
152,2026-05-07,BODEGA AURRERA #259,225.16,Alimentacion
152,2026-07-24,HOMECENTER #8183,235.35,Vivienda
152,2026-04-04,FACTURA ACUEDUCTO MEDELLIN,19.11,Servicios
152,2026-04-09,FARMACIAS SIMILARES #412 BARRANQUILLA,73.27,Salud
152,2026-02-23,FACTURA ENERGIA ENEL CODENSA TIJUANA REF851919,60.96,Servicios
152,2026-07-31,TRANSMILENIO #4491 REF285730,112.12,Transporte
152,2026-03-09,RECARGA OXXO #7271,114.57,Otros
152,2026-07-19,COMBUSTIBLE TERPEL #6943,192.12,Transporte
152,2026-02-14,CARULLA #3099,142.56,Alimentacion
152,2026-03-27,FACTURA CFE #5667 BARRANQUILLA REF975302,82.67,Servicios
152,2026-03-13,CHEDRAUI,23.06,Alimentacion
152,2026-07-24,WALMART SUPERCENTER,19.08,Alimentacion
152,2026-05-19,HOME DEPOT MEXICO BOGOTA,425.58,Vivienda
152,2026-03-05,ADMINISTRACION CONDOMINIO #5081 REF823548,369.09,Vivienda
152,2026-03-24,JUMBO #614,228.19,Alimentacion
152,2026-06-05,FACTURA CFE #8992 PUEBLA,36.69,Servicios
152,2026-05-01,PLATZI CURSO ONLINE REF671938,34.36,Educacion
152,2026-07-20,TRANSMILENIO,99.81,Transporte
152,2026-03-06,ESTACION SERVICIO PRIMAX #6777,57.5,Transporte
152,2026-03-13,EXITO #7120,22.9,Alimentacion
153,2026-02-04,IZZI TELECOM #4058,67.93,Servicios
153,2026-03-05,MOVISTAR PLAN CELULAR,116.35,Servicios
153,2026-04-26,TELMEX INTERNET HOGAR CIUDAD DE MEXICO,31.94,Servicios
153,2026-07-29,EPS SURA COPAGO #231 TIJUANA,235.24,Salud
153,2026-06-14,ARA TIENDA REF510164,71.6,Alimentacion
153,2026-02-12,METROBUS CDMX BOGOTA,145.48,Transporte
153,2026-07-07,HOME DEPOT MEXICO CUCUTA,432.89,Vivienda
153,2026-02-08,EXITO,251.58,Alimentacion
153,2026-05-28,ARA TIENDA #8963,110.7,Alimentacion
153,2026-06-05,SUPERMERCADO D1 CIUDAD DE MEXICO,27.2,Alimentacion
153,2026-04-06,FARMACIA CRUZ VERDE #5580,20.46,Salud
153,2026-03-09,PEAJE AUTOPISTA,175.37,Transporte
153,2026-04-21,RETIRO CAJERO AUTOMATICO #9825,99.21,Otros
153,2026-06-25,ARA TIENDA #3035,211.56,Alimentacion
153,2026-07-25,UBER GUADALAJARA,56.89,Transporte
153,2026-06-04,CLARO HOGAR INTERNET #7389 CARTAGENA,61.59,Servicios
153,2026-02-26,FACTURA ENERGIA ENEL CODENSA #7168 REF778465,19.06,Servicios
153,2026-03-28,CLARO HOGAR INTERNET #8692,144.8,Servicios
153,2026-03-25,TELMEX INTERNET HOGAR,105.16,Servicios
153,2026-05-12,PEAJE AUTOPISTA #9115,196.64,Transporte
154,2026-07-19,IZZI TELECOM #1643,142.87,Servicios
154,2026-02-02,FARMACIAS GUADALAJARA,267.18,Salud
154,2026-03-31,CINE COLOMBIA #6251 REF710150,97.38,Ocio
154,2026-07-18,DEPOSITO BANCO AZTECA,57.17,Otros
154,2026-02-24,CLARO HOGAR INTERNET #7911 BOGOTA REF324134,53.02,Servicios
154,2026-02-12,CABIFY,202.67,Transporte
154,2026-06-28,ARRIENDO APARTAMENTO #4645 BARRANQUILLA,155.14,Vivienda
154,2026-04-30,PAGO INFONAVIT CIUDAD DE MEXICO,508.02,Vivienda
154,2026-07-28,CINE COLOMBIA,93.28,Ocio
154,2026-06-05,SUPERAMA #930 QUERETARO,171.9,Alimentacion
154,2026-06-29,TRANSFERENCIA NEQUI,178.32,Otros
154,2026-04-16,FACTURA ACUEDUCTO #3277 CALI,57.1,Servicios
154,2026-07-17,COMBUSTIBLE TERPEL #6585 TIJUANA,77.99,Transporte
154,2026-04-21,TRANSMILENIO,25.79,Transporte
154,2026-02-15,ARRIENDO APARTAMENTO MEDELLIN,371.4,Vivienda
154,2026-02-26,BODEGA AURRERA #1312,77.87,Alimentacion
154,2026-07-24,SUPERMERCADO D1,99.28,Alimentacion
154,2026-06-23,PEAJE AUTOPISTA CIUDAD DE MEXICO,176.91,Transporte
154,2026-04-29,CINE COLOMBIA REF158591,121.94,Ocio
154,2026-04-22,UBER,47.15,Transporte
154,2026-04-22,NETFLIX #6555 REF637022,51.56,Ocio
154,2026-05-16,COMBUSTIBLE TERPEL #4801,195.73,Transporte
155,2026-06-13,MATRICULA UNAM,201.61,Educacion
155,2026-04-06,TELCEL PLAN CELULAR #5052,104.36,Servicios
155,2026-06-24,SUPERMERCADO D1 #7208 REF409872,205.31,Alimentacion
155,2026-02-14,SORIANA,206.01,Alimentacion
155,2026-02-19,STEAM VIDEOJUEGOS #2578 MONTERREY,77.24,Ocio
155,2026-02-06,RETIRO CAJERO AUTOMATICO,163.74,Otros
155,2026-07-10,TELCEL PLAN CELULAR #4033,125.35,Servicios
155,2026-06-27,TELCEL PLAN CELULAR #3393,117.2,Servicios
155,2026-02-11,FACTURA CFE REF483394,22.51,Servicios
155,2026-07-23,OXXO #4122 CUCUTA,11.79,Alimentacion
155,2026-04-19,COOMEVA MEDICINA PREPAGADA #6093,75.55,Salud
155,2026-02-05,JUMBO #7749,182.52,Alimentacion
155,2026-05-24,CINEPOLIS #7530,56.4,Ocio
155,2026-04-28,TELMEX INTERNET HOGAR,69.32,Servicios
155,2026-07-15,CINEPOLIS #9842,115.57,Ocio
155,2026-03-16,GASOLINERA PEMEX #3001,189.11,Transporte
155,2026-05-14,FACTURA ENERGIA ENEL CODENSA,137.74,Servicios
155,2026-04-27,STEAM VIDEOJUEGOS #6638,44.23,Ocio
155,2026-06-27,BAR RESTAURANTE AMIGOS #7418 CUCUTA REF389599,91.38,Ocio
155,2026-05-19,BODEGA AURRERA CIUDAD DE MEXICO REF953160,80.62,Alimentacion
155,2026-05-29,SUPERAMA,59.56,Alimentacion
155,2026-05-11,EPS SURA COPAGO,67.62,Salud
156,2026-02-07,FACTURA ENERGIA ENEL CODENSA #6860 GUADALAJARA,86.75,Servicios
156,2026-05-01,ARRIENDO APARTAMENTO REF656615,293.97,Vivienda
156,2026-07-08,ADMINISTRACION CONJUNTO RESIDENCIAL QUERETARO,396.41,Vivienda
156,2026-06-16,ADMINISTRACION CONDOMINIO #2662 TIJUANA,299.97,Vivienda
156,2026-02-08,PEAJE AUTOPISTA TIJUANA,129.22,Transporte
156,2026-02-08,SPOTIFY PREMIUM #2780,59.23,Ocio
156,2026-06-05,OXXO #5694,52.75,Alimentacion
156,2026-04-18,RENTA DEPARTAMENTO #9558,208.29,Vivienda
156,2026-07-20,CHEDRAUI #4665,152.14,Alimentacion
156,2026-03-16,HOME DEPOT MEXICO,601.21,Vivienda
156,2026-06-23,WALMART SUPERCENTER #8605 REF126547,99.43,Alimentacion
156,2026-02-12,DISNEY PLUS CALI,96.63,Ocio
156,2026-03-07,TRANSFERENCIA NEQUI #533,121.97,Otros
156,2026-02-21,FACTURA ACUEDUCTO CIUDAD DE MEXICO,140.76,Servicios
157,2026-06-22,MATRICULA UNIVERSIDAD NACIONAL #3345,334.96,Educacion
157,2026-02-20,BAR RESTAURANTE AMIGOS #538 REF861532,105.12,Ocio
157,2026-05-02,DEPOSITO BANCO AZTECA #2194,27.76,Otros
157,2026-02-18,DEPOSITO BANCO AZTECA CUCUTA REF258100,108.07,Otros
157,2026-06-17,IZZI TELECOM #3214,77.64,Servicios
157,2026-06-05,WALMART SUPERCENTER,40.86,Alimentacion
157,2026-07-23,COOMEVA MEDICINA PREPAGADA #7034,294.46,Salud
157,2026-03-23,SPOTIFY PREMIUM,31.84,Ocio
157,2026-06-10,BODEGA AURRERA #2079,27.48,Alimentacion
157,2026-03-12,ESTACION SERVICIO PRIMAX #2142 MEDELLIN,128.97,Transporte
157,2026-03-27,OXXO REF193994,202.11,Alimentacion
157,2026-05-26,TELCEL PLAN CELULAR,19.38,Servicios
157,2026-06-06,CONSULTORIO IMSS #7351 REF320012,202.73,Salud
157,2026-02-19,ICETEX CREDITO EDUCATIVO #2744,224.61,Educacion
157,2026-03-09,BODEGA AURRERA #2622,36.85,Alimentacion
157,2026-05-02,SUPERAMA REF869919,54.86,Alimentacion
157,2026-05-30,DIDI #5630 TIJUANA REF508537,123.59,Transporte
157,2026-07-14,RECARGA OXXO,60.38,Otros
157,2026-05-22,RETIRO CAJERO AUTOMATICO TIJUANA,169.51,Otros
157,2026-06-30,ARA TIENDA #5265 MONTERREY,222.87,Alimentacion
157,2026-07-17,TELMEX INTERNET HOGAR #1275 CIUDAD DE MEXICO REF793211,147.78,Servicios
157,2026-04-29,CINEPOLIS QUERETARO,37.46,Ocio
157,2026-05-28,UBER REF433888,203.94,Transporte
158,2026-07-13,HOME DEPOT MEXICO #1516,378.96,Vivienda
158,2026-07-08,SUPERAMA #7116 PUEBLA,68.9,Alimentacion
158,2026-03-26,BAR RESTAURANTE AMIGOS CARTAGENA,81.75,Ocio
158,2026-04-11,CABIFY #108 REF276923,60.57,Transporte
158,2026-06-23,COURSERA CURSO ONLINE #8228 QUERETARO,241.61,Educacion
158,2026-02-23,TRANSMILENIO,81.84,Transporte
158,2026-04-01,PEAJE AUTOPISTA REF648635,174.71,Transporte
158,2026-06-14,SUPERMERCADO D1 #8027 PUEBLA,223.38,Alimentacion
158,2026-03-06,SUPERAMA #563,134.11,Alimentacion
158,2026-06-01,COLEGIATURA COLEGIO PRIVADO,156.56,Educacion
158,2026-02-03,TRANSFERENCIA NEQUI,71.64,Otros
158,2026-05-13,MOVISTAR PLAN CELULAR #1602,123.77,Servicios
158,2026-06-15,OXXO,95.33,Alimentacion
159,2026-03-29,CARULLA REF466063,129.37,Alimentacion
159,2026-05-20,FARMACIAS DEL AHORRO,101.44,Salud
159,2026-05-14,NETFLIX #6995,121.57,Ocio
159,2026-05-13,DIDI #4978,33.73,Transporte
159,2026-02-05,RETIRO CAJERO AUTOMATICO #3398,168.74,Otros
159,2026-05-12,PLATZI CURSO ONLINE CIUDAD DE MEXICO,281.45,Educacion
159,2026-03-09,IZZI TELECOM #9747,86.76,Servicios
159,2026-03-09,CABIFY REF765834,16.53,Transporte
159,2026-07-19,CLARO HOGAR INTERNET,79.21,Servicios
159,2026-06-20,IZZI TELECOM CARTAGENA REF654713,70.05,Servicios
159,2026-02-24,CINE COLOMBIA #3946,25.15,Ocio
159,2026-05-07,PEAJE AUTOPISTA,141.28,Transporte
160,2026-05-18,RENTA DEPARTAMENTO CARTAGENA,619.24,Vivienda
160,2026-05-14,FARMACIAS DEL AHORRO,203.61,Salud
160,2026-02-26,TELCEL PLAN CELULAR,25.37,Servicios
160,2026-04-18,JUMBO #7487 PUEBLA,102.21,Alimentacion
160,2026-06-18,PEAJE AUTOPISTA,120.13,Transporte
160,2026-03-31,EXITO REF858068,114.83,Alimentacion
160,2026-03-20,MOVISTAR PLAN CELULAR,127.54,Servicios
160,2026-03-07,CINEPOLIS #2683 BOGOTA,106.83,Ocio
160,2026-03-31,COMBUSTIBLE TERPEL GUADALAJARA,132.37,Transporte
160,2026-04-28,PEAJE AUTOPISTA #4803,84.69,Transporte
160,2026-05-21,CABIFY CUCUTA REF416430,61.07,Transporte
160,2026-07-18,CINEPOLIS #1150 PUEBLA,18.23,Ocio
160,2026-07-02,TRANSFERENCIA NEQUI REF916615,70.33,Otros
160,2026-03-01,CHEDRAUI #6546,117.42,Alimentacion
160,2026-07-31,UBER,145.16,Transporte
160,2026-07-14,BAR RESTAURANTE AMIGOS PUEBLA,87.27,Ocio
160,2026-04-23,UBER QUERETARO,24.02,Transporte
160,2026-05-17,CARULLA #8980 REF314647,112.77,Alimentacion
160,2026-07-23,TRANSFERENCIA NEQUI TIJUANA,40.9,Otros
161,2026-02-12,GASOLINERA PEMEX #6761 MEDELLIN REF343259,185.87,Transporte
161,2026-04-21,DIDI,121.41,Transporte
161,2026-03-08,FARMACIA CRUZ VERDE #5241,80.94,Salud
161,2026-02-14,PAGO MULTA TRANSITO REF943807,95.41,Otros
161,2026-04-03,SUPERAMA,200.19,Alimentacion
161,2026-04-29,COMBUSTIBLE TERPEL #5318 CUCUTA,201.62,Transporte
161,2026-04-22,ADMINISTRACION CONJUNTO RESIDENCIAL #9260,260.22,Vivienda
161,2026-06-21,METROBUS CDMX,187.24,Transporte
161,2026-06-27,SUPERMERCADO D1 CUCUTA REF117030,252.92,Alimentacion
161,2026-04-03,ESTACION SERVICIO PRIMAX #263 CUCUTA REF528124,193.28,Transporte
161,2026-07-29,ESTACION SERVICIO PRIMAX,137.08,Transporte
161,2026-05-12,DIDI #7937,135.96,Transporte
161,2026-06-17,EXITO #6165 MEDELLIN,114.83,Alimentacion
161,2026-06-18,HOME DEPOT MEXICO,526.2,Vivienda
162,2026-03-05,CABIFY #8950 MEDELLIN,118.06,Transporte
162,2026-06-28,FARMACIA CRUZ VERDE #2771,255.73,Salud
162,2026-03-14,UBER #6876,96.26,Transporte
162,2026-03-27,SPOTIFY PREMIUM,52.38,Ocio
162,2026-07-19,GASOLINERA PEMEX #9942 REF376519,193.01,Transporte
162,2026-06-24,PEAJE AUTOPISTA #7320 TIJUANA,60.23,Transporte
162,2026-03-04,ESTACION SERVICIO PRIMAX #5288,178.84,Transporte
162,2026-06-24,FARMACIAS GUADALAJARA #8845 BARRANQUILLA,152.95,Salud
162,2026-07-12,RENTA DEPARTAMENTO #3174,407.05,Vivienda
162,2026-03-22,FARMATODO #1508 REF580132,102.91,Salud
162,2026-02-24,WALMART SUPERCENTER,158.99,Alimentacion
162,2026-02-04,CARULLA #910,94.55,Alimentacion
162,2026-03-03,SUPERAMA,20.21,Alimentacion
162,2026-07-03,COLEGIATURA COLEGIO PRIVADO #5915 CARTAGENA,127.0,Educacion
163,2026-03-11,CHEDRAUI,219.41,Alimentacion
163,2026-04-26,CABIFY #4839 MEDELLIN,199.35,Transporte
163,2026-06-12,FACTURA CFE,69.03,Servicios
163,2026-06-10,HOME DEPOT MEXICO,541.65,Vivienda
163,2026-03-26,PLATZI CURSO ONLINE #403,124.72,Educacion
163,2026-02-24,STEAM VIDEOJUEGOS #7712 CALI REF492367,128.79,Ocio
163,2026-05-27,TELMEX INTERNET HOGAR #5231 TIJUANA,18.48,Servicios
163,2026-04-16,CLARO HOGAR INTERNET #3527 PUEBLA,96.48,Servicios
163,2026-06-21,SUPERMERCADO D1 #8259,181.47,Alimentacion
163,2026-07-10,ADMINISTRACION CONDOMINIO #6954 CIUDAD DE MEXICO,494.02,Vivienda
163,2026-06-23,BODEGA AURRERA #6143,41.3,Alimentacion
163,2026-05-12,SPOTIFY PREMIUM #6825 CALI,122.32,Ocio
163,2026-06-22,FARMACIAS SIMILARES #4103,66.64,Salud
164,2026-05-26,RECARGA OXXO #3047 CIUDAD DE MEXICO REF795463,81.08,Otros
164,2026-07-04,FACTURA ENERGIA ENEL CODENSA REF314709,117.23,Servicios
164,2026-06-04,OXXO BARRANQUILLA,243.47,Alimentacion
164,2026-06-17,CLARO HOGAR INTERNET #1471 CALI REF969097,26.36,Servicios
164,2026-07-03,FARMACIAS GUADALAJARA,127.03,Salud
164,2026-04-20,CLARO HOGAR INTERNET,28.53,Servicios
164,2026-03-16,COMBUSTIBLE TERPEL #9649 CARTAGENA,13.32,Transporte
164,2026-02-09,JUMBO,182.05,Alimentacion
164,2026-02-18,SORIANA #8332,166.64,Alimentacion
164,2026-04-23,CINE COLOMBIA,25.38,Ocio
164,2026-07-01,FACTURA CFE,46.56,Servicios
164,2026-04-11,DISNEY PLUS #3053 CALI,7.96,Ocio
164,2026-06-20,EPS SURA COPAGO #3098 QUERETARO REF398133,252.96,Salud
165,2026-03-08,CARULLA #8056,20.24,Alimentacion
165,2026-03-01,FARMATODO #7415 CIUDAD DE MEXICO,178.58,Salud
165,2026-03-22,PLATZI CURSO ONLINE,172.34,Educacion
165,2026-04-14,FACTURA ACUEDUCTO CUCUTA,18.87,Servicios
165,2026-06-20,CABIFY CARTAGENA,126.65,Transporte
165,2026-07-20,CINE COLOMBIA MEDELLIN REF762499,6.41,Ocio
165,2026-07-31,CABIFY #8774,167.47,Transporte
165,2026-02-24,ADMINISTRACION CONDOMINIO,303.22,Vivienda
165,2026-02-03,BODEGA AURRERA GUADALAJARA,20.47,Alimentacion
165,2026-06-16,METROBUS CDMX,127.67,Transporte
165,2026-02-09,TRANSFERENCIA NEQUI,77.61,Otros
165,2026-03-24,COOMEVA MEDICINA PREPAGADA #8024,292.53,Salud
165,2026-04-19,ESTACION SERVICIO PRIMAX,118.84,Transporte
165,2026-07-04,CHEDRAUI #7211,81.56,Alimentacion
165,2026-06-04,CARULLA #8387,194.45,Alimentacion
165,2026-06-04,CLARO HOGAR INTERNET #8956,51.65,Servicios
165,2026-05-09,CABIFY #9931 REF600035,190.85,Transporte
165,2026-04-14,FACTURA ENERGIA ENEL CODENSA #8001 REF145559,65.59,Servicios
165,2026-03-16,FARMACIAS GUADALAJARA TIJUANA,171.71,Salud
165,2026-04-09,CINEPOLIS #1329,11.32,Ocio
165,2026-03-02,ARRIENDO APARTAMENTO #8343,363.06,Vivienda
165,2026-02-12,PEAJE AUTOPISTA,176.47,Transporte
165,2026-04-26,NETFLIX REF509772,105.71,Ocio
165,2026-05-02,DIDI,54.86,Transporte
165,2026-03-09,SPOTIFY PREMIUM #7443 PUEBLA,33.26,Ocio
166,2026-07-29,TRANSMILENIO,98.42,Transporte
166,2026-04-09,FARMACIAS DEL AHORRO,110.3,Salud
166,2026-05-15,METROBUS CDMX #6850,88.91,Transporte
166,2026-03-12,CHEDRAUI REF104034,147.78,Alimentacion
166,2026-03-07,CONSULTORIO IMSS #8259 CARTAGENA,60.99,Salud
166,2026-05-15,GASOLINERA PEMEX #8440 PUEBLA,124.4,Transporte
166,2026-06-09,CHEDRAUI #7609,219.41,Alimentacion
166,2026-03-04,PEAJE AUTOPISTA CIUDAD DE MEXICO,162.03,Transporte
166,2026-03-22,CINEPOLIS #261 REF771098,24.24,Ocio
166,2026-04-05,FARMACIA CRUZ VERDE #2900 BOGOTA REF246319,57.54,Salud
166,2026-06-16,SORIANA #9960 REF670807,79.73,Alimentacion
166,2026-03-07,GASOLINERA PEMEX #1810 REF665836,82.21,Transporte
166,2026-06-01,NETFLIX #5099,56.06,Ocio
167,2026-07-28,ESTACION SERVICIO PRIMAX,48.69,Transporte
167,2026-07-20,CHEDRAUI REF323193,176.79,Alimentacion
167,2026-03-01,TELCEL PLAN CELULAR,50.08,Servicios
167,2026-03-09,TRANSMILENIO #5956 REF373740,187.22,Transporte
167,2026-05-17,CHEDRAUI,242.88,Alimentacion
167,2026-07-27,COMBUSTIBLE TERPEL,69.46,Transporte
167,2026-04-13,IZZI TELECOM #672 TIJUANA,46.05,Servicios
167,2026-05-28,ESTACION SERVICIO PRIMAX #4546,92.26,Transporte
167,2026-05-05,BODEGA AURRERA,72.54,Alimentacion
167,2026-06-19,ADMINISTRACION CONDOMINIO,486.19,Vivienda
167,2026-04-11,COMBUSTIBLE TERPEL #2165 CARTAGENA,175.21,Transporte
167,2026-06-15,TRANSFERENCIA NEQUI #7070 REF996646,124.43,Otros
167,2026-05-17,EXITO #3630,224.33,Alimentacion
167,2026-03-15,COMBUSTIBLE TERPEL #5134,89.4,Transporte
167,2026-07-07,UBER #3750,41.26,Transporte
167,2026-07-11,DEPOSITO BANCO AZTECA #3790,135.45,Otros
167,2026-03-01,PLATZI CURSO ONLINE #5796 CALI,160.18,Educacion
167,2026-07-14,ARA TIENDA #3128,184.53,Alimentacion
167,2026-06-21,PAGO INFONAVIT #2445,285.32,Vivienda
167,2026-05-04,GASOLINERA PEMEX,26.25,Transporte
167,2026-06-18,STEAM VIDEOJUEGOS PUEBLA,129.07,Ocio
167,2026-05-09,TELMEX INTERNET HOGAR #5222 MEDELLIN,36.09,Servicios
167,2026-02-18,SPOTIFY PREMIUM #996 REF993050,128.55,Ocio
168,2026-05-01,CHEDRAUI #7826 CARTAGENA,121.15,Alimentacion
168,2026-05-17,FARMACIAS DEL AHORRO #8765,109.13,Salud
168,2026-03-07,CHEDRAUI #9612,156.7,Alimentacion
168,2026-03-23,GASOLINERA PEMEX #9980 CARTAGENA,180.11,Transporte
168,2026-07-14,CINE COLOMBIA #8781 MEDELLIN,30.19,Ocio
168,2026-06-15,MOVISTAR PLAN CELULAR,141.15,Servicios
168,2026-03-11,COMBUSTIBLE TERPEL,147.82,Transporte
168,2026-04-11,SUPERMERCADO D1 #7885 BARRANQUILLA,224.05,Alimentacion
168,2026-05-09,SUPERAMA #3074 QUERETARO,154.61,Alimentacion
168,2026-03-22,TRANSFERENCIA NEQUI,142.52,Otros
169,2026-03-26,DAVIPLATA #7937 BARRANQUILLA,31.41,Otros
169,2026-04-21,CHEDRAUI #6307,264.58,Alimentacion
169,2026-03-06,SPOTIFY PREMIUM CIUDAD DE MEXICO REF733970,89.23,Ocio
169,2026-05-05,SORIANA,230.19,Alimentacion
169,2026-07-03,BODEGA AURRERA,94.33,Alimentacion
169,2026-03-17,BODEGA AURRERA,185.89,Alimentacion
169,2026-07-10,PAGO INFONAVIT REF838482,447.12,Vivienda
169,2026-04-23,BAR RESTAURANTE AMIGOS BARRANQUILLA REF409129,80.39,Ocio
169,2026-04-05,PEAJE AUTOPISTA TIJUANA,146.51,Transporte
169,2026-05-08,AGENCIA DE VIAJES #6177,76.92,Ocio
169,2026-03-02,TELMEX INTERNET HOGAR MONTERREY,72.92,Servicios
169,2026-02-12,SUPERMERCADO D1 #9665,81.74,Alimentacion
169,2026-03-15,DEPOSITO BANCO AZTECA CALI,140.66,Otros
169,2026-05-08,BODEGA AURRERA REF115087,68.83,Alimentacion
169,2026-05-24,FARMACIAS DEL AHORRO CARTAGENA,212.32,Salud
169,2026-03-20,COOMEVA MEDICINA PREPAGADA #2719,81.5,Salud
169,2026-03-25,SUPERMERCADO D1,172.59,Alimentacion
169,2026-02-25,DIDI MEDELLIN,159.42,Transporte
169,2026-07-26,MATRICULA UNAM CARTAGENA,107.02,Educacion
169,2026-04-28,EPS SURA COPAGO,32.08,Salud
169,2026-06-05,PEAJE AUTOPISTA,36.19,Transporte
169,2026-07-26,DAVIPLATA #5229,113.02,Otros
169,2026-06-29,CONSULTORIO IMSS TIJUANA,257.09,Salud
169,2026-03-04,FACTURA ENERGIA ENEL CODENSA PUEBLA,21.07,Servicios
169,2026-04-01,ARA TIENDA,200.88,Alimentacion
169,2026-02-05,UBER #4087 REF161940,78.26,Transporte
170,2026-04-04,FARMATODO #5469 CALI,22.94,Salud
170,2026-03-18,CARULLA,174.16,Alimentacion
170,2026-05-03,BAR RESTAURANTE AMIGOS GUADALAJARA REF823734,58.3,Ocio
170,2026-07-16,BAR RESTAURANTE AMIGOS CUCUTA,73.52,Ocio
170,2026-04-12,TELMEX INTERNET HOGAR,38.58,Servicios
170,2026-02-15,SUPERAMA,86.94,Alimentacion
170,2026-05-01,DIDI GUADALAJARA,142.76,Transporte
170,2026-02-13,ESTACION SERVICIO PRIMAX #4854 TIJUANA,203.06,Transporte
170,2026-06-21,OXXO REF129541,23.11,Alimentacion
170,2026-05-05,BAR RESTAURANTE AMIGOS,116.3,Ocio
170,2026-07-14,HOMECENTER #1446,438.44,Vivienda
170,2026-05-10,FARMACIAS SIMILARES #1817,175.72,Salud
170,2026-04-27,MOVISTAR PLAN CELULAR #5008,82.54,Servicios
170,2026-07-29,MATRICULA UNIVERSIDAD NACIONAL #9278 REF324388,51.02,Educacion
170,2026-05-25,METROBUS CDMX #7017 MONTERREY,27.98,Transporte
170,2026-05-11,FACTURA CFE #8764,96.12,Servicios
170,2026-04-20,FARMACIA CRUZ VERDE REF619356,112.17,Salud
170,2026-05-21,COMBUSTIBLE TERPEL MONTERREY,193.45,Transporte
170,2026-05-03,ADMINISTRACION CONDOMINIO #4517,353.3,Vivienda
170,2026-04-06,ARA TIENDA,47.25,Alimentacion
170,2026-03-12,CHEDRAUI #4456 REF545454,195.83,Alimentacion
170,2026-05-23,ARRIENDO APARTAMENTO,296.68,Vivienda
170,2026-07-15,FARMACIA CRUZ VERDE #3512,164.76,Salud
170,2026-03-22,CINE COLOMBIA,92.23,Ocio
170,2026-05-28,ARA TIENDA #4752,244.07,Alimentacion
171,2026-02-18,SPOTIFY PREMIUM,5.14,Ocio
171,2026-06-19,RETIRO CAJERO AUTOMATICO #2192,56.23,Otros
171,2026-07-10,PLATZI CURSO ONLINE #2891,106.71,Educacion
171,2026-02-05,TELMEX INTERNET HOGAR #2294 BARRANQUILLA REF159346,104.35,Servicios
171,2026-05-31,CINEPOLIS #3624 CARTAGENA,84.21,Ocio
171,2026-02-19,RECARGA OXXO #8008,110.89,Otros
171,2026-03-03,ADMINISTRACION CONJUNTO RESIDENCIAL,158.12,Vivienda
171,2026-03-06,CONSULTORIO IMSS #6486,222.7,Salud
172,2026-06-14,CARULLA,248.78,Alimentacion
172,2026-06-17,GASOLINERA PEMEX,139.96,Transporte
172,2026-04-25,ESTACION SERVICIO PRIMAX REF420317,30.69,Transporte
172,2026-04-20,SPOTIFY PREMIUM GUADALAJARA REF672685,55.25,Ocio
172,2026-06-01,CABIFY #2581 REF451504,155.79,Transporte
172,2026-03-04,DIDI CARTAGENA REF670112,165.96,Transporte
172,2026-06-27,WALMART SUPERCENTER #5228 MEDELLIN,40.74,Alimentacion
172,2026-07-23,COMBUSTIBLE TERPEL #7659 GUADALAJARA REF889195,10.01,Transporte
172,2026-03-23,CLARO HOGAR INTERNET #1888 CIUDAD DE MEXICO,111.14,Servicios
172,2026-05-28,SPOTIFY PREMIUM REF126163,49.57,Ocio
172,2026-07-03,GASOLINERA PEMEX,60.9,Transporte
172,2026-04-18,SPOTIFY PREMIUM #203,6.61,Ocio
172,2026-06-28,SUPERMERCADO D1,150.48,Alimentacion
173,2026-07-10,SORIANA #5708 PUEBLA,167.86,Alimentacion
173,2026-04-08,SUPERAMA,111.07,Alimentacion
173,2026-06-15,CONSULTORIO IMSS REF807162,83.49,Salud
173,2026-07-11,UBER #3780,28.99,Transporte
173,2026-02-04,FACTURA CFE TIJUANA REF461702,57.51,Servicios
173,2026-07-03,PEAJE AUTOPISTA #6363 MEDELLIN REF799835,29.33,Transporte
173,2026-03-15,PEAJE AUTOPISTA REF550748,45.38,Transporte
173,2026-04-17,DEPOSITO BANCO AZTECA,177.85,Otros
173,2026-04-25,OXXO #8516 REF586129,125.47,Alimentacion
173,2026-03-23,MATRICULA UNIVERSIDAD NACIONAL GUADALAJARA,224.45,Educacion
173,2026-07-03,CONSULTORIO IMSS REF691978,263.98,Salud
173,2026-07-19,AGENCIA DE VIAJES #9393 CIUDAD DE MEXICO,129.45,Ocio
174,2026-02-21,PAGO INFONAVIT,307.62,Vivienda
174,2026-05-24,ARA TIENDA,44.63,Alimentacion
174,2026-03-18,CINEPOLIS #740 REF701970,84.05,Ocio
174,2026-06-19,GASOLINERA PEMEX #2525 REF169120,35.67,Transporte
174,2026-05-01,CHEDRAUI,160.41,Alimentacion
174,2026-07-27,ARRIENDO APARTAMENTO REF121622,496.71,Vivienda
174,2026-04-06,BAR RESTAURANTE AMIGOS #4879,92.58,Ocio
174,2026-03-08,CARULLA MONTERREY,205.9,Alimentacion
174,2026-07-08,MATRICULA UNIVERSIDAD NACIONAL #6755 REF997448,352.32,Educacion
174,2026-04-06,CABIFY GUADALAJARA,109.99,Transporte
174,2026-03-15,CONSULTORIO IMSS,223.12,Salud
174,2026-03-13,FARMACIAS GUADALAJARA #1446,191.46,Salud
174,2026-03-03,GASOLINERA PEMEX #765 PUEBLA,47.33,Transporte
174,2026-05-30,CINE COLOMBIA #2045,8.21,Ocio
174,2026-02-12,ARRIENDO APARTAMENTO REF196958,292.27,Vivienda
174,2026-05-13,STEAM VIDEOJUEGOS REF701181,60.38,Ocio
174,2026-07-14,EXITO #4356,170.45,Alimentacion
174,2026-04-26,UBER CIUDAD DE MEXICO REF437276,179.99,Transporte
174,2026-04-19,ADMINISTRACION CONDOMINIO QUERETARO,248.12,Vivienda
174,2026-07-27,CABIFY MONTERREY REF775243,35.11,Transporte
174,2026-03-22,FARMATODO CALI,289.59,Salud
174,2026-05-04,GASOLINERA PEMEX CIUDAD DE MEXICO REF656666,31.61,Transporte
174,2026-05-01,SPOTIFY PREMIUM #5420,64.81,Ocio
174,2026-04-06,MOVISTAR PLAN CELULAR #2717,94.05,Servicios
175,2026-05-08,CARULLA REF835281,151.53,Alimentacion
175,2026-02-20,CARULLA,70.77,Alimentacion
175,2026-07-16,PLATZI CURSO ONLINE CIUDAD DE MEXICO REF133247,264.17,Educacion
175,2026-06-29,DISNEY PLUS #4433 REF189394,107.51,Ocio
175,2026-06-10,DISNEY PLUS #585 QUERETARO,10.2,Ocio
175,2026-07-14,ICETEX CREDITO EDUCATIVO,211.8,Educacion
175,2026-07-29,CABIFY #4433,147.86,Transporte
175,2026-05-26,BAR RESTAURANTE AMIGOS #5426 QUERETARO,36.54,Ocio
175,2026-04-10,COMBUSTIBLE TERPEL REF251337,71.55,Transporte
175,2026-05-07,TRANSMILENIO BOGOTA REF192392,132.73,Transporte
176,2026-05-26,CINE COLOMBIA,74.56,Ocio
176,2026-06-20,OXXO CIUDAD DE MEXICO,103.24,Alimentacion
176,2026-06-15,PAGO INFONAVIT #2167,605.67,Vivienda
176,2026-04-23,COMBUSTIBLE TERPEL,14.19,Transporte
176,2026-05-22,HOME DEPOT MEXICO,307.89,Vivienda
176,2026-03-14,COLEGIATURA COLEGIO PRIVADO,46.33,Educacion
176,2026-02-12,GASOLINERA PEMEX GUADALAJARA,163.31,Transporte
176,2026-03-23,EXITO REF214140,192.55,Alimentacion
176,2026-05-23,METROBUS CDMX REF428421,76.27,Transporte
176,2026-03-13,FARMACIAS DEL AHORRO #6969,207.56,Salud
176,2026-05-28,CARULLA #5609,112.94,Alimentacion
176,2026-02-13,STEAM VIDEOJUEGOS #4307 REF519083,99.53,Ocio
176,2026-02-25,FACTURA CFE MEDELLIN REF844758,76.31,Servicios
176,2026-07-31,CINE COLOMBIA CALI,56.53,Ocio
176,2026-05-19,PAGO MULTA TRANSITO #3792,168.9,Otros
176,2026-04-15,DISNEY PLUS,36.36,Ocio
176,2026-07-20,BAR RESTAURANTE AMIGOS #399 REF205650,20.06,Ocio
176,2026-05-21,SUPERMERCADO D1 REF886171,161.98,Alimentacion
176,2026-03-18,SUPERMERCADO D1 #580 CIUDAD DE MEXICO REF740995,262.02,Alimentacion
177,2026-07-18,SPOTIFY PREMIUM,87.26,Ocio
177,2026-03-02,ICETEX CREDITO EDUCATIVO #3403 GUADALAJARA,399.16,Educacion
177,2026-04-01,FACTURA ENERGIA ENEL CODENSA #4622 BOGOTA,75.98,Servicios
177,2026-04-03,COOMEVA MEDICINA PREPAGADA #8232,116.1,Salud
177,2026-06-22,FARMACIAS SIMILARES #1819,129.2,Salud
177,2026-07-18,FARMACIAS GUADALAJARA,47.82,Salud
177,2026-03-19,FACTURA CFE #4767,134.24,Servicios
177,2026-05-05,UBER REF558803,92.97,Transporte
177,2026-02-08,OXXO #2055 CALI,110.69,Alimentacion
177,2026-02-28,PAGO MULTA TRANSITO CALI,122.15,Otros
177,2026-03-22,COOMEVA MEDICINA PREPAGADA #6907 BOGOTA,140.98,Salud
177,2026-03-03,BODEGA AURRERA #2633 CUCUTA,178.54,Alimentacion
177,2026-03-29,TELCEL PLAN CELULAR #8134,23.3,Servicios
177,2026-06-15,TRANSMILENIO #6968 REF107312,172.74,Transporte
177,2026-05-02,FARMACIA CRUZ VERDE,283.04,Salud
178,2026-06-27,SUPERMERCADO D1,97.9,Alimentacion
178,2026-07-22,SORIANA MEDELLIN,42.97,Alimentacion
178,2026-04-06,FARMACIAS SIMILARES,126.65,Salud
178,2026-05-01,SUPERAMA #6472,52.29,Alimentacion
178,2026-06-25,BODEGA AURRERA CARTAGENA,200.94,Alimentacion
178,2026-06-24,EXITO,64.3,Alimentacion
178,2026-02-15,COMBUSTIBLE TERPEL #258 CARTAGENA REF952880,21.71,Transporte
178,2026-02-04,CINEPOLIS CUCUTA,74.05,Ocio
178,2026-05-18,OXXO,164.76,Alimentacion
178,2026-02-28,CINE COLOMBIA #5038,113.99,Ocio
178,2026-06-24,FARMATODO,179.44,Salud
178,2026-04-23,CARULLA #6075,99.83,Alimentacion
178,2026-02-24,TELCEL PLAN CELULAR TIJUANA,123.41,Servicios
178,2026-05-22,TRANSFERENCIA NEQUI #1586 CARTAGENA REF224247,101.85,Otros
178,2026-03-04,RENTA DEPARTAMENTO #2647,189.64,Vivienda
178,2026-07-03,FARMATODO #4143,176.27,Salud
178,2026-07-06,CARULLA,246.08,Alimentacion
178,2026-05-26,BODEGA AURRERA #9320 REF479878,113.04,Alimentacion
178,2026-04-24,SUPERAMA #9906,87.04,Alimentacion
178,2026-04-28,JUMBO,47.3,Alimentacion
178,2026-04-09,FARMACIAS SIMILARES REF167798,58.16,Salud
178,2026-05-25,CHEDRAUI #8292,122.52,Alimentacion
178,2026-02-11,CONSULTORIO IMSS,184.77,Salud
178,2026-07-27,MOVISTAR PLAN CELULAR #5310,25.88,Servicios
179,2026-04-05,ESTACION SERVICIO PRIMAX,175.73,Transporte
179,2026-04-22,TELCEL PLAN CELULAR #9318 BARRANQUILLA,120.77,Servicios
179,2026-05-16,TELCEL PLAN CELULAR REF641269,52.4,Servicios
179,2026-04-26,MATRICULA UNAM #4207 GUADALAJARA,377.83,Educacion
179,2026-05-06,CLARO HOGAR INTERNET #1207,31.79,Servicios
179,2026-06-26,OXXO,237.53,Alimentacion
179,2026-04-01,CABIFY #8767,204.19,Transporte
179,2026-03-21,BAR RESTAURANTE AMIGOS,27.14,Ocio
179,2026-07-17,ADMINISTRACION CONDOMINIO,511.03,Vivienda
179,2026-02-06,TELMEX INTERNET HOGAR CARTAGENA,20.44,Servicios
179,2026-03-01,DISNEY PLUS #9565 REF443274,55.68,Ocio
179,2026-02-07,PAGO MULTA TRANSITO,97.77,Otros
179,2026-04-04,TELMEX INTERNET HOGAR #1046,93.39,Servicios
179,2026-07-24,STEAM VIDEOJUEGOS #2701 REF838683,121.99,Ocio
179,2026-06-28,OXXO #3064,184.79,Alimentacion
179,2026-07-04,TRANSMILENIO #2984 TIJUANA REF208304,106.26,Transporte
179,2026-02-26,CONSULTORIO IMSS,245.76,Salud
179,2026-04-27,CHEDRAUI #2793 BARRANQUILLA REF669581,257.14,Alimentacion
179,2026-07-23,JUMBO,15.74,Alimentacion
179,2026-06-16,ESTACION SERVICIO PRIMAX REF712907,206.5,Transporte
179,2026-03-13,SUPERMERCADO D1,32.39,Alimentacion
179,2026-07-25,JUMBO #6612 MEDELLIN REF672907,221.74,Alimentacion
180,2026-04-08,NETFLIX REF303442,117.8,Ocio
180,2026-05-18,RETIRO CAJERO AUTOMATICO,75.15,Otros
180,2026-06-04,CINE COLOMBIA #7617 BARRANQUILLA,32.04,Ocio
180,2026-04-12,DEPOSITO BANCO AZTECA BARRANQUILLA,85.24,Otros
180,2026-05-09,COLEGIATURA COLEGIO PRIVADO #3742 REF517017,43.14,Educacion
180,2026-03-13,CABIFY,174.1,Transporte
180,2026-03-27,TRANSMILENIO GUADALAJARA,175.27,Transporte
180,2026-02-15,CARULLA #9481 CIUDAD DE MEXICO,162.88,Alimentacion
180,2026-04-07,BODEGA AURRERA CIUDAD DE MEXICO,101.81,Alimentacion
180,2026-05-15,UBER REF775829,169.96,Transporte
180,2026-04-27,TRANSMILENIO QUERETARO,120.94,Transporte
180,2026-07-31,EXITO,224.74,Alimentacion
180,2026-07-26,METROBUS CDMX,136.29,Transporte
180,2026-06-18,OXXO #1792,213.95,Alimentacion
180,2026-05-16,DISNEY PLUS #1373,79.82,Ocio
180,2026-07-23,TRANSFERENCIA NEQUI MONTERREY,80.4,Otros
180,2026-06-17,DISNEY PLUS REF316310,124.74,Ocio
180,2026-05-08,SUPERMERCADO D1 #1201 CARTAGENA,150.69,Alimentacion
180,2026-02-07,COMBUSTIBLE TERPEL #3806,131.02,Transporte
180,2026-03-10,TRANSFERENCIA NEQUI,47.48,Otros
180,2026-06-20,TRANSMILENIO,135.13,Transporte
180,2026-03-16,TRANSMILENIO #2774 REF951281,124.32,Transporte
181,2026-07-17,ICETEX CREDITO EDUCATIVO #4514 REF707951,55.04,Educacion
181,2026-02-25,UBER,98.37,Transporte
181,2026-04-20,DISNEY PLUS CUCUTA,25.42,Ocio
181,2026-04-24,CHEDRAUI #9733 REF115610,57.96,Alimentacion
181,2026-05-05,JUMBO,62.6,Alimentacion
181,2026-07-06,FACTURA ACUEDUCTO GUADALAJARA REF340207,67.21,Servicios
181,2026-05-22,CINE COLOMBIA CIUDAD DE MEXICO,11.39,Ocio
181,2026-05-28,DISNEY PLUS,54.72,Ocio
181,2026-04-08,CABIFY,112.34,Transporte
181,2026-03-17,COOMEVA MEDICINA PREPAGADA #9456,152.74,Salud
181,2026-07-15,HOMECENTER CUCUTA REF211038,341.39,Vivienda
181,2026-05-23,TRANSMILENIO,177.83,Transporte
181,2026-03-21,SUPERMERCADO D1 #1821 TIJUANA,47.78,Alimentacion
181,2026-02-27,PAGO MULTA TRANSITO REF588780,95.97,Otros
181,2026-03-25,PLATZI CURSO ONLINE CALI REF197962,48.27,Educacion
181,2026-03-15,CINEPOLIS,13.89,Ocio
181,2026-03-15,EPS SURA COPAGO,178.55,Salud
181,2026-06-01,NETFLIX #6362 REF319120,75.75,Ocio
181,2026-06-19,FARMACIAS SIMILARES #5964,265.24,Salud
181,2026-03-20,PEAJE AUTOPISTA,121.57,Transporte
181,2026-06-12,PEAJE AUTOPISTA,201.96,Transporte
181,2026-03-31,TRANSFERENCIA MERCADO PAGO #5353,18.28,Otros
181,2026-06-18,SUPERMERCADO D1 #8421 GUADALAJARA REF712893,35.48,Alimentacion
181,2026-04-27,TRANSMILENIO,18.81,Transporte
181,2026-07-29,BODEGA AURRERA #9200 CALI,58.17,Alimentacion
182,2026-05-16,SUPERAMA,42.05,Alimentacion
182,2026-02-16,PEAJE AUTOPISTA #9749,113.71,Transporte
182,2026-03-07,SUPERMERCADO D1 BARRANQUILLA REF697406,73.92,Alimentacion
182,2026-04-22,EXITO,103.12,Alimentacion
182,2026-05-05,CHEDRAUI #6815,267.27,Alimentacion
182,2026-03-31,RETIRO CAJERO AUTOMATICO REF169995,126.33,Otros
182,2026-07-10,RECARGA OXXO #3894 REF897188,171.33,Otros
182,2026-05-16,CINE COLOMBIA #3389 REF268109,22.82,Ocio
182,2026-04-15,RETIRO CAJERO AUTOMATICO #9797 BOGOTA,74.96,Otros
182,2026-05-21,COLEGIATURA COLEGIO PRIVADO #8060,233.02,Educacion
182,2026-04-22,DIDI CIUDAD DE MEXICO,25.35,Transporte
182,2026-06-03,PEAJE AUTOPISTA REF441379,10.84,Transporte
182,2026-06-24,CINE COLOMBIA #1576,88.8,Ocio
182,2026-02-23,RECARGA OXXO #3347 REF774144,119.11,Otros
182,2026-04-23,CARULLA CUCUTA,116.81,Alimentacion
182,2026-02-13,GASOLINERA PEMEX #3321,107.93,Transporte
182,2026-04-14,TRANSFERENCIA MERCADO PAGO #6984,80.63,Otros
182,2026-05-21,TRANSFERENCIA NEQUI REF147188,14.08,Otros
182,2026-04-10,DEPOSITO BANCO AZTECA #5470 REF677219,67.01,Otros
182,2026-06-13,CARULLA,56.04,Alimentacion
182,2026-05-24,SUPERMERCADO D1 #2863 CUCUTA,35.59,Alimentacion
182,2026-05-07,FARMATODO BARRANQUILLA,287.67,Salud
182,2026-07-29,FARMACIAS SIMILARES,185.82,Salud
182,2026-06-26,JUMBO,199.45,Alimentacion
182,2026-02-01,COMBUSTIBLE TERPEL #7761 MONTERREY,73.07,Transporte
183,2026-05-12,MATRICULA UNIVERSIDAD NACIONAL CARTAGENA,279.08,Educacion
183,2026-03-02,CINEPOLIS #6503,73.37,Ocio
183,2026-04-13,NETFLIX MONTERREY REF804602,64.39,Ocio
183,2026-05-17,CHEDRAUI,249.83,Alimentacion
183,2026-04-05,OXXO,28.91,Alimentacion
183,2026-05-03,SORIANA #7495,82.96,Alimentacion
183,2026-06-02,DAVIPLATA REF506532,69.49,Otros
183,2026-03-21,ESTACION SERVICIO PRIMAX #4964 REF490874,166.49,Transporte
184,2026-07-03,EXITO #7888 REF984078,96.89,Alimentacion
184,2026-03-10,OXXO #771,200.03,Alimentacion
184,2026-04-13,GASOLINERA PEMEX,94.0,Transporte
184,2026-03-02,EXITO #4162,160.37,Alimentacion
184,2026-07-26,CINE COLOMBIA #8014,109.08,Ocio
184,2026-06-15,CONSULTORIO IMSS REF242228,244.19,Salud
184,2026-07-11,FARMACIAS SIMILARES #7888,261.93,Salud
184,2026-03-25,IZZI TELECOM,23.05,Servicios
184,2026-02-07,FARMACIA CRUZ VERDE #3462,212.23,Salud
184,2026-02-18,CONSULTORIO IMSS CARTAGENA,54.9,Salud
184,2026-06-26,COMBUSTIBLE TERPEL,93.16,Transporte
184,2026-02-02,RECARGA OXXO #4398,103.26,Otros
184,2026-06-09,FARMACIAS SIMILARES,129.78,Salud
184,2026-07-28,EXITO REF809011,145.1,Alimentacion
184,2026-02-09,DISNEY PLUS,129.57,Ocio
184,2026-04-15,COLEGIATURA COLEGIO PRIVADO,75.71,Educacion
184,2026-07-30,MOVISTAR PLAN CELULAR MEDELLIN,106.19,Servicios
184,2026-07-24,CINEPOLIS PUEBLA,54.5,Ocio
184,2026-07-09,BODEGA AURRERA,44.58,Alimentacion
184,2026-02-28,MOVISTAR PLAN CELULAR,36.43,Servicios
184,2026-07-25,FACTURA ACUEDUCTO #9366,143.15,Servicios
184,2026-07-31,COLEGIATURA COLEGIO PRIVADO #5670,354.85,Educacion
184,2026-05-21,PEAJE AUTOPISTA #4549 MONTERREY,191.41,Transporte
184,2026-02-04,MOVISTAR PLAN CELULAR,148.86,Servicios
184,2026-07-30,FACTURA ACUEDUCTO #8927 GUADALAJARA,43.12,Servicios
184,2026-05-05,DIDI CUCUTA,81.09,Transporte
185,2026-02-13,NETFLIX #4238,63.97,Ocio
185,2026-07-20,SUPERAMA REF570567,153.9,Alimentacion
185,2026-05-16,EXITO,158.27,Alimentacion
185,2026-07-15,EXITO #8507 REF771740,64.63,Alimentacion
185,2026-06-17,DIDI #2813,158.45,Transporte
185,2026-07-24,FACTURA CFE,18.4,Servicios
185,2026-05-06,FACTURA ENERGIA ENEL CODENSA #8559,62.9,Servicios
185,2026-07-12,ADMINISTRACION CONJUNTO RESIDENCIAL,540.11,Vivienda
185,2026-04-24,COMBUSTIBLE TERPEL #9804,122.78,Transporte
185,2026-07-23,TRANSFERENCIA NEQUI REF684548,54.4,Otros
185,2026-06-17,NETFLIX #2066,91.87,Ocio
185,2026-03-01,MATRICULA UNAM #4434 CUCUTA,237.77,Educacion
185,2026-03-29,CABIFY,169.25,Transporte
185,2026-06-25,RETIRO CAJERO AUTOMATICO #4937,134.95,Otros
185,2026-06-22,UBER #9875 MEDELLIN,132.02,Transporte
185,2026-04-19,RENTA DEPARTAMENTO #246 BARRANQUILLA,394.09,Vivienda
185,2026-06-28,RECARGA OXXO #6272,32.64,Otros
185,2026-05-02,HOMECENTER #5314 QUERETARO,280.67,Vivienda
185,2026-04-28,DIDI #1396,93.82,Transporte
185,2026-02-02,FARMACIAS DEL AHORRO,185.8,Salud
185,2026-03-26,PEAJE AUTOPISTA QUERETARO,112.74,Transporte
185,2026-06-29,WALMART SUPERCENTER #6654,84.93,Alimentacion
185,2026-03-18,EXITO #7695,11.68,Alimentacion
185,2026-02-11,ESTACION SERVICIO PRIMAX #9626,109.25,Transporte
186,2026-03-09,FARMACIAS DEL AHORRO #8692 REF530680,64.71,Salud
186,2026-03-08,FACTURA ENERGIA ENEL CODENSA #6623 GUADALAJARA,78.67,Servicios
186,2026-02-28,DISNEY PLUS #5748,16.43,Ocio
186,2026-03-13,CLARO HOGAR INTERNET,99.47,Servicios
186,2026-04-20,WALMART SUPERCENTER,153.14,Alimentacion
186,2026-04-11,AGENCIA DE VIAJES REF918926,55.92,Ocio
186,2026-05-28,CARULLA #8704 MONTERREY,145.56,Alimentacion
186,2026-02-28,DEPOSITO BANCO AZTECA #5463 MONTERREY,162.42,Otros
186,2026-07-19,SUPERMERCADO D1 #580 MEDELLIN,61.04,Alimentacion
186,2026-07-14,IZZI TELECOM PUEBLA,18.05,Servicios
186,2026-05-20,HOMECENTER,580.83,Vivienda
186,2026-03-27,FARMATODO #2036 MONTERREY,179.48,Salud
187,2026-02-10,NETFLIX,27.6,Ocio
187,2026-05-17,CABIFY,63.76,Transporte
187,2026-06-15,HOMECENTER REF643781,249.32,Vivienda
187,2026-07-05,ARA TIENDA #8037,74.18,Alimentacion
187,2026-03-14,FACTURA CFE REF695994,56.37,Servicios
187,2026-07-10,PAGO INFONAVIT #6162 REF104523,427.57,Vivienda
187,2026-07-06,STEAM VIDEOJUEGOS #145,78.5,Ocio
187,2026-02-15,RENTA DEPARTAMENTO REF901616,363.25,Vivienda
187,2026-05-14,HOME DEPOT MEXICO BOGOTA,457.71,Vivienda
187,2026-02-13,SPOTIFY PREMIUM,15.2,Ocio
187,2026-03-26,SUPERAMA REF154347,32.82,Alimentacion
187,2026-07-09,CINE COLOMBIA CARTAGENA REF539399,26.48,Ocio
187,2026-03-04,EPS SURA COPAGO CARTAGENA,162.65,Salud
187,2026-07-21,SPOTIFY PREMIUM REF581948,31.75,Ocio
187,2026-04-08,SUPERMERCADO D1,83.65,Alimentacion
187,2026-03-17,COMBUSTIBLE TERPEL REF886214,90.06,Transporte
187,2026-02-04,CABIFY REF105387,172.37,Transporte
187,2026-02-05,PAGO MULTA TRANSITO #1268,12.36,Otros
187,2026-03-02,STEAM VIDEOJUEGOS #4014 REF664357,86.17,Ocio
187,2026-07-13,GASOLINERA PEMEX #3255 REF953481,143.78,Transporte
187,2026-07-11,STEAM VIDEOJUEGOS,104.83,Ocio
187,2026-04-22,FACTURA ACUEDUCTO #7503 QUERETARO,140.92,Servicios
187,2026-04-01,MOVISTAR PLAN CELULAR CIUDAD DE MEXICO REF615791,17.72,Servicios
187,2026-05-13,JUMBO #4127,49.98,Alimentacion
187,2026-05-29,GASOLINERA PEMEX #4626,187.23,Transporte
188,2026-04-22,CARULLA CUCUTA,269.21,Alimentacion
188,2026-04-20,FARMACIA CRUZ VERDE #6190,220.24,Salud
188,2026-03-17,FACTURA CFE REF566423,53.77,Servicios
188,2026-04-25,DISNEY PLUS #2679,114.97,Ocio
188,2026-05-05,DIDI CUCUTA,19.84,Transporte
188,2026-05-25,CLARO HOGAR INTERNET #3210,46.2,Servicios
188,2026-04-12,TRANSFERENCIA MERCADO PAGO,162.56,Otros
188,2026-07-01,AGENCIA DE VIAJES CALI REF812506,37.02,Ocio
188,2026-05-20,SPOTIFY PREMIUM,32.58,Ocio
188,2026-07-07,RETIRO CAJERO AUTOMATICO #2479,33.48,Otros
188,2026-04-20,GASOLINERA PEMEX,181.82,Transporte
188,2026-02-06,SUPERAMA #9832 REF576915,140.02,Alimentacion
188,2026-04-01,CLARO HOGAR INTERNET #5237 GUADALAJARA,106.11,Servicios
188,2026-07-17,CINEPOLIS #4663 QUERETARO,34.88,Ocio
188,2026-06-11,RECARGA OXXO,138.87,Otros
188,2026-05-30,CARULLA #1303,207.6,Alimentacion
188,2026-04-18,BAR RESTAURANTE AMIGOS,44.07,Ocio
188,2026-07-31,SORIANA #5452,116.78,Alimentacion
188,2026-06-28,COMBUSTIBLE TERPEL #6397 MONTERREY,51.94,Transporte
188,2026-07-19,PEAJE AUTOPISTA CIUDAD DE MEXICO,205.31,Transporte
188,2026-07-29,COMBUSTIBLE TERPEL #780,139.12,Transporte
188,2026-04-13,CABIFY REF764049,196.91,Transporte
188,2026-03-03,COMBUSTIBLE TERPEL REF326865,70.68,Transporte
188,2026-07-24,CARULLA QUERETARO,213.29,Alimentacion
188,2026-04-05,SUPERMERCADO D1 #4397,209.12,Alimentacion
189,2026-04-22,STEAM VIDEOJUEGOS #1936,44.02,Ocio
189,2026-05-03,BODEGA AURRERA REF585981,121.14,Alimentacion
189,2026-05-23,RENTA DEPARTAMENTO,472.61,Vivienda
189,2026-02-27,COLEGIATURA COLEGIO PRIVADO BARRANQUILLA,304.46,Educacion
189,2026-02-20,GASOLINERA PEMEX MEDELLIN REF117081,56.44,Transporte
189,2026-05-20,BAR RESTAURANTE AMIGOS #5840,55.67,Ocio
189,2026-02-06,FARMACIAS SIMILARES CALI,91.71,Salud
189,2026-07-28,ESTACION SERVICIO PRIMAX #8210 QUERETARO,49.73,Transporte
189,2026-04-14,SORIANA #6981,213.68,Alimentacion
189,2026-04-19,EXITO #2627,246.41,Alimentacion
189,2026-07-13,ARA TIENDA #1130,106.26,Alimentacion
189,2026-02-19,TRANSMILENIO CUCUTA,160.26,Transporte
189,2026-04-10,RENTA DEPARTAMENTO #1638 REF652137,598.5,Vivienda
189,2026-03-02,STEAM VIDEOJUEGOS #4288,110.77,Ocio
189,2026-04-29,METROBUS CDMX CIUDAD DE MEXICO,46.56,Transporte
189,2026-04-03,SUPERAMA,258.64,Alimentacion
189,2026-03-19,STEAM VIDEOJUEGOS QUERETARO REF774219,52.08,Ocio
189,2026-06-07,TELCEL PLAN CELULAR #5020,60.8,Servicios
189,2026-02-26,DIDI REF437923,22.49,Transporte
189,2026-06-14,AGENCIA DE VIAJES #213,65.77,Ocio
189,2026-07-09,COURSERA CURSO ONLINE,65.88,Educacion
189,2026-06-20,CINE COLOMBIA REF294624,36.07,Ocio
189,2026-02-27,WALMART SUPERCENTER #4063 CALI,92.41,Alimentacion
189,2026-04-19,MOVISTAR PLAN CELULAR PUEBLA,124.19,Servicios
189,2026-06-20,COMBUSTIBLE TERPEL #9286,185.1,Transporte
189,2026-04-10,CONSULTORIO IMSS #9827,101.2,Salud
190,2026-07-20,CLARO HOGAR INTERNET #8864,59.77,Servicios
190,2026-07-15,SUPERAMA #9524 QUERETARO,140.15,Alimentacion
190,2026-06-07,TRANSMILENIO #2970,139.15,Transporte
190,2026-02-26,MATRICULA UNAM,216.46,Educacion
190,2026-05-24,SUPERAMA #5360,41.19,Alimentacion
190,2026-03-08,CLARO HOGAR INTERNET GUADALAJARA,57.13,Servicios
190,2026-04-22,FACTURA ACUEDUCTO #3723 BOGOTA,123.32,Servicios
190,2026-06-23,COOMEVA MEDICINA PREPAGADA #2635 CIUDAD DE MEXICO,260.5,Salud
190,2026-03-24,RENTA DEPARTAMENTO #7749 MEDELLIN,218.65,Vivienda
190,2026-03-31,FACTURA ENERGIA ENEL CODENSA,143.57,Servicios
190,2026-07-23,CHEDRAUI #9250,95.49,Alimentacion
190,2026-07-10,UBER #8348 REF401637,142.46,Transporte
190,2026-07-18,FACTURA ENERGIA ENEL CODENSA,116.5,Servicios
190,2026-03-24,CHEDRAUI #7216,221.11,Alimentacion
190,2026-06-21,CHEDRAUI #6182 REF550573,255.89,Alimentacion
191,2026-04-19,MOVISTAR PLAN CELULAR,132.86,Servicios
191,2026-04-08,DEPOSITO BANCO AZTECA #6844,38.71,Otros
191,2026-03-03,METROBUS CDMX MONTERREY,20.73,Transporte
191,2026-02-28,IZZI TELECOM,111.86,Servicios
191,2026-03-03,FARMACIAS DEL AHORRO,150.51,Salud
191,2026-02-12,FARMACIAS GUADALAJARA BARRANQUILLA,256.99,Salud
191,2026-06-28,SORIANA,109.68,Alimentacion
191,2026-03-04,FARMACIAS DEL AHORRO MEDELLIN REF674674,62.96,Salud
191,2026-05-19,FACTURA ACUEDUCTO,127.92,Servicios
191,2026-04-11,STEAM VIDEOJUEGOS #366 MEDELLIN REF572310,73.61,Ocio
191,2026-02-01,EPS SURA COPAGO #3263,68.92,Salud
191,2026-03-24,RENTA DEPARTAMENTO #2747,510.19,Vivienda
191,2026-06-29,FACTURA ACUEDUCTO,84.0,Servicios
191,2026-03-14,OXXO REF789191,167.12,Alimentacion
191,2026-06-10,PLATZI CURSO ONLINE #8655 QUERETARO REF866810,197.84,Educacion
192,2026-03-16,STEAM VIDEOJUEGOS #7760,88.88,Ocio
192,2026-02-22,PLATZI CURSO ONLINE #5417,286.38,Educacion
192,2026-04-09,DIDI #8973 BOGOTA,82.6,Transporte
192,2026-04-16,SORIANA MONTERREY REF247543,238.61,Alimentacion
192,2026-05-11,SORIANA #1721,198.6,Alimentacion
192,2026-03-20,FARMACIAS SIMILARES,47.09,Salud
192,2026-06-17,HOMECENTER #5973,353.89,Vivienda
192,2026-03-20,SORIANA #212 MONTERREY,240.46,Alimentacion
192,2026-07-17,FARMACIAS SIMILARES,28.45,Salud
192,2026-05-15,DIDI #4283 REF369156,202.28,Transporte
192,2026-06-25,PEAJE AUTOPISTA,145.83,Transporte
192,2026-07-27,COOMEVA MEDICINA PREPAGADA #6760,194.94,Salud
192,2026-07-15,CINE COLOMBIA,38.82,Ocio
192,2026-05-24,TRANSMILENIO #846,59.76,Transporte
192,2026-02-04,ARA TIENDA REF936043,254.94,Alimentacion
192,2026-02-26,COMBUSTIBLE TERPEL,69.65,Transporte
193,2026-02-26,COOMEVA MEDICINA PREPAGADA #9576 CIUDAD DE MEXICO,116.8,Salud
193,2026-03-29,AGENCIA DE VIAJES,48.01,Ocio
193,2026-04-23,JUMBO #2604 REF480191,145.34,Alimentacion
193,2026-04-26,NETFLIX #792,60.08,Ocio
193,2026-03-26,CONSULTORIO IMSS #8446 REF437503,265.78,Salud
193,2026-03-04,MOVISTAR PLAN CELULAR,83.25,Servicios
193,2026-02-24,DEPOSITO BANCO AZTECA CIUDAD DE MEXICO REF852067,96.32,Otros
193,2026-07-08,SUPERMERCADO D1 REF344599,45.98,Alimentacion
193,2026-05-21,PEAJE AUTOPISTA,206.55,Transporte
193,2026-04-10,FACTURA ENERGIA ENEL CODENSA #5214 CUCUTA REF880247,48.75,Servicios
193,2026-07-02,IZZI TELECOM #7256,24.9,Servicios
193,2026-02-06,FACTURA ACUEDUCTO,104.52,Servicios
193,2026-02-26,DISNEY PLUS #8306,79.42,Ocio
193,2026-05-22,PEAJE AUTOPISTA,93.03,Transporte
193,2026-04-30,SORIANA #3700 CIUDAD DE MEXICO REF774050,119.77,Alimentacion
193,2026-03-30,TELCEL PLAN CELULAR REF540391,120.98,Servicios
194,2026-06-07,CHEDRAUI #140 REF719032,76.73,Alimentacion
194,2026-07-08,FACTURA ACUEDUCTO #8777,116.54,Servicios
194,2026-05-05,DISNEY PLUS #2503,69.11,Ocio
194,2026-06-22,BAR RESTAURANTE AMIGOS REF540830,45.11,Ocio
194,2026-03-25,CHEDRAUI GUADALAJARA REF755017,164.97,Alimentacion
194,2026-02-08,ARRIENDO APARTAMENTO,647.87,Vivienda
194,2026-03-15,RETIRO CAJERO AUTOMATICO #7119,83.99,Otros
194,2026-03-05,IZZI TELECOM #9147 GUADALAJARA,139.29,Servicios
194,2026-06-10,GASOLINERA PEMEX #7393,79.0,Transporte
194,2026-02-22,SPOTIFY PREMIUM,11.84,Ocio
194,2026-07-15,IZZI TELECOM REF711514,42.57,Servicios
194,2026-02-26,COMBUSTIBLE TERPEL,93.74,Transporte
194,2026-04-09,FARMACIAS SIMILARES #9110 BARRANQUILLA,77.6,Salud
194,2026-04-20,PEAJE AUTOPISTA #2648,10.05,Transporte
194,2026-02-11,ARA TIENDA REF762277,247.9,Alimentacion
194,2026-07-06,STEAM VIDEOJUEGOS,110.48,Ocio
194,2026-02-14,BODEGA AURRERA,203.0,Alimentacion
194,2026-03-28,FARMATODO BOGOTA,62.83,Salud
194,2026-06-28,SORIANA #9864 MEDELLIN REF714608,41.29,Alimentacion
194,2026-06-02,SUPERMERCADO D1 MONTERREY,27.58,Alimentacion
194,2026-02-26,OXXO,198.25,Alimentacion
194,2026-03-23,ARRIENDO APARTAMENTO #5280 GUADALAJARA,614.4,Vivienda
194,2026-07-28,MOVISTAR PLAN CELULAR CARTAGENA,73.12,Servicios
194,2026-02-13,CONSULTORIO IMSS #1763,48.96,Salud
195,2026-04-10,WALMART SUPERCENTER #799,268.53,Alimentacion
195,2026-02-09,FACTURA ENERGIA ENEL CODENSA #1633,46.42,Servicios
195,2026-07-20,TRANSFERENCIA NEQUI,19.15,Otros
195,2026-05-14,PEAJE AUTOPISTA MEDELLIN,47.98,Transporte
195,2026-06-03,RETIRO CAJERO AUTOMATICO,16.62,Otros
195,2026-07-02,PLATZI CURSO ONLINE MONTERREY,171.93,Educacion
195,2026-07-22,DIDI,170.48,Transporte
195,2026-07-18,AGENCIA DE VIAJES,47.66,Ocio
195,2026-05-01,TRANSFERENCIA NEQUI #5057,85.51,Otros
195,2026-06-02,GASOLINERA PEMEX #7850,145.12,Transporte
195,2026-07-26,FARMACIAS SIMILARES,160.03,Salud
195,2026-03-26,ARA TIENDA,233.98,Alimentacion
195,2026-04-29,CINE COLOMBIA,113.25,Ocio
195,2026-06-02,CABIFY REF560515,11.98,Transporte
196,2026-04-28,COURSERA CURSO ONLINE #718 MEDELLIN,307.96,Educacion
196,2026-06-17,HOME DEPOT MEXICO #2781,274.3,Vivienda
196,2026-02-21,DIDI REF463813,117.68,Transporte
196,2026-06-08,COOMEVA MEDICINA PREPAGADA REF589227,297.76,Salud
196,2026-06-30,DIDI,181.51,Transporte
196,2026-03-29,UBER,29.47,Transporte
196,2026-06-19,ESTACION SERVICIO PRIMAX #7340 BOGOTA,151.27,Transporte
196,2026-05-19,SUPERAMA #9349,99.85,Alimentacion
196,2026-04-24,RETIRO CAJERO AUTOMATICO #5012,11.19,Otros
196,2026-03-29,FACTURA ENERGIA ENEL CODENSA MONTERREY,69.47,Servicios
196,2026-06-29,FARMACIAS DEL AHORRO #2204,81.91,Salud
196,2026-07-24,CINEPOLIS,107.36,Ocio
196,2026-07-24,FARMACIAS SIMILARES,111.14,Salud
196,2026-04-16,BAR RESTAURANTE AMIGOS MONTERREY,108.44,Ocio
196,2026-07-12,METROBUS CDMX #6285,10.12,Transporte
196,2026-07-23,WALMART SUPERCENTER,90.03,Alimentacion
196,2026-07-13,SUPERMERCADO D1 #3707 PUEBLA,72.7,Alimentacion
196,2026-04-15,TRANSFERENCIA NEQUI,49.71,Otros
196,2026-02-19,NETFLIX #7511,13.52,Ocio
196,2026-05-03,DIDI #4913 CALI,47.42,Transporte
197,2026-07-03,RENTA DEPARTAMENTO CIUDAD DE MEXICO,315.08,Vivienda
197,2026-05-01,CINE COLOMBIA #2201 REF712951,18.35,Ocio
197,2026-06-21,FARMACIAS SIMILARES,286.72,Salud
197,2026-07-08,IZZI TELECOM,23.13,Servicios
197,2026-05-07,COMBUSTIBLE TERPEL #9071,69.53,Transporte
197,2026-05-19,TRANSMILENIO,69.61,Transporte
197,2026-03-16,HOMECENTER REF659357,310.2,Vivienda
197,2026-05-22,EXITO #4051 REF478742,52.71,Alimentacion
197,2026-07-02,ESTACION SERVICIO PRIMAX #8000 CUCUTA REF197302,166.63,Transporte
197,2026-06-07,METROBUS CDMX,34.5,Transporte
197,2026-03-27,EXITO #9654,175.08,Alimentacion
197,2026-03-25,TELCEL PLAN CELULAR #3283 MONTERREY,31.72,Servicios
197,2026-07-10,CARULLA,28.34,Alimentacion
197,2026-04-17,ESTACION SERVICIO PRIMAX #1163 CIUDAD DE MEXICO,191.89,Transporte
197,2026-07-07,CARULLA MONTERREY REF578263,59.43,Alimentacion
197,2026-05-08,SUPERAMA #8693,223.53,Alimentacion
197,2026-03-05,FARMACIA CRUZ VERDE #9077 REF548595,170.22,Salud
197,2026-05-25,MOVISTAR PLAN CELULAR,25.51,Servicios
197,2026-04-12,ARA TIENDA #644 CUCUTA REF626597,258.42,Alimentacion
197,2026-02-09,RECARGA OXXO,51.98,Otros
198,2026-07-05,CARULLA #2613 CIUDAD DE MEXICO,210.06,Alimentacion
198,2026-04-14,GASOLINERA PEMEX #9747 REF521312,196.96,Transporte
198,2026-06-27,TRANSFERENCIA NEQUI REF994310,164.56,Otros
198,2026-06-16,COMBUSTIBLE TERPEL PUEBLA REF797134,173.92,Transporte
198,2026-07-20,SORIANA #551 TIJUANA,240.93,Alimentacion
198,2026-03-06,RETIRO CAJERO AUTOMATICO BARRANQUILLA,43.87,Otros
198,2026-07-02,ARA TIENDA,83.89,Alimentacion
198,2026-05-07,EPS SURA COPAGO #9892 CIUDAD DE MEXICO,97.36,Salud
198,2026-04-13,JUMBO #6649 BARRANQUILLA,108.03,Alimentacion
198,2026-07-18,EPS SURA COPAGO #8488 REF282313,127.1,Salud
198,2026-05-30,TELMEX INTERNET HOGAR #7535,88.51,Servicios
198,2026-06-02,PEAJE AUTOPISTA,41.98,Transporte
199,2026-05-07,CABIFY,41.15,Transporte
199,2026-05-29,SPOTIFY PREMIUM #6491,73.38,Ocio
199,2026-04-28,TRANSFERENCIA MERCADO PAGO #6924 REF595695,24.87,Otros
199,2026-05-23,SORIANA REF562979,108.11,Alimentacion
199,2026-03-10,RENTA DEPARTAMENTO #5306,356.76,Vivienda
199,2026-05-29,BAR RESTAURANTE AMIGOS #9546,9.98,Ocio
199,2026-03-27,ARA TIENDA,81.24,Alimentacion
199,2026-02-16,ADMINISTRACION CONJUNTO RESIDENCIAL #5650 REF579898,627.82,Vivienda
199,2026-06-04,TELCEL PLAN CELULAR,143.74,Servicios
199,2026-04-13,TRANSMILENIO MONTERREY,80.47,Transporte
200,2026-02-18,CARULLA #8921 PUEBLA,265.13,Alimentacion
200,2026-07-12,BODEGA AURRERA,109.22,Alimentacion
200,2026-07-06,UBER,165.05,Transporte
200,2026-07-26,PEAJE AUTOPISTA REF356736,78.52,Transporte
200,2026-07-30,CINE COLOMBIA #6318 QUERETARO REF970420,83.46,Ocio
200,2026-03-12,HOMECENTER,246.01,Vivienda
200,2026-06-08,ARRIENDO APARTAMENTO QUERETARO,223.01,Vivienda
200,2026-05-16,CARULLA REF905530,253.9,Alimentacion
200,2026-03-05,CONSULTORIO IMSS #5397,276.53,Salud
200,2026-06-13,COURSERA CURSO ONLINE #4958,357.8,Educacion
200,2026-05-16,AGENCIA DE VIAJES #9685,83.18,Ocio
200,2026-07-03,SORIANA TIJUANA REF800207,220.15,Alimentacion
200,2026-04-05,SORIANA,27.95,Alimentacion
200,2026-06-04,SORIANA #519,97.05,Alimentacion
200,2026-03-07,ARA TIENDA CIUDAD DE MEXICO REF466901,91.56,Alimentacion
200,2026-03-04,SORIANA PUEBLA,175.27,Alimentacion
200,2026-02-11,CARULLA #3894 BARRANQUILLA,102.55,Alimentacion
200,2026-07-06,METROBUS CDMX TIJUANA,39.7,Transporte
200,2026-04-11,PEAJE AUTOPISTA QUERETARO REF174615,129.29,Transporte
200,2026-07-29,CINE COLOMBIA #4213 REF519909,106.8,Ocio
200,2026-07-25,COLEGIATURA COLEGIO PRIVADO,168.3,Educacion
200,2026-07-22,JUMBO,44.39,Alimentacion
200,2026-07-01,OXXO,61.14,Alimentacion
200,2026-02-27,PEAJE AUTOPISTA REF751002,57.5,Transporte
200,2026-05-15,JUMBO #3386 QUERETARO,87.97,Alimentacion
200,2026-02-03,DISNEY PLUS CUCUTA REF164365,85.35,Ocio
201,2026-03-30,SPOTIFY PREMIUM #9005 REF925443,27.52,Ocio
201,2026-07-06,CARULLA CALI,38.56,Alimentacion
201,2026-05-15,CINEPOLIS,115.46,Ocio
201,2026-02-14,HOME DEPOT MEXICO MONTERREY,321.46,Vivienda
201,2026-05-11,CARULLA #8842,187.81,Alimentacion
201,2026-04-11,CHEDRAUI PUEBLA,16.59,Alimentacion
201,2026-05-31,STEAM VIDEOJUEGOS #4926 REF175232,91.26,Ocio
201,2026-02-13,SPOTIFY PREMIUM #8280,44.51,Ocio
201,2026-06-23,MATRICULA UNIVERSIDAD NACIONAL REF772572,45.9,Educacion
201,2026-06-06,JUMBO CUCUTA REF451813,168.55,Alimentacion
201,2026-04-23,DIDI,58.16,Transporte
202,2026-05-13,FARMACIAS GUADALAJARA #5394 TIJUANA,274.59,Salud
202,2026-04-03,RETIRO CAJERO AUTOMATICO #6052 QUERETARO,11.03,Otros
202,2026-04-23,CINEPOLIS,65.48,Ocio
202,2026-02-21,CINE COLOMBIA MEDELLIN,20.41,Ocio
202,2026-06-08,TELMEX INTERNET HOGAR #5799,56.54,Servicios
202,2026-07-09,PEAJE AUTOPISTA #2486 REF769150,195.21,Transporte
202,2026-07-29,DIDI #6024 REF501375,42.34,Transporte
202,2026-04-26,NETFLIX #4596 CUCUTA REF958166,125.73,Ocio
202,2026-07-05,BAR RESTAURANTE AMIGOS QUERETARO,30.72,Ocio
202,2026-03-15,RETIRO CAJERO AUTOMATICO,136.07,Otros
202,2026-03-16,CINEPOLIS REF242161,73.33,Ocio
202,2026-02-13,CHEDRAUI #3248 REF468232,239.96,Alimentacion
202,2026-03-16,ARA TIENDA #2526 MONTERREY REF113810,154.04,Alimentacion
202,2026-02-26,UBER,116.91,Transporte
202,2026-05-24,CINEPOLIS #4571 QUERETARO,29.43,Ocio
202,2026-05-04,ESTACION SERVICIO PRIMAX #1767,43.25,Transporte
203,2026-06-28,CHEDRAUI TIJUANA,165.33,Alimentacion
203,2026-02-11,ARRIENDO APARTAMENTO REF834222,590.45,Vivienda
203,2026-07-24,METROBUS CDMX GUADALAJARA,19.92,Transporte
203,2026-05-08,OXXO #1292 BARRANQUILLA REF401673,76.84,Alimentacion
203,2026-03-23,CARULLA REF899132,130.91,Alimentacion
203,2026-04-06,FARMATODO GUADALAJARA,79.69,Salud
203,2026-03-11,CABIFY TIJUANA,158.78,Transporte
203,2026-03-10,ADMINISTRACION CONJUNTO RESIDENCIAL #3737,609.6,Vivienda
203,2026-07-02,FACTURA ENERGIA ENEL CODENSA MONTERREY,72.21,Servicios
203,2026-04-19,FACTURA ACUEDUCTO #7384 CUCUTA,61.19,Servicios
203,2026-03-27,NETFLIX #5538,125.19,Ocio
203,2026-07-31,FARMACIAS DEL AHORRO BARRANQUILLA REF872350,141.78,Salud
203,2026-05-01,TRANSFERENCIA MERCADO PAGO REF412514,93.14,Otros
203,2026-07-19,TRANSFERENCIA MERCADO PAGO REF169916,69.78,Otros
203,2026-04-09,DIDI #3926,191.91,Transporte
203,2026-04-15,RETIRO CAJERO AUTOMATICO #2457 REF333487,106.72,Otros
203,2026-07-26,FACTURA ACUEDUCTO #9141 CARTAGENA,117.89,Servicios
203,2026-04-21,CINE COLOMBIA #6628 REF742640,106.48,Ocio
204,2026-02-09,METROBUS CDMX BOGOTA,198.2,Transporte
204,2026-07-23,SUPERMERCADO D1 BARRANQUILLA,172.03,Alimentacion
204,2026-05-05,METROBUS CDMX,158.33,Transporte
204,2026-04-05,SORIANA,219.33,Alimentacion
204,2026-06-20,COMBUSTIBLE TERPEL #8275,179.01,Transporte
204,2026-02-13,UBER #4018,89.01,Transporte
204,2026-07-10,WALMART SUPERCENTER CALI,23.33,Alimentacion
204,2026-05-21,PEAJE AUTOPISTA CIUDAD DE MEXICO,90.38,Transporte
204,2026-02-05,SUPERMERCADO D1,185.18,Alimentacion
204,2026-02-28,FACTURA ACUEDUCTO #1725,75.8,Servicios
204,2026-06-16,SUPERMERCADO D1 #1525,204.73,Alimentacion
204,2026-04-25,HOMECENTER,328.49,Vivienda
204,2026-06-29,AGENCIA DE VIAJES,84.34,Ocio
204,2026-03-25,FARMACIA CRUZ VERDE CUCUTA,68.13,Salud
204,2026-07-20,OXXO REF258569,204.84,Alimentacion
204,2026-02-23,COMBUSTIBLE TERPEL #4021,119.14,Transporte
204,2026-06-14,BODEGA AURRERA #9991 BOGOTA,63.06,Alimentacion
205,2026-05-21,DIDI #5678,151.46,Transporte
205,2026-05-13,FACTURA ACUEDUCTO,49.04,Servicios
205,2026-06-03,CHEDRAUI,126.15,Alimentacion
205,2026-07-10,WALMART SUPERCENTER REF345715,42.1,Alimentacion
205,2026-07-12,COURSERA CURSO ONLINE,102.24,Educacion
205,2026-07-01,DIDI #4817,10.19,Transporte
205,2026-03-26,TELMEX INTERNET HOGAR #1810,20.3,Servicios
205,2026-02-13,DIDI,205.46,Transporte
205,2026-02-02,BAR RESTAURANTE AMIGOS #534 REF190744,35.29,Ocio
205,2026-02-22,IZZI TELECOM REF856402,104.55,Servicios
205,2026-02-07,SUPERMERCADO D1 #1965,228.17,Alimentacion
205,2026-05-30,ARRIENDO APARTAMENTO #7928,425.33,Vivienda
205,2026-07-13,ARA TIENDA CARTAGENA,49.82,Alimentacion
205,2026-03-22,PAGO MULTA TRANSITO,133.78,Otros
205,2026-02-26,TRANSMILENIO BARRANQUILLA,130.05,Transporte
205,2026-05-30,COMBUSTIBLE TERPEL #4111,156.25,Transporte
205,2026-05-26,DISNEY PLUS REF250157,101.22,Ocio
205,2026-03-31,PEAJE AUTOPISTA,205.08,Transporte
206,2026-05-05,FACTURA ACUEDUCTO #9172 TIJUANA,31.12,Servicios
206,2026-07-06,STEAM VIDEOJUEGOS REF198825,45.98,Ocio
206,2026-04-22,FARMACIA CRUZ VERDE REF548759,247.49,Salud
206,2026-06-25,DIDI #3709,129.46,Transporte
206,2026-04-29,CINEPOLIS #5759 CUCUTA,54.2,Ocio
206,2026-04-17,TELMEX INTERNET HOGAR,78.91,Servicios
206,2026-03-06,METROBUS CDMX REF392219,180.91,Transporte
206,2026-05-12,UBER CIUDAD DE MEXICO,78.0,Transporte
206,2026-04-24,SORIANA,236.11,Alimentacion
206,2026-06-29,STEAM VIDEOJUEGOS TIJUANA REF542185,16.02,Ocio
206,2026-02-02,FARMACIAS SIMILARES CUCUTA,236.39,Salud
206,2026-06-26,CHEDRAUI TIJUANA,230.36,Alimentacion
206,2026-07-30,BODEGA AURRERA #7261,57.27,Alimentacion
206,2026-02-05,ARA TIENDA #8184,121.89,Alimentacion
206,2026-05-04,HOME DEPOT MEXICO,232.75,Vivienda
206,2026-03-20,COURSERA CURSO ONLINE REF221862,289.98,Educacion
206,2026-07-08,COMBUSTIBLE TERPEL #3435 PUEBLA,117.07,Transporte
206,2026-06-25,PEAJE AUTOPISTA,137.06,Transporte
206,2026-02-03,COOMEVA MEDICINA PREPAGADA #2656,71.0,Salud
206,2026-04-09,TELMEX INTERNET HOGAR #6566,43.59,Servicios
206,2026-03-20,ARA TIENDA #3699,20.79,Alimentacion
206,2026-07-25,COMBUSTIBLE TERPEL #2366,74.41,Transporte
206,2026-05-28,DEPOSITO BANCO AZTECA #8586 BARRANQUILLA REF956798,105.16,Otros
206,2026-03-06,COOMEVA MEDICINA PREPAGADA #3581,259.51,Salud
206,2026-02-18,PEAJE AUTOPISTA #8951,143.39,Transporte
207,2026-02-28,UBER BARRANQUILLA,155.22,Transporte
207,2026-07-18,OXXO,41.54,Alimentacion
207,2026-06-06,ARA TIENDA #6155 REF691318,88.72,Alimentacion
207,2026-03-18,COMBUSTIBLE TERPEL #5536 MEDELLIN,116.49,Transporte
207,2026-03-06,FACTURA ENERGIA ENEL CODENSA MONTERREY,91.2,Servicios
207,2026-07-15,FACTURA ENERGIA ENEL CODENSA #1216 BOGOTA,96.08,Servicios
207,2026-05-08,DIDI,43.25,Transporte
207,2026-05-13,SUPERAMA TIJUANA,108.73,Alimentacion
207,2026-07-05,UBER PUEBLA,133.44,Transporte
207,2026-03-29,ADMINISTRACION CONDOMINIO,634.91,Vivienda
207,2026-02-13,PAGO MULTA TRANSITO PUEBLA REF585060,133.7,Otros
207,2026-03-30,BODEGA AURRERA,249.88,Alimentacion
207,2026-03-21,TELCEL PLAN CELULAR #6093,117.9,Servicios
207,2026-04-10,MATRICULA UNIVERSIDAD NACIONAL #9459,246.89,Educacion
208,2026-07-24,ARA TIENDA #1175 REF436433,147.45,Alimentacion
208,2026-03-03,PEAJE AUTOPISTA #3206 TIJUANA,76.89,Transporte
208,2026-05-31,UBER #2556,113.86,Transporte
208,2026-05-20,COLEGIATURA COLEGIO PRIVADO,99.08,Educacion
208,2026-03-10,SORIANA QUERETARO,219.35,Alimentacion
208,2026-03-29,SUPERAMA #4485,58.3,Alimentacion
208,2026-06-21,CINE COLOMBIA #3416 MONTERREY,15.62,Ocio
208,2026-02-16,RENTA DEPARTAMENTO #6395,368.12,Vivienda
208,2026-06-19,WALMART SUPERCENTER #6178,181.16,Alimentacion
208,2026-07-30,PEAJE AUTOPISTA #5012,97.54,Transporte
208,2026-04-02,CONSULTORIO IMSS REF691714,93.87,Salud
208,2026-06-19,EXITO,155.12,Alimentacion
208,2026-07-02,PAGO INFONAVIT #7569,323.5,Vivienda
208,2026-03-24,OXXO #5327 QUERETARO,252.55,Alimentacion
208,2026-06-24,ADMINISTRACION CONJUNTO RESIDENCIAL #9972 GUADALAJARA,611.32,Vivienda
208,2026-05-18,SUPERMERCADO D1 CUCUTA,140.62,Alimentacion
208,2026-04-08,NETFLIX #8020,45.99,Ocio
208,2026-04-13,MATRICULA UNIVERSIDAD NACIONAL,301.42,Educacion
208,2026-02-25,HOME DEPOT MEXICO REF482483,168.36,Vivienda
208,2026-02-07,DIDI #7558 REF739002,104.95,Transporte
208,2026-06-23,TRANSMILENIO #4458 PUEBLA,77.26,Transporte
208,2026-04-29,JUMBO,249.34,Alimentacion
208,2026-07-09,CHEDRAUI REF978484,13.12,Alimentacion
208,2026-05-20,CINEPOLIS #317,74.1,Ocio
209,2026-07-07,ESTACION SERVICIO PRIMAX #9713 CARTAGENA REF836204,106.7,Transporte
209,2026-07-24,SORIANA,121.58,Alimentacion
209,2026-05-26,DISNEY PLUS #9283,14.36,Ocio
209,2026-06-09,DAVIPLATA,28.05,Otros
209,2026-07-09,JUMBO,227.74,Alimentacion
209,2026-04-24,SPOTIFY PREMIUM #6701 REF364397,34.98,Ocio
209,2026-05-20,OXXO,60.69,Alimentacion
209,2026-02-04,MOVISTAR PLAN CELULAR CUCUTA REF618893,83.16,Servicios
209,2026-03-16,SUPERAMA #6077 MONTERREY REF511928,209.87,Alimentacion
209,2026-07-21,CABIFY REF102740,22.39,Transporte
209,2026-04-26,EPS SURA COPAGO #6508 REF798917,179.39,Salud
209,2026-06-08,FARMACIAS GUADALAJARA #494,48.97,Salud
209,2026-07-17,PAGO MULTA TRANSITO,16.2,Otros
209,2026-04-15,RECARGA OXXO,18.97,Otros
209,2026-07-17,TRANSFERENCIA NEQUI #3389 REF161040,151.81,Otros
210,2026-07-31,BODEGA AURRERA GUADALAJARA,126.76,Alimentacion
210,2026-02-17,FARMACIAS DEL AHORRO REF652313,179.62,Salud
210,2026-02-28,ICETEX CREDITO EDUCATIVO #4665 MONTERREY,239.09,Educacion
210,2026-02-19,FARMACIA CRUZ VERDE BARRANQUILLA,109.74,Salud
210,2026-02-17,DIDI #6940,73.11,Transporte
210,2026-07-14,CARULLA #2346,37.72,Alimentacion
210,2026-04-05,GASOLINERA PEMEX,83.36,Transporte
210,2026-02-07,DEPOSITO BANCO AZTECA #3709 MEDELLIN REF465797,26.91,Otros
210,2026-04-12,CINE COLOMBIA REF742643,100.82,Ocio
210,2026-06-26,CINE COLOMBIA,125.78,Ocio
210,2026-02-26,BODEGA AURRERA REF542699,262.22,Alimentacion
210,2026-07-05,SORIANA REF863859,234.92,Alimentacion
210,2026-06-29,METROBUS CDMX #1710,130.16,Transporte
210,2026-02-11,MOVISTAR PLAN CELULAR #3969,109.62,Servicios
210,2026-06-20,FACTURA ENERGIA ENEL CODENSA #6596,53.5,Servicios
210,2026-03-22,DIDI #2703 CIUDAD DE MEXICO,136.15,Transporte
210,2026-04-21,TRANSFERENCIA MERCADO PAGO #3290,87.46,Otros
210,2026-03-16,PLATZI CURSO ONLINE #9116,205.76,Educacion
210,2026-03-09,MATRICULA UNIVERSIDAD NACIONAL #9615,309.17,Educacion
210,2026-02-27,DISNEY PLUS #7908 REF438392,40.24,Ocio
210,2026-04-28,PAGO MULTA TRANSITO #9095,64.07,Otros
210,2026-05-18,ADMINISTRACION CONDOMINIO #580,612.32,Vivienda
210,2026-06-13,CHEDRAUI #6449,24.62,Alimentacion
210,2026-04-21,DISNEY PLUS,65.7,Ocio
210,2026-05-14,ESTACION SERVICIO PRIMAX,192.56,Transporte
210,2026-06-14,NETFLIX #6015 REF732783,81.3,Ocio
211,2026-04-04,AGENCIA DE VIAJES,7.0,Ocio
211,2026-07-27,COURSERA CURSO ONLINE #372,386.38,Educacion
211,2026-02-21,SUPERMERCADO D1 #316 MONTERREY,108.02,Alimentacion
211,2026-05-04,JUMBO #476,166.84,Alimentacion
211,2026-07-01,SUPERMERCADO D1 #3197,30.73,Alimentacion
211,2026-07-26,FACTURA ENERGIA ENEL CODENSA #785 GUADALAJARA,107.22,Servicios
211,2026-04-14,PAGO INFONAVIT #2930,616.28,Vivienda
211,2026-02-19,BODEGA AURRERA #4019,159.67,Alimentacion
211,2026-02-05,COMBUSTIBLE TERPEL,35.22,Transporte
211,2026-03-01,SUPERAMA,161.25,Alimentacion
211,2026-04-25,DIDI,163.27,Transporte
211,2026-04-27,AGENCIA DE VIAJES,55.8,Ocio
211,2026-03-13,WALMART SUPERCENTER TIJUANA,238.76,Alimentacion
212,2026-03-10,PEAJE AUTOPISTA #4485,50.36,Transporte
212,2026-04-13,COOMEVA MEDICINA PREPAGADA,274.02,Salud
212,2026-03-21,TELCEL PLAN CELULAR CIUDAD DE MEXICO,117.65,Servicios
212,2026-07-30,CABIFY #7648,145.28,Transporte
212,2026-02-25,ADMINISTRACION CONDOMINIO #2706,300.48,Vivienda
212,2026-03-16,CINEPOLIS #7155,28.01,Ocio
212,2026-07-16,EXITO,206.68,Alimentacion
212,2026-06-19,COMBUSTIBLE TERPEL,104.83,Transporte
212,2026-03-08,FARMACIA CRUZ VERDE #3328 PUEBLA,79.35,Salud
212,2026-03-02,CHEDRAUI #8128,170.32,Alimentacion
212,2026-07-24,UBER REF689538,18.07,Transporte
212,2026-02-05,SUPERMERCADO D1 #5853 BOGOTA,94.8,Alimentacion
212,2026-07-07,FACTURA ENERGIA ENEL CODENSA #5727 CALI,78.26,Servicios
212,2026-02-06,UBER #1160 GUADALAJARA,39.59,Transporte
212,2026-05-08,MOVISTAR PLAN CELULAR,147.93,Servicios
212,2026-05-22,CARULLA #4015,64.37,Alimentacion
212,2026-06-23,ICETEX CREDITO EDUCATIVO #3125,73.88,Educacion
212,2026-02-04,BAR RESTAURANTE AMIGOS,30.44,Ocio
212,2026-05-03,WALMART SUPERCENTER #8759 QUERETARO,209.96,Alimentacion
212,2026-02-21,ESTACION SERVICIO PRIMAX #7167,95.1,Transporte
212,2026-05-15,ARA TIENDA #1384,157.01,Alimentacion
213,2026-04-16,TRANSMILENIO,175.91,Transporte
213,2026-05-28,SUPERMERCADO D1 GUADALAJARA REF563745,44.76,Alimentacion
213,2026-04-27,CABIFY,197.08,Transporte
213,2026-05-27,COURSERA CURSO ONLINE REF546066,306.78,Educacion
213,2026-03-23,TRANSFERENCIA NEQUI BARRANQUILLA,170.03,Otros
213,2026-04-14,COURSERA CURSO ONLINE #2717 PUEBLA,278.73,Educacion
213,2026-06-01,SPOTIFY PREMIUM REF985084,50.43,Ocio
213,2026-07-16,ADMINISTRACION CONDOMINIO #1308,619.09,Vivienda
213,2026-03-15,COMBUSTIBLE TERPEL,65.11,Transporte
213,2026-06-03,SUPERMERCADO D1,96.36,Alimentacion
213,2026-06-03,FACTURA ACUEDUCTO,109.61,Servicios
213,2026-05-04,TRANSFERENCIA MERCADO PAGO REF626470,140.1,Otros
213,2026-02-26,RETIRO CAJERO AUTOMATICO REF487236,168.0,Otros
213,2026-06-01,FARMACIAS SIMILARES #856 REF284239,73.37,Salud
213,2026-04-03,JUMBO #6027,217.48,Alimentacion
213,2026-02-21,BODEGA AURRERA #5526 BOGOTA,202.02,Alimentacion
213,2026-05-29,CARULLA,26.59,Alimentacion
213,2026-06-21,UBER #1485,87.44,Transporte
213,2026-02-07,IZZI TELECOM #1856,53.17,Servicios
214,2026-04-07,BAR RESTAURANTE AMIGOS,59.32,Ocio
214,2026-07-10,SUPERMERCADO D1 REF744228,236.08,Alimentacion
214,2026-04-21,CONSULTORIO IMSS #2649 PUEBLA,66.49,Salud
214,2026-04-11,SPOTIFY PREMIUM,123.46,Ocio
214,2026-02-07,FARMATODO,77.35,Salud
214,2026-02-23,COMBUSTIBLE TERPEL #4884,75.24,Transporte
214,2026-07-29,RETIRO CAJERO AUTOMATICO #3319 BARRANQUILLA,138.55,Otros
214,2026-03-10,EPS SURA COPAGO #6281,127.22,Salud
214,2026-05-04,NETFLIX,81.03,Ocio
214,2026-04-21,TRANSFERENCIA NEQUI,85.58,Otros
214,2026-06-09,SUPERAMA PUEBLA,203.02,Alimentacion
214,2026-06-24,METROBUS CDMX MEDELLIN,55.67,Transporte
214,2026-03-13,SORIANA MEDELLIN,25.2,Alimentacion
214,2026-05-30,IZZI TELECOM #894,55.49,Servicios
214,2026-06-01,SORIANA #9037 REF203326,133.32,Alimentacion
214,2026-02-06,DISNEY PLUS #3967 MONTERREY,26.0,Ocio
214,2026-06-05,FARMACIAS SIMILARES,116.12,Salud
214,2026-02-15,COMBUSTIBLE TERPEL #9362,90.0,Transporte
214,2026-04-03,RENTA DEPARTAMENTO,178.7,Vivienda
214,2026-07-26,FARMACIAS DEL AHORRO REF144817,181.24,Salud
214,2026-07-29,ESTACION SERVICIO PRIMAX #1733,186.87,Transporte
214,2026-02-14,DIDI #9285,40.35,Transporte
215,2026-03-04,ARA TIENDA #8768,189.85,Alimentacion
215,2026-04-29,FARMACIAS DEL AHORRO,203.48,Salud
215,2026-07-02,METROBUS CDMX #6578,17.68,Transporte
215,2026-07-02,AGENCIA DE VIAJES #1382 GUADALAJARA,51.03,Ocio
215,2026-05-02,TELCEL PLAN CELULAR,147.17,Servicios
215,2026-04-10,CABIFY,94.15,Transporte
215,2026-03-19,NETFLIX #8200 MEDELLIN REF987165,67.74,Ocio
215,2026-02-14,CINEPOLIS QUERETARO REF820781,118.74,Ocio
215,2026-05-15,PAGO INFONAVIT,508.63,Vivienda
215,2026-06-06,DIDI CIUDAD DE MEXICO,126.41,Transporte
215,2026-06-17,SUPERAMA #7588 REF412675,217.43,Alimentacion
215,2026-03-17,FACTURA ACUEDUCTO #4941 REF516056,131.69,Servicios
215,2026-05-28,COOMEVA MEDICINA PREPAGADA,145.21,Salud
215,2026-03-30,DIDI,105.02,Transporte
215,2026-07-24,ADMINISTRACION CONJUNTO RESIDENCIAL #9254,343.03,Vivienda
215,2026-06-03,TRANSMILENIO #9985,203.34,Transporte
215,2026-02-01,FACTURA ACUEDUCTO REF252008,109.12,Servicios
215,2026-02-28,COLEGIATURA COLEGIO PRIVADO #2847 REF445852,56.21,Educacion
216,2026-06-18,JUMBO #2478 REF573602,238.21,Alimentacion
216,2026-07-02,SUPERMERCADO D1 #2132 REF662533,63.04,Alimentacion
216,2026-02-08,DIDI,175.29,Transporte
216,2026-05-20,PEAJE AUTOPISTA,121.54,Transporte
216,2026-06-27,AGENCIA DE VIAJES CALI,11.83,Ocio
216,2026-04-16,CARULLA #9050,262.68,Alimentacion
216,2026-04-12,ESTACION SERVICIO PRIMAX REF109870,112.52,Transporte
216,2026-02-01,ARA TIENDA,85.63,Alimentacion
216,2026-04-29,TRANSMILENIO #6783 MEDELLIN REF583391,103.88,Transporte
216,2026-07-05,PAGO MULTA TRANSITO,155.84,Otros
217,2026-06-07,CINE COLOMBIA #9284 REF979944,25.77,Ocio
217,2026-02-17,NETFLIX #2831 REF317245,46.59,Ocio
217,2026-02-03,PAGO MULTA TRANSITO #8189,169.79,Otros
217,2026-05-31,SORIANA #3286 REF978264,99.19,Alimentacion
217,2026-07-20,BODEGA AURRERA,266.91,Alimentacion
217,2026-04-27,COMBUSTIBLE TERPEL #2776,107.05,Transporte
217,2026-06-01,STEAM VIDEOJUEGOS,27.4,Ocio
217,2026-02-20,FACTURA ACUEDUCTO #4662,135.3,Servicios
217,2026-05-23,WALMART SUPERCENTER REF948006,129.69,Alimentacion
217,2026-07-14,BODEGA AURRERA MONTERREY,194.51,Alimentacion
217,2026-07-04,FACTURA CFE,147.8,Servicios
217,2026-03-15,EPS SURA COPAGO REF830032,29.3,Salud
217,2026-03-11,GASOLINERA PEMEX #1700,29.34,Transporte
217,2026-07-29,ARA TIENDA #6483 BOGOTA,197.32,Alimentacion
217,2026-02-22,DEPOSITO BANCO AZTECA #6652,57.91,Otros
217,2026-03-16,BODEGA AURRERA #5111,57.92,Alimentacion
217,2026-06-16,CINEPOLIS QUERETARO,9.92,Ocio
218,2026-07-14,CINE COLOMBIA #1622,102.94,Ocio
218,2026-04-07,TRANSFERENCIA NEQUI,11.79,Otros
218,2026-02-01,SUPERMERCADO D1 #3808,208.09,Alimentacion
218,2026-05-23,HOMECENTER #2912,596.65,Vivienda
218,2026-07-16,BODEGA AURRERA,122.54,Alimentacion
218,2026-07-28,TRANSMILENIO #3945,117.11,Transporte
218,2026-03-12,OXXO #5179 CALI,134.02,Alimentacion
218,2026-04-28,DAVIPLATA #604 BARRANQUILLA,76.17,Otros
218,2026-07-08,BODEGA AURRERA #6839,240.73,Alimentacion
218,2026-05-22,OXXO #1167,242.42,Alimentacion
218,2026-02-23,BODEGA AURRERA #5161 REF665341,97.31,Alimentacion
218,2026-05-16,MOVISTAR PLAN CELULAR #5341,98.03,Servicios
218,2026-06-16,RETIRO CAJERO AUTOMATICO,167.57,Otros
218,2026-06-10,ESTACION SERVICIO PRIMAX REF774238,202.41,Transporte
218,2026-06-17,UBER PUEBLA,111.79,Transporte
218,2026-02-12,SUPERMERCADO D1 #6362,127.73,Alimentacion
218,2026-06-02,RENTA DEPARTAMENTO,289.35,Vivienda
218,2026-03-15,SORIANA #4196 MEDELLIN,259.31,Alimentacion
218,2026-05-14,COOMEVA MEDICINA PREPAGADA PUEBLA,55.7,Salud
218,2026-02-09,SUPERAMA BOGOTA,160.76,Alimentacion
218,2026-03-16,ARA TIENDA #3234 BARRANQUILLA,83.46,Alimentacion
218,2026-03-19,CINE COLOMBIA #7843,39.88,Ocio
219,2026-05-20,FARMACIAS SIMILARES,105.19,Salud
219,2026-04-07,OXXO #2288,32.61,Alimentacion
219,2026-03-10,UBER CARTAGENA REF895993,70.64,Transporte
219,2026-02-20,TELMEX INTERNET HOGAR,145.49,Servicios
219,2026-04-14,TRANSFERENCIA NEQUI,170.6,Otros
219,2026-05-08,TRANSMILENIO #1674,76.98,Transporte
219,2026-03-02,CHEDRAUI #9102 REF899038,158.42,Alimentacion
219,2026-05-22,FARMACIAS GUADALAJARA #9119,274.23,Salud
219,2026-03-21,COURSERA CURSO ONLINE,27.32,Educacion
219,2026-07-27,MATRICULA UNAM #8929,329.01,Educacion
219,2026-04-12,ESTACION SERVICIO PRIMAX #464,199.67,Transporte
219,2026-07-11,SPOTIFY PREMIUM,16.42,Ocio
219,2026-04-08,ARA TIENDA QUERETARO,51.98,Alimentacion
219,2026-07-31,SORIANA #5973,259.79,Alimentacion
219,2026-02-06,FACTURA ACUEDUCTO,87.57,Servicios
219,2026-06-09,CHEDRAUI QUERETARO,13.69,Alimentacion
220,2026-03-21,PLATZI CURSO ONLINE,132.82,Educacion
220,2026-04-18,GASOLINERA PEMEX #372,117.64,Transporte
220,2026-06-27,TRANSFERENCIA MERCADO PAGO CARTAGENA,100.67,Otros
220,2026-04-11,RECARGA OXXO,78.96,Otros
220,2026-06-30,OXXO,53.98,Alimentacion
220,2026-02-07,COMBUSTIBLE TERPEL,205.49,Transporte
220,2026-05-15,TRANSFERENCIA MERCADO PAGO #8136 REF494675,155.06,Otros
220,2026-02-16,SPOTIFY PREMIUM,67.29,Ocio
220,2026-07-18,TRANSMILENIO,130.65,Transporte
220,2026-07-26,MOVISTAR PLAN CELULAR #5847 QUERETARO,45.68,Servicios
220,2026-02-25,EPS SURA COPAGO #9571,169.98,Salud
220,2026-04-28,FACTURA ENERGIA ENEL CODENSA,108.82,Servicios
220,2026-06-06,CHEDRAUI #8688,143.94,Alimentacion
220,2026-05-15,DIDI #3283,208.06,Transporte
221,2026-05-30,FACTURA CFE #9893,120.54,Servicios
221,2026-04-15,OXXO #2566 CARTAGENA,135.88,Alimentacion
221,2026-05-15,EXITO #3701,216.44,Alimentacion
221,2026-04-23,UBER #7112 CIUDAD DE MEXICO,125.3,Transporte
221,2026-03-12,SORIANA #5230,98.94,Alimentacion
221,2026-04-27,ADMINISTRACION CONDOMINIO #8224 GUADALAJARA,554.99,Vivienda
221,2026-05-07,FACTURA CFE,47.17,Servicios
221,2026-05-28,WALMART SUPERCENTER,68.34,Alimentacion
221,2026-03-11,DEPOSITO BANCO AZTECA #4032,95.77,Otros
221,2026-05-02,NETFLIX #2562 GUADALAJARA,37.61,Ocio
221,2026-04-02,BODEGA AURRERA #3372 MEDELLIN,12.36,Alimentacion
221,2026-07-20,COOMEVA MEDICINA PREPAGADA #9739 BOGOTA,199.76,Salud
221,2026-05-01,CINEPOLIS,68.89,Ocio
221,2026-03-19,CLARO HOGAR INTERNET #4859,75.14,Servicios
222,2026-02-08,TELCEL PLAN CELULAR #5702,132.18,Servicios
222,2026-02-10,SORIANA #622,161.61,Alimentacion
222,2026-07-11,FARMACIA CRUZ VERDE #573,219.63,Salud
222,2026-04-30,ARA TIENDA,106.73,Alimentacion
222,2026-04-20,RETIRO CAJERO AUTOMATICO #9895,25.72,Otros
222,2026-06-06,RETIRO CAJERO AUTOMATICO #1767,87.84,Otros
222,2026-05-14,CONSULTORIO IMSS CIUDAD DE MEXICO REF865634,127.43,Salud
222,2026-04-18,BAR RESTAURANTE AMIGOS,113.38,Ocio
222,2026-02-10,NETFLIX #7662,35.5,Ocio
222,2026-06-27,TELCEL PLAN CELULAR PUEBLA REF490976,145.51,Servicios
222,2026-02-23,UBER REF773084,201.63,Transporte
222,2026-03-06,SUPERMERCADO D1 REF289247,74.38,Alimentacion
222,2026-03-30,IZZI TELECOM #4782,61.99,Servicios
222,2026-06-06,TELCEL PLAN CELULAR #2648 BOGOTA,135.9,Servicios
222,2026-05-30,TRANSFERENCIA MERCADO PAGO #628,174.33,Otros
222,2026-05-06,BODEGA AURRERA QUERETARO,125.29,Alimentacion
222,2026-02-26,CHEDRAUI #5055 REF443213,93.46,Alimentacion
222,2026-03-24,ESTACION SERVICIO PRIMAX #2827,115.22,Transporte
223,2026-04-18,RETIRO CAJERO AUTOMATICO,64.52,Otros
223,2026-07-12,METROBUS CDMX #1664 CUCUTA,48.45,Transporte
223,2026-05-11,CINE COLOMBIA #5921 REF538732,43.68,Ocio
223,2026-06-19,SPOTIFY PREMIUM #8738,126.86,Ocio
223,2026-02-23,IZZI TELECOM,70.5,Servicios
223,2026-07-12,BODEGA AURRERA,125.63,Alimentacion
223,2026-07-03,ADMINISTRACION CONDOMINIO,438.27,Vivienda
223,2026-07-07,UBER MONTERREY,206.67,Transporte
223,2026-07-21,CINEPOLIS REF851280,35.2,Ocio
223,2026-06-13,COOMEVA MEDICINA PREPAGADA BARRANQUILLA,209.17,Salud
223,2026-04-28,BODEGA AURRERA CALI REF737813,196.16,Alimentacion
223,2026-07-05,CINE COLOMBIA,80.92,Ocio
223,2026-07-09,OXXO #7836,33.03,Alimentacion
223,2026-06-11,DIDI #4187 TIJUANA,145.37,Transporte
223,2026-04-07,RETIRO CAJERO AUTOMATICO #738 BARRANQUILLA,20.9,Otros
224,2026-04-18,FACTURA ACUEDUCTO,128.91,Servicios
224,2026-04-12,PEAJE AUTOPISTA #5225,102.07,Transporte
224,2026-06-14,JUMBO #5073 MONTERREY,66.57,Alimentacion
224,2026-02-06,SPOTIFY PREMIUM #9896 CALI REF421688,21.72,Ocio
224,2026-02-04,BODEGA AURRERA REF209724,257.86,Alimentacion
224,2026-02-02,FARMACIAS SIMILARES BOGOTA,35.71,Salud
224,2026-06-25,CLARO HOGAR INTERNET #4196 QUERETARO REF661561,41.88,Servicios
224,2026-03-26,PEAJE AUTOPISTA MEDELLIN,79.56,Transporte
224,2026-04-25,DIDI #6342,134.05,Transporte
224,2026-07-09,ARRIENDO APARTAMENTO,422.4,Vivienda
225,2026-03-12,TRANSMILENIO #5862,83.34,Transporte
225,2026-02-12,FACTURA ENERGIA ENEL CODENSA BOGOTA REF776738,67.77,Servicios
225,2026-05-27,CINEPOLIS,127.06,Ocio
225,2026-06-14,CONSULTORIO IMSS CARTAGENA REF450934,287.08,Salud
225,2026-07-26,PAGO INFONAVIT #8484,550.07,Vivienda
225,2026-04-25,CLARO HOGAR INTERNET,47.62,Servicios
225,2026-05-16,OXXO #3080 CIUDAD DE MEXICO,27.69,Alimentacion
225,2026-05-05,DAVIPLATA #6639,63.87,Otros
226,2026-05-08,CARULLA,103.52,Alimentacion
226,2026-05-02,GASOLINERA PEMEX #1636,147.45,Transporte
226,2026-03-23,CABIFY #9256,72.57,Transporte
226,2026-07-18,DIDI #3993 CIUDAD DE MEXICO,22.18,Transporte
226,2026-07-06,CABIFY PUEBLA REF192467,150.31,Transporte
226,2026-03-03,COOMEVA MEDICINA PREPAGADA BARRANQUILLA,17.8,Salud
226,2026-06-07,METROBUS CDMX PUEBLA,91.84,Transporte
226,2026-05-10,CINE COLOMBIA #4300,46.17,Ocio
227,2026-05-26,BODEGA AURRERA #1302,190.16,Alimentacion
227,2026-03-03,COMBUSTIBLE TERPEL GUADALAJARA REF350996,207.47,Transporte
227,2026-07-17,ESTACION SERVICIO PRIMAX,55.03,Transporte
227,2026-07-29,DAVIPLATA QUERETARO,122.59,Otros
227,2026-02-21,FARMACIAS DEL AHORRO,188.76,Salud
227,2026-06-23,BAR RESTAURANTE AMIGOS,119.39,Ocio
227,2026-06-21,DISNEY PLUS #8862,24.55,Ocio
227,2026-07-03,DISNEY PLUS,98.97,Ocio
227,2026-04-13,DISNEY PLUS #3535 MONTERREY,76.03,Ocio
227,2026-04-18,CINEPOLIS,39.33,Ocio
227,2026-03-12,FACTURA ENERGIA ENEL CODENSA,79.05,Servicios
227,2026-04-01,JUMBO,96.78,Alimentacion
227,2026-05-04,ESTACION SERVICIO PRIMAX #3387 GUADALAJARA,125.86,Transporte
227,2026-03-28,TELMEX INTERNET HOGAR MONTERREY,135.02,Servicios
227,2026-05-18,METROBUS CDMX TIJUANA REF767013,123.86,Transporte
227,2026-05-10,MATRICULA UNAM REF565319,261.9,Educacion
227,2026-05-07,FARMATODO,162.84,Salud
227,2026-04-11,BODEGA AURRERA #5314 CARTAGENA,23.3,Alimentacion
227,2026-06-01,ESTACION SERVICIO PRIMAX,56.57,Transporte
227,2026-03-24,ARRIENDO APARTAMENTO CUCUTA,396.0,Vivienda
227,2026-07-10,FARMACIA CRUZ VERDE REF139467,103.42,Salud
227,2026-06-24,FARMACIAS GUADALAJARA REF394421,66.8,Salud
227,2026-02-12,JUMBO,141.07,Alimentacion
227,2026-05-27,AGENCIA DE VIAJES #9165 TIJUANA,45.35,Ocio
227,2026-07-23,COMBUSTIBLE TERPEL,61.62,Transporte
228,2026-04-10,JUMBO CARTAGENA,37.62,Alimentacion
228,2026-03-29,FARMACIAS GUADALAJARA,236.13,Salud
228,2026-03-04,WALMART SUPERCENTER #4565 REF356951,220.07,Alimentacion
228,2026-04-19,SORIANA #7266,209.62,Alimentacion
228,2026-04-21,CLARO HOGAR INTERNET #887,30.39,Servicios
228,2026-02-05,PAGO INFONAVIT REF728412,471.95,Vivienda
228,2026-02-21,OXXO,226.92,Alimentacion
228,2026-05-01,ADMINISTRACION CONJUNTO RESIDENCIAL REF189644,438.68,Vivienda
228,2026-06-06,COURSERA CURSO ONLINE,267.4,Educacion
228,2026-03-13,NETFLIX,62.3,Ocio
228,2026-03-31,SUPERMERCADO D1 #6928 PUEBLA,147.46,Alimentacion
228,2026-07-26,FACTURA CFE #6578 MONTERREY,19.64,Servicios
228,2026-02-26,DEPOSITO BANCO AZTECA #9317,118.62,Otros
228,2026-05-22,AGENCIA DE VIAJES #6167 PUEBLA,15.18,Ocio
229,2026-03-15,DISNEY PLUS #1743,18.04,Ocio
229,2026-02-12,SUPERAMA,47.83,Alimentacion
229,2026-03-04,CINEPOLIS #7216,114.64,Ocio
229,2026-02-15,PAGO MULTA TRANSITO #5443,99.79,Otros
229,2026-04-12,COOMEVA MEDICINA PREPAGADA,148.17,Salud
229,2026-07-31,AGENCIA DE VIAJES #6826 REF247706,18.34,Ocio
229,2026-02-04,DAVIPLATA REF524584,120.42,Otros
229,2026-07-18,CARULLA #5997,235.68,Alimentacion
229,2026-06-03,FACTURA ACUEDUCTO #5556,126.81,Servicios
229,2026-02-04,FARMACIAS DEL AHORRO #1275,193.43,Salud
229,2026-04-20,DISNEY PLUS #6084,14.41,Ocio
229,2026-05-08,ARA TIENDA #8092,39.22,Alimentacion
229,2026-04-27,DAVIPLATA #5245 CALI,18.38,Otros
229,2026-05-04,COMBUSTIBLE TERPEL,61.5,Transporte
229,2026-02-14,CINEPOLIS,21.96,Ocio
229,2026-02-18,COMBUSTIBLE TERPEL #8798,62.01,Transporte
229,2026-02-18,ARA TIENDA #4004 QUERETARO,110.12,Alimentacion
230,2026-04-09,METROBUS CDMX #6660,157.18,Transporte
230,2026-02-04,FACTURA ACUEDUCTO #8172,52.14,Servicios
230,2026-07-21,JUMBO #5822,176.17,Alimentacion
230,2026-07-22,CINE COLOMBIA #4743,47.62,Ocio
230,2026-02-24,EXITO #6461 MEDELLIN,269.39,Alimentacion
230,2026-04-05,FACTURA ENERGIA ENEL CODENSA REF501832,50.58,Servicios
230,2026-03-01,CINEPOLIS,39.89,Ocio
230,2026-07-03,OXXO #1703,251.97,Alimentacion
231,2026-04-14,CINE COLOMBIA,86.27,Ocio
231,2026-05-31,TRANSMILENIO #3343,206.5,Transporte
231,2026-04-06,UBER REF160600,192.36,Transporte
231,2026-06-02,OXXO MEDELLIN,124.17,Alimentacion
231,2026-07-19,FARMATODO REF298769,26.39,Salud
231,2026-04-19,CINEPOLIS #5175,50.29,Ocio
231,2026-07-15,TRANSFERENCIA NEQUI #9402,150.49,Otros
231,2026-02-11,HOMECENTER QUERETARO,500.75,Vivienda
231,2026-04-29,EXITO,129.43,Alimentacion
231,2026-07-25,FARMACIAS SIMILARES REF964406,30.7,Salud
231,2026-03-02,STEAM VIDEOJUEGOS #6900 QUERETARO,58.36,Ocio
231,2026-03-20,HOME DEPOT MEXICO MONTERREY,384.51,Vivienda
231,2026-06-19,ESTACION SERVICIO PRIMAX #2168,195.71,Transporte
231,2026-07-10,SUPERAMA REF495953,176.68,Alimentacion
231,2026-05-07,ADMINISTRACION CONDOMINIO #9054,305.83,Vivienda
231,2026-02-20,FARMACIAS DEL AHORRO #5317,164.72,Salud
231,2026-05-21,UBER TIJUANA,23.21,Transporte
231,2026-02-11,ESTACION SERVICIO PRIMAX #1698,204.51,Transporte
231,2026-03-23,RECARGA OXXO #3603,71.21,Otros
232,2026-02-05,ARA TIENDA,79.72,Alimentacion
232,2026-07-06,AGENCIA DE VIAJES,44.46,Ocio
232,2026-02-10,CINEPOLIS,20.66,Ocio
232,2026-05-30,EXITO MONTERREY,180.43,Alimentacion
232,2026-04-23,COMBUSTIBLE TERPEL GUADALAJARA REF317116,17.96,Transporte
232,2026-05-18,EXITO,165.4,Alimentacion
232,2026-03-30,AGENCIA DE VIAJES #9488 CIUDAD DE MEXICO,113.71,Ocio
232,2026-04-27,PEAJE AUTOPISTA #7719,188.17,Transporte
232,2026-06-14,SORIANA REF536245,126.75,Alimentacion
232,2026-04-21,RENTA DEPARTAMENTO #4719,379.65,Vivienda
232,2026-06-04,CINEPOLIS #6488,14.62,Ocio
232,2026-05-27,RECARGA OXXO #4972,124.03,Otros
232,2026-05-10,IZZI TELECOM #9747,125.87,Servicios
232,2026-03-08,MOVISTAR PLAN CELULAR BARRANQUILLA,48.03,Servicios
232,2026-06-03,BODEGA AURRERA,119.54,Alimentacion
232,2026-03-01,UBER,177.77,Transporte
232,2026-03-07,COMBUSTIBLE TERPEL #1232,185.42,Transporte
232,2026-07-29,SORIANA CIUDAD DE MEXICO,73.23,Alimentacion
233,2026-04-21,WALMART SUPERCENTER CUCUTA,33.75,Alimentacion
233,2026-07-03,TELMEX INTERNET HOGAR REF282695,117.15,Servicios
233,2026-05-22,COMBUSTIBLE TERPEL,126.49,Transporte
233,2026-04-28,DISNEY PLUS,28.32,Ocio
233,2026-05-09,CINEPOLIS #1454 CARTAGENA,28.53,Ocio
233,2026-02-05,PAGO MULTA TRANSITO #4256,41.32,Otros
233,2026-07-09,FACTURA ACUEDUCTO #2769,22.7,Servicios
233,2026-02-19,OXXO #1521,162.83,Alimentacion
233,2026-02-27,AGENCIA DE VIAJES CUCUTA,110.04,Ocio
233,2026-06-12,METROBUS CDMX GUADALAJARA,13.5,Transporte
233,2026-05-15,SORIANA,22.74,Alimentacion
233,2026-04-22,JUMBO REF197751,158.92,Alimentacion
233,2026-06-08,ARA TIENDA,223.07,Alimentacion
234,2026-04-05,SPOTIFY PREMIUM,96.9,Ocio
234,2026-05-09,BAR RESTAURANTE AMIGOS BARRANQUILLA,83.21,Ocio
234,2026-04-06,HOME DEPOT MEXICO,440.38,Vivienda
234,2026-06-01,MOVISTAR PLAN CELULAR,115.13,Servicios
234,2026-04-07,ARA TIENDA #9605,185.56,Alimentacion
234,2026-05-15,METROBUS CDMX CARTAGENA REF100337,51.18,Transporte
234,2026-06-06,NETFLIX,49.06,Ocio
234,2026-05-18,TRANSFERENCIA MERCADO PAGO #5743,31.44,Otros
234,2026-03-05,EXITO #9662,43.76,Alimentacion
234,2026-07-18,FACTURA CFE REF212724,106.29,Servicios
234,2026-05-03,AGENCIA DE VIAJES #7465,112.33,Ocio
234,2026-02-07,METROBUS CDMX #9361 REF506219,202.55,Transporte
234,2026-03-05,CINEPOLIS TIJUANA REF313089,83.54,Ocio
234,2026-04-16,OXXO #6329,57.87,Alimentacion
234,2026-04-18,SORIANA #9768 REF781526,37.47,Alimentacion
234,2026-02-22,OXXO #6813,221.34,Alimentacion
234,2026-04-27,CONSULTORIO IMSS,179.95,Salud
234,2026-04-26,CINE COLOMBIA,82.29,Ocio
234,2026-04-09,CHEDRAUI,213.18,Alimentacion
234,2026-06-30,CARULLA #7272,192.85,Alimentacion
235,2026-02-14,SUPERAMA,160.75,Alimentacion
235,2026-06-06,HOMECENTER #3898 CUCUTA REF250048,233.25,Vivienda
235,2026-07-24,MOVISTAR PLAN CELULAR #6310 CIUDAD DE MEXICO,111.15,Servicios
235,2026-02-07,PAGO MULTA TRANSITO,39.9,Otros
235,2026-03-16,RENTA DEPARTAMENTO REF558905,267.69,Vivienda
235,2026-05-05,DAVIPLATA REF630420,94.04,Otros
235,2026-03-18,EXITO #6367,247.86,Alimentacion
235,2026-05-30,TRANSFERENCIA MERCADO PAGO #8811,45.99,Otros
235,2026-07-29,BODEGA AURRERA,47.5,Alimentacion
235,2026-07-30,WALMART SUPERCENTER #5195,207.33,Alimentacion
235,2026-07-24,METROBUS CDMX #5059,110.12,Transporte
235,2026-04-21,BAR RESTAURANTE AMIGOS,118.97,Ocio
235,2026-07-12,SUPERMERCADO D1 #9768 REF361207,48.12,Alimentacion
235,2026-03-10,ARRIENDO APARTAMENTO QUERETARO,472.96,Vivienda
235,2026-02-12,DIDI,56.58,Transporte
235,2026-03-26,CHEDRAUI REF644624,50.76,Alimentacion
235,2026-04-18,CARULLA #2680,187.69,Alimentacion
235,2026-04-13,CARULLA #9560,164.36,Alimentacion
235,2026-04-02,ARA TIENDA,206.26,Alimentacion
235,2026-02-06,WALMART SUPERCENTER #777 GUADALAJARA,90.46,Alimentacion
235,2026-07-31,EXITO #2708,126.47,Alimentacion
236,2026-02-23,UBER BARRANQUILLA,122.92,Transporte
236,2026-05-11,CARULLA #4508 REF589126,75.6,Alimentacion
236,2026-02-07,FACTURA ENERGIA ENEL CODENSA,138.56,Servicios
236,2026-03-30,CINEPOLIS #932 QUERETARO,38.21,Ocio
236,2026-06-10,STEAM VIDEOJUEGOS #8994,116.98,Ocio
236,2026-02-05,WALMART SUPERCENTER,36.9,Alimentacion
236,2026-07-09,BAR RESTAURANTE AMIGOS,87.07,Ocio
236,2026-07-12,DAVIPLATA #9838 CALI,164.19,Otros
236,2026-07-07,PEAJE AUTOPISTA #1733,43.75,Transporte
236,2026-03-30,ESTACION SERVICIO PRIMAX,203.67,Transporte
236,2026-07-20,FACTURA ENERGIA ENEL CODENSA,76.14,Servicios
236,2026-03-09,OXXO #5880 CUCUTA,255.89,Alimentacion
236,2026-03-31,COMBUSTIBLE TERPEL,145.36,Transporte
236,2026-02-20,DISNEY PLUS MONTERREY,42.7,Ocio
236,2026-02-16,HOMECENTER CUCUTA,244.15,Vivienda
236,2026-04-03,GASOLINERA PEMEX,70.75,Transporte
236,2026-06-15,METROBUS CDMX #1913,28.6,Transporte
236,2026-05-04,METROBUS CDMX REF236614,38.77,Transporte
236,2026-04-02,CINE COLOMBIA TIJUANA,18.08,Ocio
236,2026-04-04,MOVISTAR PLAN CELULAR,72.1,Servicios
236,2026-02-22,CINEPOLIS #5108 CARTAGENA,104.45,Ocio
236,2026-04-01,TRANSFERENCIA MERCADO PAGO #9989,34.04,Otros
236,2026-03-21,SORIANA,43.88,Alimentacion
237,2026-03-17,TRANSFERENCIA MERCADO PAGO CUCUTA,125.11,Otros
237,2026-07-19,FACTURA CFE #7815,107.16,Servicios
237,2026-05-02,FACTURA ENERGIA ENEL CODENSA MEDELLIN,99.88,Servicios
237,2026-02-04,AGENCIA DE VIAJES #4818,38.26,Ocio
237,2026-06-05,EPS SURA COPAGO #4387,26.12,Salud
237,2026-02-20,TRANSMILENIO #1484,101.11,Transporte
237,2026-07-02,MATRICULA UNIVERSIDAD NACIONAL CUCUTA REF845269,359.12,Educacion
237,2026-05-26,EPS SURA COPAGO,177.31,Salud
237,2026-03-20,STEAM VIDEOJUEGOS #308,109.05,Ocio
238,2026-05-14,WALMART SUPERCENTER,73.34,Alimentacion
238,2026-02-24,BODEGA AURRERA TIJUANA,217.62,Alimentacion
238,2026-07-10,DIDI,31.41,Transporte
238,2026-06-20,ICETEX CREDITO EDUCATIVO CALI REF906510,317.76,Educacion
238,2026-06-10,CONSULTORIO IMSS CARTAGENA REF854663,274.41,Salud
238,2026-04-12,BODEGA AURRERA #721,109.54,Alimentacion
238,2026-03-28,METROBUS CDMX #5207,136.13,Transporte
238,2026-02-17,WALMART SUPERCENTER #960,121.84,Alimentacion
238,2026-07-16,SORIANA,123.82,Alimentacion
238,2026-03-07,CONSULTORIO IMSS,103.46,Salud
238,2026-07-27,ARA TIENDA #3887,208.15,Alimentacion
238,2026-02-05,TRANSMILENIO,197.24,Transporte
238,2026-03-23,PEAJE AUTOPISTA #3744 REF967419,198.15,Transporte
238,2026-02-08,ARA TIENDA #7987 CARTAGENA,55.44,Alimentacion
238,2026-06-22,SUPERMERCADO D1 REF287394,237.43,Alimentacion
239,2026-04-05,ARRIENDO APARTAMENTO REF958712,278.58,Vivienda
239,2026-06-29,ARA TIENDA #834 REF150539,197.04,Alimentacion
239,2026-05-09,SUPERMERCADO D1 #564 REF473811,17.31,Alimentacion
239,2026-02-03,AGENCIA DE VIAJES #9729,51.92,Ocio
239,2026-07-13,SUPERMERCADO D1 #5001,172.96,Alimentacion
239,2026-03-23,BODEGA AURRERA #6199 REF343867,47.99,Alimentacion
239,2026-05-29,FARMACIA CRUZ VERDE REF195559,249.56,Salud
239,2026-06-04,RECARGA OXXO REF850252,49.96,Otros
239,2026-04-02,FACTURA CFE MEDELLIN,103.06,Servicios
239,2026-06-30,CHEDRAUI,115.35,Alimentacion
239,2026-06-28,PAGO MULTA TRANSITO #3878 MONTERREY,111.33,Otros
239,2026-07-12,MATRICULA UNAM #7154 CIUDAD DE MEXICO REF993464,65.29,Educacion
239,2026-06-28,TELMEX INTERNET HOGAR,17.28,Servicios
239,2026-07-17,EXITO #1298,246.49,Alimentacion
239,2026-02-15,PEAJE AUTOPISTA,63.93,Transporte
239,2026-02-04,METROBUS CDMX #1367,173.94,Transporte
239,2026-03-02,MATRICULA UNIVERSIDAD NACIONAL,399.76,Educacion
239,2026-07-07,EXITO #4761,64.97,Alimentacion
239,2026-03-25,RECARGA OXXO #2537,55.08,Otros
239,2026-05-30,CINE COLOMBIA #6501,87.86,Ocio
239,2026-05-02,SPOTIFY PREMIUM #8427,125.68,Ocio
239,2026-02-21,SUPERAMA #6988 REF467544,248.11,Alimentacion
239,2026-06-20,BODEGA AURRERA #6657,140.75,Alimentacion
240,2026-02-18,NETFLIX #2657 REF101863,42.43,Ocio
240,2026-06-22,MATRICULA UNIVERSIDAD NACIONAL,62.56,Educacion
240,2026-07-24,IZZI TELECOM #6980 GUADALAJARA,51.68,Servicios
240,2026-03-20,ADMINISTRACION CONJUNTO RESIDENCIAL #6659,557.98,Vivienda
240,2026-03-13,FARMACIAS GUADALAJARA #4282,122.82,Salud
240,2026-07-22,CHEDRAUI GUADALAJARA,32.98,Alimentacion
240,2026-07-14,RENTA DEPARTAMENTO,321.11,Vivienda
240,2026-05-02,DAVIPLATA REF419104,176.84,Otros
240,2026-06-08,UBER,135.94,Transporte
240,2026-02-14,ICETEX CREDITO EDUCATIVO BOGOTA,181.06,Educacion
240,2026-05-04,CABIFY #630 MONTERREY,43.31,Transporte
240,2026-05-31,TRANSMILENIO #7795,207.24,Transporte
240,2026-03-02,ARA TIENDA #8212,223.42,Alimentacion
241,2026-06-25,JUMBO REF208523,229.17,Alimentacion
241,2026-05-10,COMBUSTIBLE TERPEL #6243,99.18,Transporte
241,2026-07-22,EXITO BOGOTA,194.23,Alimentacion
241,2026-06-01,MOVISTAR PLAN CELULAR,113.8,Servicios
241,2026-05-20,AGENCIA DE VIAJES #6285 CUCUTA REF937113,26.75,Ocio
241,2026-05-18,ARA TIENDA BOGOTA,103.92,Alimentacion
241,2026-07-27,SUPERMERCADO D1,175.7,Alimentacion
241,2026-05-12,CINEPOLIS #9408,13.84,Ocio
241,2026-06-12,MATRICULA UNAM PUEBLA,160.58,Educacion
241,2026-04-07,PEAJE AUTOPISTA REF262742,116.96,Transporte
241,2026-07-22,FARMACIAS SIMILARES #2818 BOGOTA REF400909,298.92,Salud
241,2026-03-21,METROBUS CDMX #1772 MEDELLIN,104.91,Transporte
241,2026-06-19,NETFLIX MONTERREY,107.01,Ocio
241,2026-07-02,FARMACIA CRUZ VERDE #6863 REF668606,138.14,Salud
241,2026-05-22,TRANSFERENCIA NEQUI,145.39,Otros
241,2026-05-09,NETFLIX REF186924,79.43,Ocio
241,2026-05-20,SORIANA,240.51,Alimentacion
241,2026-03-11,CABIFY #2722,92.19,Transporte
241,2026-05-30,OXXO,167.12,Alimentacion
241,2026-07-13,TRANSFERENCIA NEQUI #5018,117.1,Otros
241,2026-04-25,DEPOSITO BANCO AZTECA #8832 CALI,80.96,Otros
242,2026-04-24,PAGO INFONAVIT #4172,231.26,Vivienda
242,2026-06-30,JUMBO #1615,259.53,Alimentacion
242,2026-04-26,DEPOSITO BANCO AZTECA REF430645,154.77,Otros
242,2026-04-18,HOME DEPOT MEXICO,581.89,Vivienda
242,2026-06-11,CINE COLOMBIA #841 MEDELLIN,55.85,Ocio
242,2026-05-05,FARMATODO #9313,232.27,Salud
242,2026-02-10,HOME DEPOT MEXICO TIJUANA REF715772,221.94,Vivienda
242,2026-05-22,JUMBO #8330 REF881021,12.24,Alimentacion
242,2026-03-19,FARMACIAS SIMILARES #4948,20.69,Salud
242,2026-04-23,EXITO #4403,162.52,Alimentacion
242,2026-04-02,METROBUS CDMX #2598,101.08,Transporte
243,2026-05-25,GASOLINERA PEMEX #3619,172.63,Transporte
243,2026-07-31,SUPERAMA,162.99,Alimentacion
243,2026-02-24,CINE COLOMBIA #1845,31.35,Ocio
243,2026-07-30,CABIFY,57.34,Transporte
243,2026-06-02,RETIRO CAJERO AUTOMATICO #7089,116.77,Otros
243,2026-04-21,HOME DEPOT MEXICO GUADALAJARA,564.97,Vivienda
243,2026-02-17,SUPERAMA MONTERREY,118.06,Alimentacion
243,2026-04-23,DIDI CUCUTA,61.66,Transporte
243,2026-02-28,ARRIENDO APARTAMENTO #7322 MONTERREY,583.51,Vivienda
244,2026-04-03,PEAJE AUTOPISTA,81.75,Transporte
244,2026-04-06,SUPERAMA #1845 BOGOTA,268.87,Alimentacion
244,2026-06-05,FARMACIA CRUZ VERDE,151.85,Salud
244,2026-07-22,TELMEX INTERNET HOGAR REF311800,80.59,Servicios
244,2026-04-14,ESTACION SERVICIO PRIMAX #1310,123.17,Transporte
244,2026-05-17,RETIRO CAJERO AUTOMATICO #487 MEDELLIN,165.85,Otros
244,2026-06-02,WALMART SUPERCENTER #9797,218.21,Alimentacion
244,2026-02-02,SUPERAMA,127.29,Alimentacion
244,2026-02-07,HOMECENTER MEDELLIN,509.35,Vivienda
244,2026-07-17,ARA TIENDA,162.42,Alimentacion
244,2026-04-24,CABIFY #6722,108.47,Transporte
244,2026-06-06,IZZI TELECOM REF576504,40.96,Servicios
244,2026-03-27,PLATZI CURSO ONLINE REF631173,198.98,Educacion
244,2026-05-03,CLARO HOGAR INTERNET QUERETARO,48.19,Servicios
244,2026-02-22,PAGO MULTA TRANSITO,165.52,Otros
244,2026-07-08,CHEDRAUI,97.21,Alimentacion
244,2026-06-10,ESTACION SERVICIO PRIMAX,200.45,Transporte
244,2026-04-12,CONSULTORIO IMSS,166.92,Salud
244,2026-04-04,WALMART SUPERCENTER CUCUTA,174.2,Alimentacion
244,2026-04-22,SPOTIFY PREMIUM CALI,72.87,Ocio
244,2026-05-15,MOVISTAR PLAN CELULAR,32.47,Servicios
244,2026-02-12,PEAJE AUTOPISTA REF410347,85.16,Transporte
244,2026-06-01,COURSERA CURSO ONLINE #8062 CUCUTA,62.18,Educacion
244,2026-04-21,SUPERMERCADO D1 #1722,171.97,Alimentacion
244,2026-02-15,ADMINISTRACION CONDOMINIO REF974251,373.44,Vivienda
245,2026-07-03,COMBUSTIBLE TERPEL #1414,113.45,Transporte
245,2026-03-04,FACTURA ENERGIA ENEL CODENSA #5452,26.37,Servicios
245,2026-02-21,PEAJE AUTOPISTA #4234,206.92,Transporte
245,2026-03-11,DISNEY PLUS REF805257,88.3,Ocio
245,2026-03-07,CINE COLOMBIA,40.68,Ocio
245,2026-07-16,TELCEL PLAN CELULAR #3321,94.08,Servicios
245,2026-04-03,GASOLINERA PEMEX,31.9,Transporte
245,2026-04-30,ADMINISTRACION CONJUNTO RESIDENCIAL,632.92,Vivienda
245,2026-03-18,COURSERA CURSO ONLINE #2369 MEDELLIN,90.54,Educacion
245,2026-04-21,DISNEY PLUS #3595,86.0,Ocio
245,2026-06-04,RETIRO CAJERO AUTOMATICO #1134,51.73,Otros
245,2026-04-11,TRANSFERENCIA NEQUI #4389,131.99,Otros
245,2026-03-02,BAR RESTAURANTE AMIGOS,102.1,Ocio
246,2026-06-03,TRANSMILENIO #9560,59.66,Transporte
246,2026-04-06,TELMEX INTERNET HOGAR #8843 TIJUANA,148.38,Servicios
246,2026-02-22,ADMINISTRACION CONJUNTO RESIDENCIAL #9971 PUEBLA,344.69,Vivienda
246,2026-04-16,DISNEY PLUS,96.58,Ocio
246,2026-02-20,FARMACIAS DEL AHORRO #8623 CUCUTA,210.15,Salud
246,2026-07-12,PEAJE AUTOPISTA #1950,52.42,Transporte
246,2026-07-25,TRANSMILENIO #7080 PUEBLA,57.8,Transporte
246,2026-02-09,METROBUS CDMX #5571,66.26,Transporte
246,2026-06-19,FACTURA ENERGIA ENEL CODENSA,70.5,Servicios
246,2026-02-05,CONSULTORIO IMSS CARTAGENA,81.78,Salud
246,2026-07-02,JUMBO,15.11,Alimentacion
246,2026-05-16,DIDI #468 CUCUTA,185.88,Transporte
246,2026-03-08,EXITO #5334,261.06,Alimentacion
246,2026-03-07,RENTA DEPARTAMENTO,320.79,Vivienda
246,2026-05-04,WALMART SUPERCENTER,98.01,Alimentacion
246,2026-07-10,SUPERAMA GUADALAJARA,11.84,Alimentacion
246,2026-04-06,CHEDRAUI,186.87,Alimentacion
246,2026-04-12,OXXO #5918,224.61,Alimentacion
246,2026-07-24,SUPERMERCADO D1 #9203 CALI,48.12,Alimentacion
246,2026-03-06,FARMACIA CRUZ VERDE #4183 MONTERREY,60.5,Salud
246,2026-06-18,COURSERA CURSO ONLINE #9252 GUADALAJARA,321.28,Educacion
247,2026-04-10,RECARGA OXXO REF767603,78.06,Otros
247,2026-05-03,SORIANA,256.26,Alimentacion
247,2026-03-13,EXITO #207 GUADALAJARA,115.68,Alimentacion
247,2026-03-28,PEAJE AUTOPISTA #1236,164.37,Transporte
247,2026-06-21,TELCEL PLAN CELULAR CIUDAD DE MEXICO,80.32,Servicios
247,2026-07-11,TELMEX INTERNET HOGAR #1597 REF481086,136.17,Servicios
247,2026-06-29,CARULLA,246.02,Alimentacion
247,2026-06-27,SUPERMERCADO D1 #880 CIUDAD DE MEXICO REF573743,32.73,Alimentacion
247,2026-02-10,WALMART SUPERCENTER #8766 QUERETARO,253.49,Alimentacion
248,2026-07-02,RECARGA OXXO #7585,59.16,Otros
248,2026-04-21,COLEGIATURA COLEGIO PRIVADO #9279 PUEBLA REF535728,382.1,Educacion
248,2026-03-11,SORIANA,22.96,Alimentacion
248,2026-05-21,CINEPOLIS #3480,23.74,Ocio
248,2026-05-25,ARRIENDO APARTAMENTO,418.79,Vivienda
248,2026-07-24,NETFLIX #9055 QUERETARO,76.97,Ocio
248,2026-02-04,SUPERAMA #6771 PUEBLA,177.74,Alimentacion
248,2026-05-11,EXITO MEDELLIN,14.41,Alimentacion
248,2026-06-12,FARMACIAS SIMILARES,288.7,Salud
248,2026-02-03,SUPERMERCADO D1,21.59,Alimentacion
248,2026-03-13,SUPERAMA REF627658,47.2,Alimentacion
248,2026-05-23,CHEDRAUI,13.64,Alimentacion
249,2026-03-01,BAR RESTAURANTE AMIGOS #5668,90.55,Ocio
249,2026-05-11,ESTACION SERVICIO PRIMAX #5500,110.64,Transporte
249,2026-03-12,BAR RESTAURANTE AMIGOS,100.64,Ocio
249,2026-03-03,BAR RESTAURANTE AMIGOS #1450,65.66,Ocio
249,2026-03-24,ARA TIENDA #5977,48.84,Alimentacion
249,2026-05-13,BODEGA AURRERA #9005,178.55,Alimentacion
249,2026-02-04,TRANSFERENCIA NEQUI #3707,39.31,Otros
249,2026-05-02,FARMACIAS GUADALAJARA CARTAGENA,263.63,Salud
249,2026-07-09,AGENCIA DE VIAJES #8225,81.64,Ocio
249,2026-06-04,ARA TIENDA,50.87,Alimentacion
249,2026-04-09,JUMBO,260.21,Alimentacion
249,2026-07-31,DAVIPLATA REF507953,98.12,Otros
249,2026-07-22,STEAM VIDEOJUEGOS,14.11,Ocio
249,2026-06-15,FARMATODO,193.65,Salud
249,2026-07-30,ARA TIENDA #8647,75.83,Alimentacion
249,2026-03-24,ADMINISTRACION CONJUNTO RESIDENCIAL #7188 REF804243,551.85,Vivienda
249,2026-05-29,MOVISTAR PLAN CELULAR #8223 MEDELLIN,125.41,Servicios
250,2026-04-03,AGENCIA DE VIAJES,73.36,Ocio
250,2026-06-05,WALMART SUPERCENTER,152.02,Alimentacion
250,2026-06-24,SUPERAMA #8963,33.26,Alimentacion
250,2026-03-06,BAR RESTAURANTE AMIGOS BARRANQUILLA,57.25,Ocio
250,2026-03-26,CINE COLOMBIA #9413 BOGOTA,111.66,Ocio
250,2026-02-17,CINEPOLIS,112.02,Ocio
250,2026-06-18,FACTURA CFE #808,28.4,Servicios
250,2026-04-07,EPS SURA COPAGO #5725 CUCUTA,40.86,Salud
250,2026-05-05,TRANSFERENCIA MERCADO PAGO #6506 QUERETARO,54.66,Otros
250,2026-02-18,CINE COLOMBIA,114.35,Ocio
250,2026-05-12,FACTURA ENERGIA ENEL CODENSA #9476,32.4,Servicios
250,2026-03-12,TRANSMILENIO,154.0,Transporte
250,2026-05-14,CHEDRAUI,36.3,Alimentacion
250,2026-02-15,IZZI TELECOM REF564368,99.12,Servicios
250,2026-06-12,IZZI TELECOM #6455 TIJUANA,63.07,Servicios
250,2026-04-23,COMBUSTIBLE TERPEL MONTERREY,167.78,Transporte
250,2026-04-18,DISNEY PLUS #8309 REF298275,34.21,Ocio
250,2026-06-14,STEAM VIDEOJUEGOS #9182,84.9,Ocio
250,2026-06-11,SUPERMERCADO D1,71.28,Alimentacion
250,2026-04-07,ARA TIENDA #5523,195.55,Alimentacion
250,2026-03-30,BODEGA AURRERA CALI,237.16,Alimentacion
250,2026-05-01,CINEPOLIS #5502,20.85,Ocio
250,2026-07-22,UBER REF256024,183.32,Transporte
250,2026-04-30,CARULLA #1306 BARRANQUILLA,164.33,Alimentacion
250,2026-05-29,AGENCIA DE VIAJES CALI REF691101,20.89,Ocio
250,2026-07-28,ADMINISTRACION CONDOMINIO #2516,363.77,Vivienda
251,2026-03-15,SORIANA #2620 CALI,143.51,Alimentacion
251,2026-05-29,FACTURA ENERGIA ENEL CODENSA #4950 MONTERREY,143.29,Servicios
251,2026-05-07,FACTURA CFE #5405,87.32,Servicios
251,2026-03-29,SORIANA #5553,112.49,Alimentacion
251,2026-06-12,FARMACIAS DEL AHORRO TIJUANA REF529855,256.74,Salud
251,2026-05-30,NETFLIX #6834 MONTERREY REF877865,66.62,Ocio
251,2026-04-14,DIDI,104.38,Transporte
251,2026-05-06,TRANSFERENCIA MERCADO PAGO #3110 PUEBLA,93.35,Otros
251,2026-04-04,TELCEL PLAN CELULAR #708,129.32,Servicios
251,2026-06-08,CARULLA REF158528,226.3,Alimentacion
251,2026-06-20,CINE COLOMBIA #643,55.44,Ocio
251,2026-02-06,RENTA DEPARTAMENTO #1310 REF349215,316.65,Vivienda
251,2026-02-25,FARMATODO CIUDAD DE MEXICO,155.2,Salud
251,2026-04-16,EXITO GUADALAJARA REF281756,158.92,Alimentacion
251,2026-02-14,EXITO CALI,71.97,Alimentacion
251,2026-05-10,CINEPOLIS #987,104.24,Ocio
251,2026-07-16,AGENCIA DE VIAJES,65.81,Ocio
251,2026-07-25,CABIFY #8595,76.81,Transporte
252,2026-03-25,PEAJE AUTOPISTA #4869 QUERETARO,102.13,Transporte
252,2026-04-16,DISNEY PLUS CIUDAD DE MEXICO REF695452,43.39,Ocio
252,2026-04-10,FARMACIA CRUZ VERDE,25.02,Salud
252,2026-03-13,SUPERAMA #5713 GUADALAJARA,94.02,Alimentacion
252,2026-04-09,CINEPOLIS #9069,73.01,Ocio
252,2026-07-18,BODEGA AURRERA #5311,153.45,Alimentacion
252,2026-06-22,MATRICULA UNIVERSIDAD NACIONAL #8520,158.71,Educacion
252,2026-06-24,DISNEY PLUS #1104 REF935346,60.91,Ocio
252,2026-05-27,RECARGA OXXO,174.14,Otros
252,2026-04-14,EXITO #3309 REF641008,108.11,Alimentacion
252,2026-06-10,SORIANA,77.14,Alimentacion
252,2026-03-06,SUPERAMA #5107,73.3,Alimentacion
252,2026-06-17,RECARGA OXXO #7738 REF229195,87.82,Otros
253,2026-04-20,SUPERAMA #6212,156.57,Alimentacion
253,2026-05-26,FARMATODO PUEBLA,73.42,Salud
253,2026-02-06,AGENCIA DE VIAJES #2041,97.75,Ocio
253,2026-07-17,ESTACION SERVICIO PRIMAX #745,20.46,Transporte
253,2026-04-09,CINEPOLIS #3804 MONTERREY,111.57,Ocio
253,2026-07-10,AGENCIA DE VIAJES,29.77,Ocio
253,2026-07-18,TELMEX INTERNET HOGAR PUEBLA,133.04,Servicios
253,2026-07-24,FACTURA ENERGIA ENEL CODENSA,62.59,Servicios
253,2026-04-01,FACTURA ENERGIA ENEL CODENSA #2534,112.56,Servicios
253,2026-06-17,SUPERAMA #2977 BOGOTA,93.0,Alimentacion
253,2026-02-09,IZZI TELECOM #9980,137.3,Servicios
253,2026-03-01,TELMEX INTERNET HOGAR,32.1,Servicios
253,2026-04-24,PAGO MULTA TRANSITO CALI,40.35,Otros
253,2026-07-03,FACTURA CFE BARRANQUILLA REF398019,81.56,Servicios
253,2026-04-29,TRANSMILENIO #744,26.39,Transporte
253,2026-04-21,ARA TIENDA #3864,60.95,Alimentacion
254,2026-07-30,ESTACION SERVICIO PRIMAX,141.78,Transporte
254,2026-02-28,DAVIPLATA #1548,178.15,Otros
254,2026-03-23,TELMEX INTERNET HOGAR,50.78,Servicios
254,2026-05-06,JUMBO BOGOTA,184.74,Alimentacion
254,2026-05-25,DISNEY PLUS #839,11.5,Ocio
254,2026-04-10,PEAJE AUTOPISTA #3092 CUCUTA,32.73,Transporte
254,2026-03-21,FARMATODO #2009 BOGOTA,16.12,Salud
254,2026-03-23,ESTACION SERVICIO PRIMAX TIJUANA,209.89,Transporte
254,2026-03-06,STEAM VIDEOJUEGOS REF474305,105.28,Ocio
254,2026-02-04,PEAJE AUTOPISTA TIJUANA,167.34,Transporte
254,2026-07-21,JUMBO REF896246,142.53,Alimentacion
254,2026-03-27,TRANSFERENCIA NEQUI REF746132,61.01,Otros
254,2026-03-21,CLARO HOGAR INTERNET #5537 CALI,35.42,Servicios
254,2026-06-25,PAGO MULTA TRANSITO REF739377,58.39,Otros
254,2026-04-08,PLATZI CURSO ONLINE #4284,165.99,Educacion
254,2026-03-30,COMBUSTIBLE TERPEL #9666 GUADALAJARA,161.26,Transporte
254,2026-07-11,FACTURA CFE,87.85,Servicios
254,2026-05-04,ESTACION SERVICIO PRIMAX #8276 REF384608,25.5,Transporte
254,2026-02-15,EPS SURA COPAGO #7110,20.14,Salud
254,2026-03-22,IZZI TELECOM,28.81,Servicios
254,2026-07-30,CHEDRAUI,116.73,Alimentacion
254,2026-06-07,BODEGA AURRERA PUEBLA,252.63,Alimentacion
255,2026-02-03,TELCEL PLAN CELULAR #7533,37.7,Servicios
255,2026-05-21,CINEPOLIS #4182 REF260632,69.03,Ocio
255,2026-02-10,TRANSFERENCIA MERCADO PAGO #4926,92.85,Otros
255,2026-04-20,ESTACION SERVICIO PRIMAX CARTAGENA,135.02,Transporte
255,2026-04-03,SUPERMERCADO D1 BOGOTA,256.01,Alimentacion
255,2026-06-02,SORIANA #4234,160.74,Alimentacion
255,2026-05-31,EXITO #2238,150.46,Alimentacion
255,2026-03-28,ARA TIENDA REF782169,23.08,Alimentacion
256,2026-07-05,METROBUS CDMX REF165669,59.8,Transporte
256,2026-03-11,CARULLA #334,106.8,Alimentacion
256,2026-05-11,ADMINISTRACION CONDOMINIO CIUDAD DE MEXICO,277.33,Vivienda
256,2026-06-02,FACTURA CFE #8466,81.01,Servicios
256,2026-06-19,UBER MONTERREY,91.48,Transporte
256,2026-03-20,CLARO HOGAR INTERNET #1345,148.19,Servicios
256,2026-02-24,TELCEL PLAN CELULAR #779,22.55,Servicios
256,2026-02-04,PEAJE AUTOPISTA MONTERREY,38.44,Transporte
256,2026-02-10,DAVIPLATA #689 REF183091,18.98,Otros
256,2026-07-08,SUPERAMA #8953,172.72,Alimentacion
256,2026-04-12,EPS SURA COPAGO #2710,30.54,Salud
256,2026-03-30,ADMINISTRACION CONDOMINIO #4900 GUADALAJARA,568.22,Vivienda
256,2026-06-14,DISNEY PLUS #8973,68.99,Ocio
257,2026-03-30,BAR RESTAURANTE AMIGOS REF630389,19.54,Ocio
257,2026-07-30,TRANSMILENIO REF879490,204.02,Transporte
257,2026-02-19,PEAJE AUTOPISTA #3735 TIJUANA,14.4,Transporte
257,2026-04-07,IZZI TELECOM #7067 TIJUANA REF943285,123.36,Servicios
257,2026-03-04,NETFLIX #5516 MONTERREY,103.5,Ocio
257,2026-02-19,NETFLIX,42.15,Ocio
257,2026-07-26,CLARO HOGAR INTERNET #5742,33.31,Servicios
257,2026-05-08,CABIFY QUERETARO,39.13,Transporte
257,2026-02-02,GASOLINERA PEMEX,149.49,Transporte
257,2026-05-17,IZZI TELECOM,101.78,Servicios
257,2026-04-30,SORIANA #9240,213.51,Alimentacion
257,2026-02-16,FARMACIAS SIMILARES,282.18,Salud
257,2026-02-26,BAR RESTAURANTE AMIGOS,91.49,Ocio
257,2026-02-10,JUMBO,50.52,Alimentacion
257,2026-06-20,TRANSMILENIO #3021 REF823290,58.69,Transporte
257,2026-07-29,UBER #7722,178.44,Transporte
257,2026-05-12,TELCEL PLAN CELULAR PUEBLA,43.26,Servicios
257,2026-07-25,CINEPOLIS REF532621,14.07,Ocio
257,2026-03-06,TELMEX INTERNET HOGAR #1494 QUERETARO REF356837,109.94,Servicios
257,2026-04-26,SPOTIFY PREMIUM #8366,55.32,Ocio
257,2026-07-12,ARA TIENDA #7051 REF674739,249.21,Alimentacion
257,2026-04-05,SUPERAMA #2016,179.07,Alimentacion
257,2026-03-28,TRANSMILENIO #7610 TIJUANA,28.08,Transporte
257,2026-04-12,CHEDRAUI #5322,256.44,Alimentacion
258,2026-03-08,CINEPOLIS #8204,20.41,Ocio
258,2026-02-05,UBER #5713,90.19,Transporte
258,2026-05-16,CLARO HOGAR INTERNET,62.35,Servicios
258,2026-06-20,CINEPOLIS,101.61,Ocio
258,2026-07-16,CLARO HOGAR INTERNET,123.43,Servicios
258,2026-07-12,HOME DEPOT MEXICO,226.71,Vivienda
258,2026-07-08,UBER #1199,83.31,Transporte
258,2026-07-21,UBER #4947 REF314443,84.67,Transporte
258,2026-04-04,EPS SURA COPAGO #6419,58.15,Salud
258,2026-07-17,OXXO,217.6,Alimentacion
258,2026-06-18,WALMART SUPERCENTER QUERETARO,193.88,Alimentacion
258,2026-03-04,FARMACIAS DEL AHORRO QUERETARO,69.26,Salud
258,2026-07-09,SORIANA #461 REF935942,105.35,Alimentacion
258,2026-03-04,RETIRO CAJERO AUTOMATICO #2799,27.99,Otros
258,2026-06-27,NETFLIX #7938,83.53,Ocio
258,2026-07-09,COOMEVA MEDICINA PREPAGADA,49.59,Salud
258,2026-05-15,SPOTIFY PREMIUM,128.24,Ocio
258,2026-06-10,COOMEVA MEDICINA PREPAGADA #8330,237.49,Salud
258,2026-04-13,SUPERAMA,111.46,Alimentacion
259,2026-06-19,ARA TIENDA #2204 MEDELLIN REF910834,179.19,Alimentacion
259,2026-03-02,MOVISTAR PLAN CELULAR REF404086,132.02,Servicios
259,2026-02-16,TRANSFERENCIA MERCADO PAGO #8712 REF671511,161.98,Otros
259,2026-04-30,SPOTIFY PREMIUM,119.97,Ocio
259,2026-07-22,CARULLA PUEBLA,34.66,Alimentacion
259,2026-02-03,SPOTIFY PREMIUM CIUDAD DE MEXICO,73.02,Ocio
259,2026-02-21,CHEDRAUI CIUDAD DE MEXICO,202.53,Alimentacion
259,2026-02-03,COMBUSTIBLE TERPEL,161.39,Transporte
259,2026-07-08,MATRICULA UNAM #3666,252.52,Educacion
259,2026-06-09,IZZI TELECOM #5360 REF350796,37.52,Servicios
260,2026-03-27,COOMEVA MEDICINA PREPAGADA #4417,111.18,Salud
260,2026-03-27,OXXO #6503,14.7,Alimentacion
260,2026-06-08,CABIFY #7624 MEDELLIN,90.07,Transporte
260,2026-03-25,EXITO,152.97,Alimentacion
260,2026-07-17,FACTURA ACUEDUCTO,98.64,Servicios
260,2026-03-07,METROBUS CDMX,142.7,Transporte
260,2026-03-01,MOVISTAR PLAN CELULAR #6636 REF462146,127.9,Servicios
260,2026-04-21,BAR RESTAURANTE AMIGOS,31.93,Ocio
261,2026-07-24,TRANSFERENCIA NEQUI QUERETARO,167.82,Otros
261,2026-07-15,STEAM VIDEOJUEGOS BOGOTA,13.2,Ocio
261,2026-06-06,COMBUSTIBLE TERPEL CALI,119.88,Transporte
261,2026-03-28,DEPOSITO BANCO AZTECA,110.45,Otros
261,2026-02-15,PEAJE AUTOPISTA,140.55,Transporte
261,2026-06-25,CHEDRAUI #185,76.47,Alimentacion
261,2026-03-13,STEAM VIDEOJUEGOS REF491993,50.57,Ocio
261,2026-07-02,HOME DEPOT MEXICO #5283 REF750333,571.84,Vivienda
261,2026-03-21,PAGO MULTA TRANSITO,43.14,Otros
261,2026-06-09,DEPOSITO BANCO AZTECA,150.57,Otros
261,2026-03-17,AGENCIA DE VIAJES #9317 REF352204,75.33,Ocio
261,2026-03-21,JUMBO,208.17,Alimentacion
261,2026-05-24,DIDI CIUDAD DE MEXICO,152.72,Transporte
261,2026-04-05,ARA TIENDA #1547 CIUDAD DE MEXICO,63.95,Alimentacion
261,2026-05-01,CABIFY REF372785,123.76,Transporte
262,2026-06-16,SPOTIFY PREMIUM MEDELLIN,53.68,Ocio
262,2026-07-13,CINEPOLIS,123.96,Ocio
262,2026-04-26,DIDI #5128 REF307873,73.94,Transporte
262,2026-05-07,OXXO,235.71,Alimentacion
262,2026-03-25,GASOLINERA PEMEX #5844 REF517581,186.25,Transporte
262,2026-07-09,MATRICULA UNAM CUCUTA,156.32,Educacion
262,2026-05-06,MATRICULA UNIVERSIDAD NACIONAL #4567,56.22,Educacion
262,2026-07-30,DAVIPLATA REF342081,133.17,Otros
263,2026-06-05,BAR RESTAURANTE AMIGOS GUADALAJARA,52.02,Ocio
263,2026-06-29,MATRICULA UNAM,162.75,Educacion
263,2026-03-18,IZZI TELECOM,86.0,Servicios
263,2026-05-09,WALMART SUPERCENTER,220.29,Alimentacion
263,2026-02-27,RECARGA OXXO #9692 BOGOTA,71.5,Otros
263,2026-07-14,BAR RESTAURANTE AMIGOS REF219015,70.53,Ocio
263,2026-05-31,JUMBO,184.39,Alimentacion
263,2026-04-01,PEAJE AUTOPISTA REF881718,63.89,Transporte
263,2026-05-08,FARMACIA CRUZ VERDE #6980 GUADALAJARA,94.09,Salud
263,2026-05-02,TELMEX INTERNET HOGAR CALI,141.01,Servicios
264,2026-04-01,UBER #1485,111.9,Transporte
264,2026-06-18,RECARGA OXXO REF459446,102.78,Otros
264,2026-05-23,NETFLIX #1195,49.93,Ocio
264,2026-02-09,GASOLINERA PEMEX REF428250,26.29,Transporte
264,2026-04-14,SORIANA,60.27,Alimentacion
264,2026-02-07,PEAJE AUTOPISTA,200.15,Transporte
264,2026-07-05,RETIRO CAJERO AUTOMATICO #309,79.48,Otros
264,2026-05-31,BODEGA AURRERA #5635,131.34,Alimentacion
264,2026-05-15,JUMBO,23.7,Alimentacion
264,2026-02-18,SPOTIFY PREMIUM REF839889,9.7,Ocio
264,2026-03-15,DEPOSITO BANCO AZTECA #5844,131.92,Otros
264,2026-04-19,ARA TIENDA #8863,149.9,Alimentacion
264,2026-05-09,FACTURA ACUEDUCTO CALI,83.68,Servicios
264,2026-05-05,METROBUS CDMX,58.62,Transporte
264,2026-04-03,DISNEY PLUS REF650173,98.09,Ocio
264,2026-07-31,HOME DEPOT MEXICO,234.12,Vivienda
264,2026-05-27,SPOTIFY PREMIUM #6924 BARRANQUILLA,28.74,Ocio
264,2026-05-31,SUPERAMA #1788,129.79,Alimentacion
264,2026-03-28,BODEGA AURRERA #5071 BARRANQUILLA,84.43,Alimentacion
264,2026-05-06,SUPERAMA,74.34,Alimentacion
265,2026-03-27,SUPERAMA #4890,165.03,Alimentacion
265,2026-05-05,COMBUSTIBLE TERPEL #9283,151.95,Transporte
265,2026-03-11,WALMART SUPERCENTER TIJUANA,11.91,Alimentacion
265,2026-03-07,TRANSFERENCIA MERCADO PAGO,98.09,Otros
265,2026-07-27,MATRICULA UNIVERSIDAD NACIONAL,39.07,Educacion
265,2026-03-07,SORIANA #3430,158.0,Alimentacion
265,2026-02-10,TELMEX INTERNET HOGAR #6815,139.3,Servicios
265,2026-04-02,SPOTIFY PREMIUM BOGOTA REF881214,126.05,Ocio
265,2026-03-29,BODEGA AURRERA BOGOTA,150.54,Alimentacion
265,2026-02-01,NETFLIX,62.28,Ocio
265,2026-02-01,COOMEVA MEDICINA PREPAGADA #8270,284.33,Salud
265,2026-02-04,OXXO #8367 CALI,185.14,Alimentacion
265,2026-06-16,GASOLINERA PEMEX,22.98,Transporte
266,2026-05-05,CHEDRAUI,102.76,Alimentacion
266,2026-07-09,METROBUS CDMX #7815,42.85,Transporte
266,2026-03-26,EPS SURA COPAGO,158.56,Salud
266,2026-06-23,STEAM VIDEOJUEGOS #761 CARTAGENA,108.78,Ocio
266,2026-06-04,SORIANA,182.64,Alimentacion
266,2026-05-27,SUPERMERCADO D1,97.98,Alimentacion
266,2026-07-23,UBER BOGOTA,197.1,Transporte
266,2026-07-21,MATRICULA UNAM,367.08,Educacion
266,2026-05-23,COOMEVA MEDICINA PREPAGADA #7189 REF255698,74.66,Salud
266,2026-03-30,AGENCIA DE VIAJES #2150,9.93,Ocio
266,2026-04-20,FARMACIA CRUZ VERDE #5968,226.27,Salud
266,2026-06-02,TELCEL PLAN CELULAR CALI,126.73,Servicios
266,2026-06-21,JUMBO #8829,261.64,Alimentacion
266,2026-03-05,COOMEVA MEDICINA PREPAGADA #3689 REF453389,268.6,Salud
266,2026-02-03,EXITO #3858,166.14,Alimentacion
266,2026-05-28,FACTURA ENERGIA ENEL CODENSA #9669,86.56,Servicios
266,2026-06-11,ARRIENDO APARTAMENTO #7403 CUCUTA REF898661,163.92,Vivienda
266,2026-07-10,MOVISTAR PLAN CELULAR,48.3,Servicios
266,2026-06-05,SUPERAMA #9069 REF587315,129.5,Alimentacion
267,2026-03-07,STEAM VIDEOJUEGOS REF541415,98.77,Ocio
267,2026-04-28,FACTURA ENERGIA ENEL CODENSA,108.61,Servicios
267,2026-03-15,DAVIPLATA #2460 GUADALAJARA,178.41,Otros
267,2026-06-24,CONSULTORIO IMSS BARRANQUILLA REF316277,94.2,Salud
267,2026-02-24,IZZI TELECOM #9971,82.26,Servicios
267,2026-03-07,SUPERMERCADO D1,95.68,Alimentacion
267,2026-03-21,BODEGA AURRERA #7779,124.56,Alimentacion
267,2026-04-27,RECARGA OXXO #6199 CALI REF634573,155.68,Otros
267,2026-02-07,FARMACIAS SIMILARES,210.0,Salud
267,2026-02-15,FACTURA ENERGIA ENEL CODENSA #291,134.13,Servicios
267,2026-04-02,NETFLIX #7599 BARRANQUILLA,30.44,Ocio
267,2026-05-29,JUMBO,237.07,Alimentacion
267,2026-05-07,BODEGA AURRERA #1558 REF653372,25.54,Alimentacion
267,2026-05-02,SUPERMERCADO D1 REF441053,241.04,Alimentacion
267,2026-04-16,BAR RESTAURANTE AMIGOS #7337 PUEBLA,46.13,Ocio
267,2026-06-10,BODEGA AURRERA #5618,91.79,Alimentacion
267,2026-02-12,STEAM VIDEOJUEGOS #4785,69.01,Ocio
267,2026-07-18,MOVISTAR PLAN CELULAR #1053,141.99,Servicios
267,2026-06-09,CARULLA #2499,22.42,Alimentacion
267,2026-04-04,DIDI #2848,80.45,Transporte
267,2026-03-09,SUPERMERCADO D1 #3450 MONTERREY,232.71,Alimentacion
267,2026-07-23,CARULLA #6513 MEDELLIN,112.97,Alimentacion
267,2026-07-26,CINEPOLIS,29.89,Ocio
267,2026-05-15,COOMEVA MEDICINA PREPAGADA,136.07,Salud
267,2026-02-05,RENTA DEPARTAMENTO,342.78,Vivienda
267,2026-05-21,CHEDRAUI,248.01,Alimentacion
268,2026-05-18,FARMACIA CRUZ VERDE,89.75,Salud
268,2026-03-10,PAGO INFONAVIT,368.04,Vivienda
268,2026-04-15,JUMBO #8141,50.79,Alimentacion
268,2026-06-02,GASOLINERA PEMEX #8189,199.51,Transporte
268,2026-05-09,NETFLIX,100.86,Ocio
268,2026-07-09,BODEGA AURRERA #5535,79.75,Alimentacion
268,2026-04-09,AGENCIA DE VIAJES,78.85,Ocio
268,2026-04-09,OXXO,197.58,Alimentacion
268,2026-03-25,GASOLINERA PEMEX #6707,198.26,Transporte
268,2026-02-16,SUPERMERCADO D1 CUCUTA REF698368,239.23,Alimentacion
268,2026-06-02,BAR RESTAURANTE AMIGOS #2809 CUCUTA,69.4,Ocio
268,2026-02-06,PEAJE AUTOPISTA #5506 MEDELLIN REF207083,164.93,Transporte
268,2026-03-14,COMBUSTIBLE TERPEL REF646426,122.43,Transporte
268,2026-04-13,WALMART SUPERCENTER,153.7,Alimentacion
268,2026-04-10,JUMBO GUADALAJARA,39.83,Alimentacion
268,2026-07-11,DIDI,35.23,Transporte
268,2026-02-07,CABIFY #5638 CUCUTA,115.91,Transporte
268,2026-03-25,UBER,63.77,Transporte
268,2026-05-15,FACTURA ACUEDUCTO REF926098,17.84,Servicios
268,2026-04-16,OXXO CARTAGENA REF670224,197.94,Alimentacion
268,2026-07-31,TELCEL PLAN CELULAR #3760,19.39,Servicios
269,2026-07-29,WALMART SUPERCENTER,121.89,Alimentacion
269,2026-07-07,EXITO #4921,93.28,Alimentacion
269,2026-02-14,MATRICULA UNIVERSIDAD NACIONAL,364.99,Educacion
269,2026-02-21,FARMACIAS DEL AHORRO REF520659,69.5,Salud
269,2026-02-10,FARMACIAS GUADALAJARA #5936,190.4,Salud
269,2026-07-11,COOMEVA MEDICINA PREPAGADA,130.63,Salud
269,2026-02-25,AGENCIA DE VIAJES #227,10.14,Ocio
269,2026-03-11,ADMINISTRACION CONDOMINIO,323.64,Vivienda
270,2026-06-26,CARULLA PUEBLA,28.34,Alimentacion
270,2026-05-25,ARA TIENDA #5883 CALI REF909153,252.85,Alimentacion
270,2026-02-08,EXITO,209.25,Alimentacion
270,2026-04-08,CHEDRAUI #8654,181.07,Alimentacion
270,2026-06-28,EXITO #1840 CALI,224.21,Alimentacion
270,2026-04-28,MOVISTAR PLAN CELULAR,102.42,Servicios
270,2026-07-19,RENTA DEPARTAMENTO #1628 MEDELLIN,634.47,Vivienda
270,2026-06-28,RETIRO CAJERO AUTOMATICO,131.37,Otros
270,2026-02-26,RECARGA OXXO TIJUANA,167.19,Otros
270,2026-03-23,ADMINISTRACION CONJUNTO RESIDENCIAL #5417,408.57,Vivienda
270,2026-05-05,EPS SURA COPAGO #2568 BARRANQUILLA,48.36,Salud
270,2026-02-19,SPOTIFY PREMIUM,71.02,Ocio
270,2026-05-04,SORIANA BARRANQUILLA,42.99,Alimentacion
270,2026-07-30,CARULLA #902,164.05,Alimentacion
270,2026-03-11,BAR RESTAURANTE AMIGOS,65.31,Ocio
270,2026-02-02,FARMACIAS DEL AHORRO #6769,192.43,Salud
270,2026-05-23,BODEGA AURRERA #1774 MONTERREY,12.61,Alimentacion
270,2026-07-29,UBER #9373 REF523561,48.97,Transporte
270,2026-06-28,STEAM VIDEOJUEGOS REF967901,66.42,Ocio
271,2026-05-03,DIDI #9234 PUEBLA,69.79,Transporte
271,2026-05-14,NETFLIX #2420,56.35,Ocio
271,2026-02-15,BODEGA AURRERA CARTAGENA,66.6,Alimentacion
271,2026-05-19,DIDI #3221,203.2,Transporte
271,2026-06-12,DIDI,36.13,Transporte
271,2026-03-19,SORIANA,106.68,Alimentacion
271,2026-03-21,MATRICULA UNAM #4908,34.69,Educacion
271,2026-07-10,COMBUSTIBLE TERPEL #6447 GUADALAJARA,54.36,Transporte
271,2026-05-14,SORIANA #8949 REF298852,212.92,Alimentacion
271,2026-02-20,DISNEY PLUS #6653,30.15,Ocio
271,2026-03-26,COURSERA CURSO ONLINE #853 CARTAGENA,55.02,Educacion
271,2026-03-26,FARMACIAS DEL AHORRO #1130,150.22,Salud
271,2026-06-10,ADMINISTRACION CONJUNTO RESIDENCIAL #2516,154.98,Vivienda
271,2026-05-10,UBER REF646306,26.95,Transporte
271,2026-07-04,FARMACIAS DEL AHORRO,245.17,Salud
271,2026-06-03,COMBUSTIBLE TERPEL #2560 CARTAGENA,164.29,Transporte
271,2026-04-17,ESTACION SERVICIO PRIMAX #2050,193.03,Transporte
271,2026-06-23,BODEGA AURRERA,232.17,Alimentacion
271,2026-06-24,SUPERMERCADO D1 REF189335,187.63,Alimentacion
271,2026-07-04,ADMINISTRACION CONDOMINIO #4329,176.17,Vivienda
271,2026-03-16,FARMACIAS DEL AHORRO REF132473,238.11,Salud
271,2026-02-19,RENTA DEPARTAMENTO CUCUTA,572.76,Vivienda
272,2026-07-07,DISNEY PLUS,33.21,Ocio
272,2026-02-22,RENTA DEPARTAMENTO MEDELLIN,255.9,Vivienda
272,2026-02-14,PAGO INFONAVIT REF214346,546.27,Vivienda
272,2026-06-20,EXITO REF425826,58.6,Alimentacion
272,2026-04-11,PLATZI CURSO ONLINE,50.0,Educacion
272,2026-05-04,FARMACIAS GUADALAJARA #7857,299.59,Salud
272,2026-06-25,PAGO MULTA TRANSITO #5023,14.22,Otros
272,2026-06-14,CHEDRAUI BARRANQUILLA,227.16,Alimentacion
272,2026-02-08,WALMART SUPERCENTER #2012 GUADALAJARA,105.0,Alimentacion
272,2026-05-28,DISNEY PLUS,110.2,Ocio
272,2026-04-02,TRANSMILENIO,120.92,Transporte
272,2026-07-20,JUMBO #7846,244.42,Alimentacion
272,2026-06-28,AGENCIA DE VIAJES #8301,120.77,Ocio
272,2026-04-23,CHEDRAUI #1283,12.37,Alimentacion
272,2026-07-23,CINE COLOMBIA #2332 REF786649,14.43,Ocio
272,2026-05-25,CINEPOLIS,36.29,Ocio
272,2026-05-01,SUPERAMA CIUDAD DE MEXICO REF400056,184.02,Alimentacion
272,2026-05-23,BODEGA AURRERA #5111,240.95,Alimentacion
272,2026-04-30,ADMINISTRACION CONJUNTO RESIDENCIAL #7945 MEDELLIN,379.97,Vivienda
272,2026-06-19,ARA TIENDA,167.81,Alimentacion
272,2026-02-19,IZZI TELECOM #512,40.45,Servicios
272,2026-03-15,GASOLINERA PEMEX #9924,170.99,Transporte
272,2026-07-08,TELCEL PLAN CELULAR,145.59,Servicios
273,2026-06-28,NETFLIX,23.05,Ocio
273,2026-04-06,BODEGA AURRERA,124.94,Alimentacion
273,2026-07-20,TRANSMILENIO,76.82,Transporte
273,2026-05-10,ADMINISTRACION CONJUNTO RESIDENCIAL #2724 CUCUTA,410.92,Vivienda
273,2026-06-09,COMBUSTIBLE TERPEL,127.13,Transporte
273,2026-03-19,FACTURA CFE,16.15,Servicios
273,2026-03-26,SORIANA,207.86,Alimentacion
273,2026-05-02,CHEDRAUI #6697,195.38,Alimentacion
273,2026-06-26,COMBUSTIBLE TERPEL,83.26,Transporte
273,2026-02-16,OXXO CALI,23.76,Alimentacion
273,2026-03-25,SPOTIFY PREMIUM,99.37,Ocio
273,2026-06-27,PEAJE AUTOPISTA #9202,201.04,Transporte
273,2026-04-30,TRANSMILENIO BOGOTA,58.03,Transporte
273,2026-04-20,TELCEL PLAN CELULAR REF521838,58.68,Servicios
273,2026-07-07,TELCEL PLAN CELULAR #4575,39.81,Servicios
273,2026-05-22,JUMBO CARTAGENA,160.0,Alimentacion
273,2026-04-12,SPOTIFY PREMIUM #8633,24.36,Ocio
273,2026-06-01,CABIFY BOGOTA,81.24,Transporte
273,2026-06-04,SPOTIFY PREMIUM #410,92.13,Ocio
273,2026-05-06,FARMACIAS DEL AHORRO REF530723,174.63,Salud
273,2026-04-27,STEAM VIDEOJUEGOS,53.31,Ocio
273,2026-07-05,CINEPOLIS #4142,57.53,Ocio
273,2026-03-28,SORIANA #6553,156.15,Alimentacion
274,2026-06-08,AGENCIA DE VIAJES #9405 MONTERREY,97.45,Ocio
274,2026-06-05,DAVIPLATA #4308 REF462855,24.73,Otros
274,2026-06-16,FARMACIA CRUZ VERDE,205.71,Salud
274,2026-02-08,METROBUS CDMX PUEBLA,92.06,Transporte
274,2026-07-04,FARMACIAS SIMILARES #551 MEDELLIN REF739410,149.15,Salud
274,2026-04-17,PEAJE AUTOPISTA REF308467,19.83,Transporte
274,2026-03-04,MATRICULA UNAM,96.65,Educacion
274,2026-05-28,SPOTIFY PREMIUM #8694 REF503149,103.81,Ocio
274,2026-02-13,RECARGA OXXO,87.17,Otros
274,2026-04-25,SPOTIFY PREMIUM #7984 TIJUANA,42.71,Ocio
274,2026-03-04,DIDI #3887 REF138345,86.8,Transporte
274,2026-04-12,FACTURA ACUEDUCTO #3069,130.34,Servicios
274,2026-04-10,CABIFY #8438,159.8,Transporte
274,2026-02-11,PLATZI CURSO ONLINE,127.12,Educacion
274,2026-04-03,RECARGA OXXO #7373 REF612641,29.98,Otros
274,2026-04-03,CARULLA,75.52,Alimentacion
274,2026-04-14,MOVISTAR PLAN CELULAR CIUDAD DE MEXICO REF714715,139.3,Servicios
274,2026-02-06,BAR RESTAURANTE AMIGOS,77.7,Ocio
274,2026-06-10,SPOTIFY PREMIUM #8681,71.69,Ocio
274,2026-03-02,ADMINISTRACION CONDOMINIO #7945,448.2,Vivienda
274,2026-04-17,TRANSMILENIO,83.21,Transporte
275,2026-04-14,SORIANA #8128,253.51,Alimentacion
275,2026-05-25,DEPOSITO BANCO AZTECA,62.42,Otros
275,2026-03-04,CONSULTORIO IMSS,262.82,Salud
275,2026-05-31,IZZI TELECOM,118.15,Servicios
275,2026-02-18,METROBUS CDMX,59.56,Transporte
275,2026-07-30,EXITO GUADALAJARA REF778904,19.45,Alimentacion
275,2026-05-12,CINEPOLIS,17.73,Ocio
275,2026-05-03,RECARGA OXXO REF562344,133.84,Otros
275,2026-03-17,COMBUSTIBLE TERPEL REF340723,49.93,Transporte
275,2026-07-01,OXXO #6701 REF736656,106.53,Alimentacion
275,2026-07-24,BODEGA AURRERA #8699 BARRANQUILLA,140.44,Alimentacion
275,2026-04-24,AGENCIA DE VIAJES #4602 BOGOTA,95.68,Ocio
275,2026-06-25,JUMBO REF873948,39.44,Alimentacion
275,2026-06-09,PEAJE AUTOPISTA #8832,91.27,Transporte
275,2026-05-24,JUMBO,136.12,Alimentacion
275,2026-06-27,TELCEL PLAN CELULAR,88.01,Servicios
275,2026-07-03,ADMINISTRACION CONJUNTO RESIDENCIAL,559.18,Vivienda
275,2026-05-20,CABIFY,44.34,Transporte
275,2026-07-20,FARMATODO #1554 TIJUANA,245.23,Salud
275,2026-03-21,SPOTIFY PREMIUM REF413555,91.61,Ocio
275,2026-07-26,METROBUS CDMX #7789 CUCUTA,121.17,Transporte
275,2026-05-23,GASOLINERA PEMEX #5366,149.91,Transporte
275,2026-05-04,IZZI TELECOM CARTAGENA REF947838,70.62,Servicios
276,2026-04-02,CABIFY CIUDAD DE MEXICO,27.08,Transporte
276,2026-03-15,METROBUS CDMX #1495,99.96,Transporte
276,2026-04-20,FACTURA ACUEDUCTO,117.11,Servicios
276,2026-04-29,PAGO INFONAVIT #1898 GUADALAJARA,547.07,Vivienda
276,2026-05-29,CINEPOLIS QUERETARO,66.82,Ocio
276,2026-07-15,AGENCIA DE VIAJES #8374 REF706894,116.84,Ocio
276,2026-04-13,FARMACIAS SIMILARES,91.29,Salud
276,2026-02-07,METROBUS CDMX #7555,92.12,Transporte
276,2026-06-03,IZZI TELECOM CUCUTA,136.31,Servicios
276,2026-05-20,WALMART SUPERCENTER #7191,243.03,Alimentacion
276,2026-03-31,FACTURA ENERGIA ENEL CODENSA,107.57,Servicios
276,2026-03-24,EXITO GUADALAJARA,233.33,Alimentacion
276,2026-07-10,SUPERAMA,33.08,Alimentacion
277,2026-07-21,PEAJE AUTOPISTA,60.24,Transporte
277,2026-02-21,STEAM VIDEOJUEGOS REF295234,45.07,Ocio
277,2026-05-05,SUPERAMA,45.09,Alimentacion
277,2026-06-09,BODEGA AURRERA QUERETARO,87.01,Alimentacion
277,2026-02-22,RECARGA OXXO #2235,107.29,Otros
277,2026-05-01,TRANSMILENIO #9936 REF357831,98.37,Transporte
277,2026-02-17,PAGO MULTA TRANSITO #152 REF726253,68.94,Otros
277,2026-06-08,STEAM VIDEOJUEGOS #1085,98.31,Ocio
277,2026-05-09,ARRIENDO APARTAMENTO #5953 MONTERREY,596.75,Vivienda
277,2026-02-02,JUMBO #1384,206.77,Alimentacion
277,2026-06-30,SORIANA BOGOTA,96.32,Alimentacion
277,2026-05-16,FARMACIA CRUZ VERDE REF463426,227.17,Salud
277,2026-03-29,AGENCIA DE VIAJES #8557,24.0,Ocio
277,2026-05-23,CINE COLOMBIA,21.29,Ocio
277,2026-07-05,DAVIPLATA,68.76,Otros
277,2026-06-13,ESTACION SERVICIO PRIMAX,171.54,Transporte
277,2026-07-06,EPS SURA COPAGO #4597,85.21,Salud
277,2026-04-15,DISNEY PLUS,12.91,Ocio
277,2026-03-22,FARMATODO #5645,52.54,Salud
277,2026-05-15,SORIANA,233.27,Alimentacion
277,2026-05-17,PEAJE AUTOPISTA #1792,136.76,Transporte
277,2026-07-24,CINEPOLIS QUERETARO,36.65,Ocio
277,2026-06-01,DISNEY PLUS QUERETARO,74.41,Ocio
277,2026-05-02,ARRIENDO APARTAMENTO #6866,413.79,Vivienda
278,2026-06-27,UBER BOGOTA,80.34,Transporte
278,2026-04-07,IZZI TELECOM #5502,88.37,Servicios
278,2026-07-01,IZZI TELECOM #9511,24.82,Servicios
278,2026-05-29,OXXO #4826,215.43,Alimentacion
278,2026-05-08,AGENCIA DE VIAJES BOGOTA,32.22,Ocio
278,2026-02-05,TRANSFERENCIA MERCADO PAGO,125.1,Otros
278,2026-07-04,CONSULTORIO IMSS,243.92,Salud
278,2026-03-28,CABIFY #9334,122.38,Transporte
278,2026-04-07,WALMART SUPERCENTER #3720 REF276953,202.63,Alimentacion
278,2026-06-30,GASOLINERA PEMEX,142.37,Transporte
278,2026-05-20,EPS SURA COPAGO #8008 REF165802,116.33,Salud
278,2026-02-18,FARMATODO MEDELLIN,245.52,Salud
278,2026-05-18,FARMACIA CRUZ VERDE #6072,98.99,Salud
278,2026-06-14,UBER,124.24,Transporte
279,2026-03-30,COURSERA CURSO ONLINE #6211,373.72,Educacion
279,2026-05-01,TELCEL PLAN CELULAR #984,88.59,Servicios
279,2026-04-16,FARMACIAS DEL AHORRO REF627163,203.52,Salud
279,2026-05-08,FARMACIA CRUZ VERDE #1401,272.43,Salud
279,2026-03-04,TELMEX INTERNET HOGAR QUERETARO,28.3,Servicios
279,2026-02-24,SORIANA,70.34,Alimentacion
279,2026-03-19,MOVISTAR PLAN CELULAR,110.7,Servicios
279,2026-03-12,STEAM VIDEOJUEGOS MEDELLIN REF489866,107.97,Ocio
279,2026-04-19,CARULLA #6152 REF269621,232.83,Alimentacion
279,2026-06-06,COMBUSTIBLE TERPEL TIJUANA,93.02,Transporte
279,2026-06-01,RENTA DEPARTAMENTO #9724 BOGOTA,194.67,Vivienda
279,2026-07-15,AGENCIA DE VIAJES,59.72,Ocio
279,2026-04-17,CINE COLOMBIA GUADALAJARA,33.84,Ocio
279,2026-07-29,FARMACIAS SIMILARES #4572,97.99,Salud
279,2026-04-19,CINEPOLIS BARRANQUILLA REF903130,101.53,Ocio
279,2026-05-27,METROBUS CDMX #6867,25.11,Transporte
279,2026-02-28,CINE COLOMBIA,108.45,Ocio
279,2026-07-08,PAGO MULTA TRANSITO #9830,82.7,Otros
279,2026-03-19,IZZI TELECOM #5053 PUEBLA REF507026,95.47,Servicios
279,2026-03-08,ESTACION SERVICIO PRIMAX #4314,27.93,Transporte
279,2026-05-13,TELMEX INTERNET HOGAR #5458,60.54,Servicios
280,2026-03-04,FACTURA ENERGIA ENEL CODENSA,142.41,Servicios
280,2026-03-21,FARMACIAS SIMILARES #9752,16.09,Salud
280,2026-03-06,CARULLA,71.91,Alimentacion
280,2026-06-14,EPS SURA COPAGO #2334 MONTERREY,282.46,Salud
280,2026-05-23,ADMINISTRACION CONJUNTO RESIDENCIAL #3874,235.54,Vivienda
280,2026-05-15,SORIANA MONTERREY,39.44,Alimentacion
280,2026-05-09,TELMEX INTERNET HOGAR #4107 BARRANQUILLA,91.98,Servicios
280,2026-02-11,STEAM VIDEOJUEGOS,112.73,Ocio
280,2026-02-08,HOMECENTER,388.55,Vivienda
280,2026-03-31,WALMART SUPERCENTER #2258,268.59,Alimentacion
280,2026-04-16,FACTURA CFE,106.69,Servicios
280,2026-04-11,ADMINISTRACION CONJUNTO RESIDENCIAL #6123,187.04,Vivienda
280,2026-07-09,GASOLINERA PEMEX BOGOTA,208.57,Transporte
280,2026-06-26,COLEGIATURA COLEGIO PRIVADO #4196 REF486566,177.96,Educacion
281,2026-02-13,FACTURA ACUEDUCTO,75.69,Servicios
281,2026-03-13,WALMART SUPERCENTER #1759 CARTAGENA,227.58,Alimentacion
281,2026-06-14,PEAJE AUTOPISTA #4410,124.46,Transporte
281,2026-06-14,IZZI TELECOM,149.89,Servicios
281,2026-06-29,RECARGA OXXO,58.76,Otros
281,2026-02-24,OXXO #6689 QUERETARO,82.92,Alimentacion
281,2026-07-11,COURSERA CURSO ONLINE CARTAGENA REF732436,84.91,Educacion
281,2026-04-30,STEAM VIDEOJUEGOS #4941,25.51,Ocio
281,2026-05-03,FACTURA ENERGIA ENEL CODENSA #2274,53.5,Servicios
281,2026-03-25,TELCEL PLAN CELULAR #1952,122.03,Servicios
282,2026-04-29,COMBUSTIBLE TERPEL,157.36,Transporte
282,2026-07-04,EXITO #277 REF246731,127.89,Alimentacion
282,2026-05-31,METROBUS CDMX #3395 REF568725,207.86,Transporte
282,2026-05-29,ICETEX CREDITO EDUCATIVO #4127 CALI,45.53,Educacion
282,2026-06-17,EPS SURA COPAGO #6837,116.18,Salud
282,2026-07-26,SORIANA #6880,135.29,Alimentacion
282,2026-06-26,CABIFY #5438 REF579097,110.63,Transporte
282,2026-05-12,RECARGA OXXO #7850 REF859193,63.71,Otros
282,2026-02-06,EXITO,199.6,Alimentacion
283,2026-07-13,BAR RESTAURANTE AMIGOS,54.81,Ocio
283,2026-02-05,MATRICULA UNIVERSIDAD NACIONAL CIUDAD DE MEXICO,143.84,Educacion
283,2026-03-06,DISNEY PLUS,63.42,Ocio
283,2026-02-02,COOMEVA MEDICINA PREPAGADA #6171 BARRANQUILLA,96.39,Salud
283,2026-07-17,ESTACION SERVICIO PRIMAX,202.32,Transporte
283,2026-06-03,TRANSFERENCIA MERCADO PAGO #2480,63.18,Otros
283,2026-05-07,JUMBO #4442,35.49,Alimentacion
283,2026-05-15,TELMEX INTERNET HOGAR REF136198,86.12,Servicios
283,2026-03-24,SUPERAMA,24.85,Alimentacion
283,2026-05-29,WALMART SUPERCENTER #3726 CIUDAD DE MEXICO,38.74,Alimentacion
283,2026-04-28,SORIANA #4001 GUADALAJARA,67.04,Alimentacion
283,2026-07-01,MOVISTAR PLAN CELULAR #967 MONTERREY,77.69,Servicios
283,2026-04-04,GASOLINERA PEMEX #7455 TIJUANA REF924484,96.65,Transporte
283,2026-02-02,JUMBO #1923,217.92,Alimentacion
283,2026-06-07,TRANSFERENCIA NEQUI,135.71,Otros
283,2026-03-15,HOME DEPOT MEXICO REF773126,363.16,Vivienda
283,2026-05-02,PEAJE AUTOPISTA #6302,76.74,Transporte
283,2026-05-31,AGENCIA DE VIAJES QUERETARO,44.56,Ocio
283,2026-03-03,CARULLA,211.24,Alimentacion
283,2026-02-15,SORIANA,23.54,Alimentacion
283,2026-05-27,BODEGA AURRERA #6256 GUADALAJARA REF731408,13.33,Alimentacion
283,2026-06-23,FACTURA ENERGIA ENEL CODENSA #4949,122.4,Servicios
283,2026-07-26,PLATZI CURSO ONLINE,203.93,Educacion
283,2026-07-28,TELCEL PLAN CELULAR BARRANQUILLA,32.67,Servicios
283,2026-06-21,STEAM VIDEOJUEGOS #3086,34.45,Ocio
284,2026-07-15,COURSERA CURSO ONLINE,278.53,Educacion
284,2026-07-25,SORIANA,115.3,Alimentacion
284,2026-03-07,ICETEX CREDITO EDUCATIVO #152 REF391858,374.33,Educacion
284,2026-03-26,OXXO #7757 CUCUTA,33.14,Alimentacion
284,2026-02-10,CLARO HOGAR INTERNET,84.06,Servicios
284,2026-07-10,IZZI TELECOM #8143,139.0,Servicios
284,2026-07-06,METROBUS CDMX #6419,190.82,Transporte
284,2026-07-24,WALMART SUPERCENTER #9928,50.7,Alimentacion
284,2026-02-03,MATRICULA UNAM #5309,162.49,Educacion
284,2026-07-01,FARMATODO REF471301,191.45,Salud
284,2026-05-20,PLATZI CURSO ONLINE #9421,84.77,Educacion
284,2026-05-24,EPS SURA COPAGO #898 REF589659,290.89,Salud
285,2026-03-28,METROBUS CDMX #8969 CALI,196.3,Transporte
285,2026-04-07,FACTURA CFE,137.64,Servicios
285,2026-02-08,STEAM VIDEOJUEGOS,102.66,Ocio
285,2026-02-27,HOME DEPOT MEXICO CUCUTA,159.7,Vivienda
285,2026-07-11,AGENCIA DE VIAJES CALI,45.88,Ocio
285,2026-03-06,FACTURA ENERGIA ENEL CODENSA,99.77,Servicios
285,2026-03-04,SORIANA MEDELLIN,81.55,Alimentacion
285,2026-03-11,CINE COLOMBIA #715 MEDELLIN,118.7,Ocio
285,2026-03-31,CINE COLOMBIA #6544,84.24,Ocio
285,2026-02-28,TRANSMILENIO #5531 QUERETARO REF242345,24.38,Transporte
285,2026-04-19,IZZI TELECOM #8360 CALI,137.72,Servicios
285,2026-06-19,CINE COLOMBIA #6135 CUCUTA,124.72,Ocio
285,2026-04-12,EPS SURA COPAGO TIJUANA,37.15,Salud
285,2026-04-10,COMBUSTIBLE TERPEL,116.47,Transporte
285,2026-03-30,COMBUSTIBLE TERPEL #8002,70.67,Transporte
285,2026-06-07,FARMATODO #3439 CALI,126.96,Salud
285,2026-07-14,UBER #4157,45.93,Transporte
285,2026-05-23,IZZI TELECOM #9727 GUADALAJARA REF748964,93.04,Servicios
285,2026-04-16,CINE COLOMBIA #6213,124.75,Ocio
285,2026-04-26,BODEGA AURRERA #3368,140.8,Alimentacion
285,2026-05-09,DEPOSITO BANCO AZTECA #178,24.1,Otros
285,2026-05-23,BODEGA AURRERA PUEBLA,171.2,Alimentacion
285,2026-03-02,ESTACION SERVICIO PRIMAX #1205 CALI,78.04,Transporte
285,2026-07-13,CINE COLOMBIA #9677 BOGOTA REF650053,111.99,Ocio
286,2026-03-03,FACTURA ACUEDUCTO #2649,58.43,Servicios
286,2026-03-25,CHEDRAUI,131.03,Alimentacion
286,2026-05-16,RETIRO CAJERO AUTOMATICO #5423 REF297816,170.34,Otros
286,2026-05-19,DIDI #1615,196.35,Transporte
286,2026-05-10,RECARGA OXXO #3169,45.17,Otros
286,2026-05-05,CABIFY #3014,81.64,Transporte
286,2026-03-08,TELCEL PLAN CELULAR REF362100,35.17,Servicios
286,2026-05-17,METROBUS CDMX GUADALAJARA,112.0,Transporte
286,2026-05-05,SORIANA #1116,129.75,Alimentacion
286,2026-05-29,DAVIPLATA #912 REF153187,163.13,Otros
286,2026-05-01,ADMINISTRACION CONDOMINIO GUADALAJARA,615.0,Vivienda
286,2026-07-31,ARA TIENDA #1321 QUERETARO REF285934,109.73,Alimentacion
286,2026-04-24,ADMINISTRACION CONJUNTO RESIDENCIAL #1848,395.87,Vivienda
286,2026-05-07,STEAM VIDEOJUEGOS #1507,117.03,Ocio
286,2026-07-28,TRANSMILENIO #3328,171.34,Transporte
286,2026-05-08,WALMART SUPERCENTER,10.95,Alimentacion
286,2026-02-25,HOME DEPOT MEXICO REF778215,310.03,Vivienda
286,2026-02-01,WALMART SUPERCENTER,119.66,Alimentacion
286,2026-02-17,GASOLINERA PEMEX PUEBLA,55.94,Transporte
286,2026-07-03,FACTURA CFE #9650,41.94,Servicios
286,2026-02-04,GASOLINERA PEMEX #1477 MONTERREY,17.56,Transporte
287,2026-06-20,SPOTIFY PREMIUM #2859 REF226569,111.44,Ocio
287,2026-03-24,RETIRO CAJERO AUTOMATICO #5047 REF749361,92.12,Otros
287,2026-04-19,FACTURA CFE #8344,71.17,Servicios
287,2026-02-28,GASOLINERA PEMEX REF295682,205.57,Transporte
287,2026-04-16,SUPERAMA #5456,62.15,Alimentacion
287,2026-05-12,GASOLINERA PEMEX,53.07,Transporte
287,2026-07-06,SUPERMERCADO D1 REF199722,85.89,Alimentacion
287,2026-03-17,OXXO #2351 CARTAGENA,54.92,Alimentacion
287,2026-06-29,COOMEVA MEDICINA PREPAGADA #8998 QUERETARO,123.12,Salud
287,2026-06-21,JUMBO #6539 REF354485,246.82,Alimentacion
287,2026-07-21,SUPERMERCADO D1 #4247 MONTERREY,169.99,Alimentacion
287,2026-06-11,CONSULTORIO IMSS #5194,132.4,Salud
287,2026-04-21,IZZI TELECOM,141.15,Servicios
287,2026-03-26,HOMECENTER #8932,174.23,Vivienda
287,2026-02-05,DISNEY PLUS #7453 REF406302,31.28,Ocio
287,2026-04-28,ARA TIENDA,157.13,Alimentacion
287,2026-03-27,RETIRO CAJERO AUTOMATICO,114.64,Otros
287,2026-06-15,ICETEX CREDITO EDUCATIVO #7668 REF389941,39.83,Educacion
287,2026-03-17,GASOLINERA PEMEX,90.61,Transporte
287,2026-06-02,CINE COLOMBIA,86.14,Ocio
287,2026-06-18,STEAM VIDEOJUEGOS TIJUANA REF678113,92.26,Ocio
287,2026-02-21,COOMEVA MEDICINA PREPAGADA,196.87,Salud
287,2026-07-21,CHEDRAUI REF873423,93.35,Alimentacion
287,2026-03-20,TRANSMILENIO #7581,28.7,Transporte
287,2026-02-07,TELMEX INTERNET HOGAR MEDELLIN,72.66,Servicios
287,2026-05-13,DISNEY PLUS,21.09,Ocio
288,2026-04-27,METROBUS CDMX REF602777,183.43,Transporte
288,2026-05-20,OXXO,184.98,Alimentacion
288,2026-02-01,TELCEL PLAN CELULAR #5777,21.34,Servicios
288,2026-03-05,ADMINISTRACION CONJUNTO RESIDENCIAL BOGOTA,433.16,Vivienda
288,2026-06-18,GASOLINERA PEMEX,162.66,Transporte
288,2026-06-13,WALMART SUPERCENTER REF987208,45.49,Alimentacion
288,2026-06-08,TELMEX INTERNET HOGAR REF533555,45.87,Servicios
288,2026-05-05,TELMEX INTERNET HOGAR #1730 CIUDAD DE MEXICO,134.14,Servicios
288,2026-04-20,ARA TIENDA,15.23,Alimentacion
289,2026-06-25,HOMECENTER GUADALAJARA,329.91,Vivienda
289,2026-04-03,JUMBO #8076,150.6,Alimentacion
289,2026-03-14,RETIRO CAJERO AUTOMATICO TIJUANA REF764064,125.14,Otros
289,2026-02-22,OXXO #1134,192.68,Alimentacion
289,2026-05-11,MOVISTAR PLAN CELULAR #5133,144.06,Servicios
289,2026-03-05,DEPOSITO BANCO AZTECA #2741,100.33,Otros
289,2026-06-09,METROBUS CDMX MEDELLIN,89.94,Transporte
289,2026-06-20,CARULLA,257.96,Alimentacion
290,2026-07-25,FARMACIAS GUADALAJARA,71.69,Salud
290,2026-04-27,OXXO #406 CIUDAD DE MEXICO,166.44,Alimentacion
290,2026-02-01,FACTURA ENERGIA ENEL CODENSA MONTERREY REF179484,23.19,Servicios
290,2026-07-15,OXXO #846 BARRANQUILLA,117.47,Alimentacion
290,2026-06-14,PEAJE AUTOPISTA #7400,119.32,Transporte
290,2026-07-29,FARMACIAS DEL AHORRO,139.27,Salud
290,2026-03-27,SUPERMERCADO D1 TIJUANA,204.65,Alimentacion
290,2026-07-20,ARA TIENDA #2225 CIUDAD DE MEXICO,225.26,Alimentacion
290,2026-07-03,FARMACIAS DEL AHORRO BOGOTA,234.8,Salud
291,2026-07-19,UBER,95.89,Transporte
291,2026-05-01,CLARO HOGAR INTERNET CUCUTA,78.55,Servicios
291,2026-07-12,METROBUS CDMX #1494,41.47,Transporte
291,2026-03-28,IZZI TELECOM,19.19,Servicios
291,2026-03-31,METROBUS CDMX,199.38,Transporte
291,2026-06-04,SPOTIFY PREMIUM #3591 REF701631,35.09,Ocio
291,2026-07-02,CLARO HOGAR INTERNET #8401 REF478793,47.39,Servicios
291,2026-07-10,STEAM VIDEOJUEGOS #8313,15.42,Ocio
291,2026-02-06,IZZI TELECOM MEDELLIN,140.35,Servicios
291,2026-07-21,BODEGA AURRERA,160.73,Alimentacion
291,2026-05-11,SUPERAMA,183.43,Alimentacion
291,2026-05-31,CINE COLOMBIA MONTERREY,118.95,Ocio
291,2026-06-01,CLARO HOGAR INTERNET #4669,61.66,Servicios
291,2026-06-03,AGENCIA DE VIAJES #9333 REF530522,82.69,Ocio
291,2026-02-19,BAR RESTAURANTE AMIGOS BOGOTA,9.85,Ocio
292,2026-05-01,OXXO TIJUANA,72.72,Alimentacion
292,2026-05-24,TELMEX INTERNET HOGAR,43.11,Servicios
292,2026-04-06,COMBUSTIBLE TERPEL #8556,60.1,Transporte
292,2026-07-04,DISNEY PLUS REF937872,105.74,Ocio
292,2026-07-29,FARMACIA CRUZ VERDE REF798439,94.71,Salud
292,2026-07-14,ARRIENDO APARTAMENTO,245.76,Vivienda
292,2026-03-28,ICETEX CREDITO EDUCATIVO #1830,214.1,Educacion
292,2026-05-13,NETFLIX BOGOTA,113.21,Ocio
292,2026-06-23,BAR RESTAURANTE AMIGOS #8649,35.17,Ocio
292,2026-03-26,ADMINISTRACION CONJUNTO RESIDENCIAL,189.27,Vivienda
292,2026-07-27,JUMBO REF944318,102.67,Alimentacion
292,2026-07-19,COLEGIATURA COLEGIO PRIVADO #325 CALI,305.37,Educacion
292,2026-04-26,FACTURA CFE #577 REF980916,89.34,Servicios
292,2026-02-18,IZZI TELECOM TIJUANA REF324174,125.27,Servicios
292,2026-04-09,FARMACIAS DEL AHORRO MEDELLIN,288.48,Salud
292,2026-03-18,CLARO HOGAR INTERNET #9498 GUADALAJARA REF996609,122.01,Servicios
292,2026-05-19,SUPERAMA #1627,166.99,Alimentacion
292,2026-04-27,ARA TIENDA #4430,138.27,Alimentacion
292,2026-04-01,CARULLA #6116,20.42,Alimentacion
293,2026-02-07,CHEDRAUI #2632,162.3,Alimentacion
293,2026-05-08,NETFLIX,78.35,Ocio
293,2026-05-26,SUPERMERCADO D1 #2636 MEDELLIN,125.89,Alimentacion
293,2026-03-28,CARULLA #542 REF112142,227.39,Alimentacion
293,2026-06-29,SORIANA BOGOTA,78.89,Alimentacion
293,2026-04-10,SUPERAMA #2786,126.64,Alimentacion
293,2026-05-25,MOVISTAR PLAN CELULAR,87.59,Servicios
293,2026-05-12,TELMEX INTERNET HOGAR CIUDAD DE MEXICO REF818714,104.59,Servicios
293,2026-03-17,FACTURA CFE #2421,120.84,Servicios
293,2026-05-11,UBER #7285,88.96,Transporte
293,2026-07-16,DISNEY PLUS #2184,85.76,Ocio
293,2026-05-13,CINEPOLIS,23.83,Ocio
293,2026-03-02,ICETEX CREDITO EDUCATIVO CARTAGENA,374.74,Educacion
293,2026-02-21,WALMART SUPERCENTER,109.6,Alimentacion
293,2026-03-27,CABIFY BOGOTA,155.9,Transporte
293,2026-02-20,METROBUS CDMX,14.07,Transporte
294,2026-02-02,GASOLINERA PEMEX,33.95,Transporte
294,2026-04-23,AGENCIA DE VIAJES #4773,105.33,Ocio
294,2026-04-24,TRANSMILENIO #7098 BOGOTA REF109132,59.39,Transporte
294,2026-02-10,DISNEY PLUS #9051,117.45,Ocio
294,2026-03-10,UBER,192.16,Transporte
294,2026-06-26,GASOLINERA PEMEX,198.66,Transporte
294,2026-05-02,JUMBO #2674,145.26,Alimentacion
294,2026-06-05,FARMACIAS SIMILARES #7212 PUEBLA,207.97,Salud
294,2026-06-25,SUPERAMA,212.41,Alimentacion
294,2026-06-30,CABIFY #1806,36.2,Transporte
294,2026-02-04,FACTURA ENERGIA ENEL CODENSA #6190 CUCUTA,96.13,Servicios
294,2026-05-24,FARMACIAS DEL AHORRO #9889,24.77,Salud
294,2026-05-30,RENTA DEPARTAMENTO,398.78,Vivienda
294,2026-05-06,METROBUS CDMX CIUDAD DE MEXICO,40.97,Transporte
295,2026-03-24,STEAM VIDEOJUEGOS,67.96,Ocio
295,2026-05-19,TRANSFERENCIA NEQUI #3262,41.05,Otros
295,2026-02-07,CLARO HOGAR INTERNET #1844 REF252112,92.49,Servicios
295,2026-02-11,COMBUSTIBLE TERPEL #9925,137.48,Transporte
295,2026-07-24,RENTA DEPARTAMENTO #7663,428.35,Vivienda
295,2026-04-29,FARMACIAS DEL AHORRO CIUDAD DE MEXICO,225.41,Salud
295,2026-07-27,SUPERMERCADO D1 MEDELLIN,97.26,Alimentacion
295,2026-02-27,CABIFY,163.02,Transporte
295,2026-05-01,CHEDRAUI TIJUANA,122.52,Alimentacion
295,2026-04-15,OXXO,135.89,Alimentacion
295,2026-06-03,CINEPOLIS #3543,86.01,Ocio
295,2026-06-06,CONSULTORIO IMSS #2282,20.23,Salud
295,2026-03-28,DISNEY PLUS #5747 BOGOTA REF101483,86.75,Ocio
295,2026-02-03,CABIFY #3273,133.72,Transporte
295,2026-03-26,BAR RESTAURANTE AMIGOS,43.73,Ocio
295,2026-07-30,WALMART SUPERCENTER #1925,32.31,Alimentacion
295,2026-04-30,CINE COLOMBIA #7524 TIJUANA,16.37,Ocio
296,2026-06-12,PAGO MULTA TRANSITO #3831 CALI,50.23,Otros
296,2026-07-18,DAVIPLATA,161.26,Otros
296,2026-02-26,DEPOSITO BANCO AZTECA #7536,11.56,Otros
296,2026-07-31,FACTURA ENERGIA ENEL CODENSA,42.19,Servicios
296,2026-07-10,AGENCIA DE VIAJES #550,124.88,Ocio
296,2026-05-04,DEPOSITO BANCO AZTECA #9673,114.28,Otros
296,2026-07-22,BODEGA AURRERA,78.03,Alimentacion
296,2026-02-22,ARA TIENDA #5471,27.42,Alimentacion
296,2026-02-23,AGENCIA DE VIAJES CARTAGENA,8.52,Ocio
296,2026-07-31,SUPERMERCADO D1 #9124 REF555028,73.63,Alimentacion
296,2026-05-21,DAVIPLATA REF933927,159.85,Otros
296,2026-04-14,ARA TIENDA MONTERREY,118.14,Alimentacion
296,2026-02-07,STEAM VIDEOJUEGOS,95.04,Ocio
296,2026-07-20,NETFLIX REF451543,119.79,Ocio
297,2026-03-25,ARA TIENDA #4872 REF286627,27.12,Alimentacion
297,2026-06-04,UBER #2145 QUERETARO REF423448,148.51,Transporte
297,2026-05-26,FACTURA CFE REF822232,92.21,Servicios
297,2026-02-27,ADMINISTRACION CONJUNTO RESIDENCIAL #6425 CUCUTA,603.73,Vivienda
297,2026-04-26,DEPOSITO BANCO AZTECA CIUDAD DE MEXICO,30.82,Otros
297,2026-03-09,COMBUSTIBLE TERPEL #9270,116.81,Transporte
297,2026-07-09,STEAM VIDEOJUEGOS,114.93,Ocio
297,2026-04-13,SUPERAMA,116.61,Alimentacion
297,2026-04-07,ESTACION SERVICIO PRIMAX,106.4,Transporte
297,2026-06-07,STEAM VIDEOJUEGOS #7844 CALI,13.81,Ocio
297,2026-03-20,RETIRO CAJERO AUTOMATICO #4457,57.28,Otros
297,2026-07-28,PLATZI CURSO ONLINE,146.69,Educacion
297,2026-05-04,COMBUSTIBLE TERPEL #8004,199.02,Transporte
297,2026-06-16,OXXO,83.49,Alimentacion
297,2026-06-05,COURSERA CURSO ONLINE BOGOTA,197.83,Educacion
297,2026-07-01,CLARO HOGAR INTERNET #3513,105.63,Servicios
297,2026-06-22,SORIANA,52.17,Alimentacion
297,2026-03-06,RETIRO CAJERO AUTOMATICO #5693,92.7,Otros
297,2026-04-23,ESTACION SERVICIO PRIMAX #2424 REF913268,157.71,Transporte
297,2026-05-07,COMBUSTIBLE TERPEL,183.37,Transporte
297,2026-02-03,PAGO INFONAVIT,463.13,Vivienda
297,2026-04-19,ARRIENDO APARTAMENTO #4501 CUCUTA,484.53,Vivienda
298,2026-04-09,OXXO #8883 TIJUANA,125.19,Alimentacion
298,2026-04-13,DEPOSITO BANCO AZTECA #552,115.03,Otros
298,2026-05-29,CHEDRAUI #6282 BARRANQUILLA,210.19,Alimentacion
298,2026-07-11,RETIRO CAJERO AUTOMATICO,27.67,Otros
298,2026-04-23,IZZI TELECOM,144.92,Servicios
298,2026-04-25,SPOTIFY PREMIUM,116.28,Ocio
298,2026-03-28,CHEDRAUI #1399,80.29,Alimentacion
298,2026-04-11,FARMACIA CRUZ VERDE CARTAGENA,249.49,Salud
298,2026-05-22,PEAJE AUTOPISTA #8934,113.66,Transporte
298,2026-02-27,OXXO #3931,130.07,Alimentacion
298,2026-06-17,AGENCIA DE VIAJES #3495,44.3,Ocio
298,2026-03-19,SUPERMERCADO D1 #3684,161.05,Alimentacion
298,2026-07-28,DEPOSITO BANCO AZTECA PUEBLA,134.08,Otros
298,2026-05-23,SPOTIFY PREMIUM #2371 REF853270,56.37,Ocio
299,2026-04-04,HOMECENTER #8013 TIJUANA,379.13,Vivienda
299,2026-06-02,TELCEL PLAN CELULAR #4961,50.43,Servicios
299,2026-03-28,SPOTIFY PREMIUM #5180,35.22,Ocio
299,2026-04-27,PAGO INFONAVIT,391.51,Vivienda
299,2026-03-10,FARMACIAS SIMILARES #4223,267.75,Salud
299,2026-02-17,COMBUSTIBLE TERPEL,85.67,Transporte
299,2026-07-16,SORIANA #5353 REF481426,204.93,Alimentacion
299,2026-03-25,PEAJE AUTOPISTA,29.36,Transporte
299,2026-04-12,DISNEY PLUS #5000 REF105187,64.51,Ocio
299,2026-03-01,OXXO #765,267.84,Alimentacion
299,2026-02-06,PAGO MULTA TRANSITO MONTERREY,140.97,Otros
299,2026-04-12,COMBUSTIBLE TERPEL #7947 CIUDAD DE MEXICO,52.11,Transporte
299,2026-02-03,EXITO #1537 BOGOTA REF670410,140.37,Alimentacion
299,2026-07-04,BODEGA AURRERA BOGOTA,70.74,Alimentacion
299,2026-05-28,PAGO INFONAVIT BOGOTA,354.78,Vivienda
299,2026-05-01,STEAM VIDEOJUEGOS #8261 REF403614,102.51,Ocio
300,2026-05-04,CARULLA #6851,155.57,Alimentacion
300,2026-03-14,PEAJE AUTOPISTA #1293,107.28,Transporte
300,2026-04-21,OXXO #1558,141.28,Alimentacion
300,2026-03-15,ADMINISTRACION CONDOMINIO #4154,238.21,Vivienda
300,2026-05-28,TELMEX INTERNET HOGAR,124.72,Servicios
300,2026-07-20,SUPERAMA TIJUANA,150.86,Alimentacion
300,2026-05-25,FACTURA ACUEDUCTO,32.7,Servicios
300,2026-03-02,TRANSFERENCIA MERCADO PAGO #7809,140.25,Otros
300,2026-04-30,SUPERAMA CIUDAD DE MEXICO,252.44,Alimentacion
300,2026-03-09,PAGO MULTA TRANSITO,171.04,Otros
300,2026-02-26,FACTURA ENERGIA ENEL CODENSA #164 GUADALAJARA,64.82,Servicios
300,2026-07-29,FARMACIAS GUADALAJARA,53.62,Salud
300,2026-04-29,SUPERAMA #1752 REF940592,144.78,Alimentacion
300,2026-04-25,FACTURA ENERGIA ENEL CODENSA,30.2,Servicios
300,2026-06-15,JUMBO,252.84,Alimentacion
300,2026-06-01,CARULLA #7063,57.73,Alimentacion
300,2026-05-10,STEAM VIDEOJUEGOS #2650 QUERETARO REF234455,36.6,Ocio
300,2026-05-12,OXXO #4630 BOGOTA,115.73,Alimentacion
300,2026-07-16,PEAJE AUTOPISTA BARRANQUILLA,86.63,Transporte
300,2026-04-28,JUMBO CARTAGENA REF393622,216.61,Alimentacion
301,2026-02-18,COOMEVA MEDICINA PREPAGADA,189.32,Salud
301,2026-07-30,ADMINISTRACION CONDOMINIO REF382937,432.87,Vivienda
301,2026-06-17,TRANSMILENIO #297 REF684331,152.94,Transporte
301,2026-03-28,WALMART SUPERCENTER CALI,253.8,Alimentacion
301,2026-07-15,CINE COLOMBIA #5909,119.03,Ocio
301,2026-07-04,METROBUS CDMX #3790,199.22,Transporte
301,2026-05-29,ESTACION SERVICIO PRIMAX #6483 REF816535,58.94,Transporte
301,2026-07-14,DISNEY PLUS QUERETARO REF245580,21.45,Ocio
301,2026-05-29,ESTACION SERVICIO PRIMAX #4272,70.46,Transporte
301,2026-05-08,BAR RESTAURANTE AMIGOS #8940,116.89,Ocio
301,2026-03-09,CINEPOLIS,126.51,Ocio
301,2026-07-03,SUPERMERCADO D1 REF571777,233.42,Alimentacion
301,2026-02-03,FACTURA ACUEDUCTO #7335,29.85,Servicios
301,2026-07-10,FARMACIAS GUADALAJARA #1534,285.02,Salud
302,2026-02-14,CABIFY QUERETARO,132.63,Transporte
302,2026-05-28,TELMEX INTERNET HOGAR QUERETARO,132.29,Servicios
302,2026-06-08,JUMBO,182.09,Alimentacion
302,2026-07-08,RECARGA OXXO,83.79,Otros
302,2026-02-20,SUPERMERCADO D1,223.05,Alimentacion
302,2026-05-11,SUPERAMA #7332,245.45,Alimentacion
302,2026-03-14,OXXO #8411,41.14,Alimentacion
302,2026-04-27,METROBUS CDMX #9956 REF887071,116.39,Transporte
302,2026-06-07,EXITO #810,83.97,Alimentacion
302,2026-04-08,CLARO HOGAR INTERNET #7048,21.35,Servicios
303,2026-04-04,PEAJE AUTOPISTA #7955 TIJUANA,192.87,Transporte
303,2026-05-19,MOVISTAR PLAN CELULAR #7000,50.81,Servicios
303,2026-03-18,DAVIPLATA,163.67,Otros
303,2026-04-03,ESTACION SERVICIO PRIMAX #6830,74.13,Transporte
303,2026-07-04,TRANSMILENIO #1213,120.47,Transporte
303,2026-04-30,CONSULTORIO IMSS #6434,29.39,Salud
303,2026-06-03,RENTA DEPARTAMENTO #6847 TIJUANA,171.94,Vivienda
303,2026-05-23,IZZI TELECOM PUEBLA,112.25,Servicios
303,2026-05-25,DISNEY PLUS #9339 CALI,60.56,Ocio
303,2026-06-11,METROBUS CDMX,61.26,Transporte
303,2026-05-20,CABIFY #6596,48.08,Transporte
303,2026-06-05,SORIANA #1040 GUADALAJARA REF181242,184.19,Alimentacion
303,2026-06-10,EPS SURA COPAGO #9267 BOGOTA,15.11,Salud
303,2026-04-28,CABIFY #3216 REF768950,171.18,Transporte
303,2026-06-27,SUPERAMA,30.6,Alimentacion
303,2026-05-08,NETFLIX #7186,28.94,Ocio
303,2026-02-13,EXITO,110.42,Alimentacion
304,2026-05-13,FARMACIAS SIMILARES #493 GUADALAJARA,264.38,Salud
304,2026-03-10,DIDI,70.29,Transporte
304,2026-05-13,SUPERAMA,34.58,Alimentacion
304,2026-07-27,SORIANA,207.18,Alimentacion
304,2026-06-19,STEAM VIDEOJUEGOS,80.75,Ocio
304,2026-06-25,DISNEY PLUS #9366 REF946404,76.29,Ocio
304,2026-03-15,CABIFY #5083,20.72,Transporte
304,2026-05-23,TRANSFERENCIA MERCADO PAGO REF815153,33.88,Otros
304,2026-05-28,CINE COLOMBIA,82.82,Ocio
304,2026-05-16,PAGO MULTA TRANSITO #1826 MEDELLIN,45.33,Otros
304,2026-04-21,BAR RESTAURANTE AMIGOS #889,68.01,Ocio
304,2026-02-24,OXXO #8618,151.67,Alimentacion
304,2026-07-27,PLATZI CURSO ONLINE,131.32,Educacion
304,2026-07-09,FARMACIAS GUADALAJARA #7099,285.3,Salud
304,2026-02-14,JUMBO #9298,229.04,Alimentacion
304,2026-06-13,CARULLA REF707442,197.82,Alimentacion
304,2026-06-09,DIDI,25.6,Transporte
305,2026-07-08,CINE COLOMBIA,65.93,Ocio
305,2026-04-29,EPS SURA COPAGO #555 CUCUTA REF901512,118.77,Salud
305,2026-06-06,EXITO MEDELLIN,176.24,Alimentacion
305,2026-02-08,ARA TIENDA #6571,43.55,Alimentacion
305,2026-06-15,EXITO CALI,121.88,Alimentacion
305,2026-07-03,OXXO REF974243,81.42,Alimentacion
305,2026-07-06,WALMART SUPERCENTER,240.82,Alimentacion
305,2026-02-05,IZZI TELECOM #5346,20.48,Servicios
305,2026-07-11,EXITO,247.57,Alimentacion
305,2026-06-17,RENTA DEPARTAMENTO,566.5,Vivienda
305,2026-03-23,PAGO INFONAVIT #4006 CUCUTA,298.79,Vivienda
305,2026-05-15,RENTA DEPARTAMENTO #1291,544.65,Vivienda
305,2026-04-07,ESTACION SERVICIO PRIMAX #1059,16.24,Transporte
305,2026-07-18,CHEDRAUI #3153,261.39,Alimentacion
305,2026-03-14,ARA TIENDA,146.91,Alimentacion
305,2026-06-19,ADMINISTRACION CONJUNTO RESIDENCIAL #9404 REF314848,301.64,Vivienda
305,2026-06-07,SUPERAMA PUEBLA,104.27,Alimentacion
305,2026-06-14,CARULLA QUERETARO,27.27,Alimentacion
305,2026-07-09,TELCEL PLAN CELULAR #2517 REF271993,148.56,Servicios
305,2026-03-18,CARULLA #9340,20.22,Alimentacion
305,2026-07-10,HOME DEPOT MEXICO #6428 REF885697,477.45,Vivienda
305,2026-03-16,PEAJE AUTOPISTA #7194,98.55,Transporte
305,2026-03-24,CABIFY CARTAGENA REF297973,199.78,Transporte
306,2026-05-16,FARMACIAS SIMILARES #357 BOGOTA,225.37,Salud
306,2026-07-26,SUPERAMA,59.18,Alimentacion
306,2026-07-12,COMBUSTIBLE TERPEL #3333 MONTERREY,124.7,Transporte
306,2026-03-25,WALMART SUPERCENTER #5381 REF372061,65.96,Alimentacion
306,2026-03-26,PEAJE AUTOPISTA #8118,182.32,Transporte
306,2026-06-03,BAR RESTAURANTE AMIGOS #8163 BOGOTA,122.77,Ocio
306,2026-05-06,COURSERA CURSO ONLINE #4566,219.43,Educacion
306,2026-04-06,ADMINISTRACION CONJUNTO RESIDENCIAL #227 CALI,326.15,Vivienda
306,2026-07-01,IZZI TELECOM #2353,46.6,Servicios
306,2026-06-21,TRANSFERENCIA MERCADO PAGO CARTAGENA REF887906,18.46,Otros
306,2026-03-17,ARA TIENDA #7098,79.81,Alimentacion
306,2026-04-20,BODEGA AURRERA REF143471,180.1,Alimentacion
306,2026-04-01,ESTACION SERVICIO PRIMAX,116.72,Transporte
306,2026-04-10,FARMATODO #6536 CARTAGENA,284.05,Salud
306,2026-05-27,BAR RESTAURANTE AMIGOS REF923581,54.53,Ocio
306,2026-05-16,PAGO MULTA TRANSITO,127.96,Otros
307,2026-06-30,ADMINISTRACION CONDOMINIO,503.32,Vivienda
307,2026-02-04,JUMBO,254.57,Alimentacion
307,2026-05-24,METROBUS CDMX #1266,75.86,Transporte
307,2026-04-07,NETFLIX #739,10.28,Ocio
307,2026-07-21,UBER #8016,109.26,Transporte
307,2026-05-03,SUPERMERCADO D1,151.56,Alimentacion
307,2026-05-10,HOMECENTER #2756,234.22,Vivienda
307,2026-06-15,RECARGA OXXO #5888,139.28,Otros
307,2026-06-17,AGENCIA DE VIAJES,128.12,Ocio
307,2026-05-06,ICETEX CREDITO EDUCATIVO REF759156,379.67,Educacion
308,2026-04-14,JUMBO #4076,107.03,Alimentacion
308,2026-03-17,BODEGA AURRERA,138.24,Alimentacion
308,2026-04-22,CABIFY MONTERREY,125.83,Transporte
308,2026-03-12,FARMACIAS GUADALAJARA #4028,68.89,Salud
308,2026-06-04,METROBUS CDMX #2648,190.18,Transporte
308,2026-07-17,DEPOSITO BANCO AZTECA #148,124.61,Otros
308,2026-06-27,PAGO MULTA TRANSITO #4127 BOGOTA REF824730,117.66,Otros
308,2026-06-16,SORIANA QUERETARO,35.87,Alimentacion
309,2026-06-06,SUPERMERCADO D1,163.09,Alimentacion
309,2026-07-01,CHEDRAUI #4620 CARTAGENA,33.2,Alimentacion
309,2026-04-03,FARMACIAS DEL AHORRO #4859 REF210365,137.83,Salud
309,2026-06-19,GASOLINERA PEMEX #9400,44.96,Transporte
309,2026-02-21,FARMATODO,296.32,Salud
309,2026-07-03,FARMACIAS SIMILARES #1896 REF754353,174.93,Salud
309,2026-02-12,SORIANA #8146 REF363900,188.73,Alimentacion
309,2026-06-17,CABIFY,75.08,Transporte
309,2026-02-16,ARA TIENDA #8755,34.63,Alimentacion
309,2026-05-26,SPOTIFY PREMIUM #134 CARTAGENA,126.98,Ocio
309,2026-03-08,ESTACION SERVICIO PRIMAX BARRANQUILLA,67.25,Transporte
309,2026-03-11,SUPERAMA GUADALAJARA,120.19,Alimentacion
309,2026-07-08,WALMART SUPERCENTER REF627614,178.96,Alimentacion
309,2026-03-31,SORIANA,16.42,Alimentacion
309,2026-02-19,BAR RESTAURANTE AMIGOS,106.28,Ocio
309,2026-03-02,JUMBO CIUDAD DE MEXICO,149.51,Alimentacion
309,2026-04-08,COMBUSTIBLE TERPEL #9847,65.64,Transporte
309,2026-03-21,ADMINISTRACION CONDOMINIO #2509,180.8,Vivienda
309,2026-07-29,ADMINISTRACION CONDOMINIO,231.25,Vivienda
309,2026-05-11,GASOLINERA PEMEX #5834 REF272689,189.01,Transporte
309,2026-06-14,ARA TIENDA #822 BARRANQUILLA,188.37,Alimentacion
310,2026-03-23,BODEGA AURRERA,55.69,Alimentacion
310,2026-05-25,COURSERA CURSO ONLINE #2928 CIUDAD DE MEXICO,248.92,Educacion
310,2026-04-25,FARMACIAS DEL AHORRO #701,135.89,Salud
310,2026-02-16,IZZI TELECOM BOGOTA,75.3,Servicios
310,2026-06-04,CARULLA #4518 CIUDAD DE MEXICO REF598792,76.08,Alimentacion
310,2026-03-05,TRANSFERENCIA NEQUI #8836 REF471159,150.27,Otros
310,2026-02-28,PEAJE AUTOPISTA,107.05,Transporte
310,2026-03-28,UBER,118.68,Transporte
310,2026-03-06,CLARO HOGAR INTERNET CARTAGENA,56.14,Servicios
310,2026-07-06,CINE COLOMBIA #7219 BARRANQUILLA,27.73,Ocio
310,2026-05-11,BODEGA AURRERA #4566,32.34,Alimentacion
310,2026-05-05,JUMBO BOGOTA,195.67,Alimentacion
310,2026-03-12,MATRICULA UNAM,98.59,Educacion
310,2026-05-01,TELCEL PLAN CELULAR #347,108.16,Servicios
310,2026-05-09,METROBUS CDMX,88.08,Transporte
310,2026-02-12,DEPOSITO BANCO AZTECA #1032 BARRANQUILLA REF273219,80.68,Otros
310,2026-06-28,JUMBO MEDELLIN,131.99,Alimentacion
310,2026-02-26,DAVIPLATA CARTAGENA,72.51,Otros
310,2026-02-17,TELMEX INTERNET HOGAR #4038,28.58,Servicios
310,2026-04-08,CHEDRAUI,90.5,Alimentacion
310,2026-05-10,TELCEL PLAN CELULAR,104.6,Servicios
310,2026-05-02,TRANSMILENIO #4228,143.16,Transporte
310,2026-03-12,CLARO HOGAR INTERNET #2892 CARTAGENA,53.64,Servicios
311,2026-06-21,COMBUSTIBLE TERPEL #8157,52.14,Transporte
311,2026-03-09,TRANSFERENCIA MERCADO PAGO,48.68,Otros
311,2026-05-27,TELCEL PLAN CELULAR #2755 PUEBLA,52.75,Servicios
311,2026-07-22,FACTURA ENERGIA ENEL CODENSA #3771,32.2,Servicios
311,2026-07-10,COMBUSTIBLE TERPEL,137.85,Transporte
311,2026-05-11,HOMECENTER #9344,187.57,Vivienda
311,2026-03-30,OXXO #3404,44.89,Alimentacion
311,2026-04-11,TRANSMILENIO #4758,138.95,Transporte
311,2026-05-30,FARMACIA CRUZ VERDE #8474 REF929007,111.8,Salud
311,2026-06-13,SORIANA #8737,194.07,Alimentacion
311,2026-06-13,PEAJE AUTOPISTA #6365,121.48,Transporte
311,2026-04-24,FACTURA ENERGIA ENEL CODENSA #1180,49.56,Servicios
311,2026-07-09,ARA TIENDA #3891 CARTAGENA,179.22,Alimentacion
311,2026-02-20,CINEPOLIS #7143 CALI,19.53,Ocio
311,2026-06-21,CINE COLOMBIA #7820,72.05,Ocio
311,2026-04-17,FACTURA ACUEDUCTO #4036,74.01,Servicios
311,2026-05-05,AGENCIA DE VIAJES,38.48,Ocio
311,2026-07-17,CONSULTORIO IMSS #5950,187.14,Salud
311,2026-06-10,OXXO #5520,236.55,Alimentacion
311,2026-05-12,ESTACION SERVICIO PRIMAX #927 PUEBLA,209.78,Transporte
311,2026-06-27,TRANSMILENIO,131.55,Transporte
312,2026-05-12,CARULLA #1244,109.72,Alimentacion
312,2026-04-14,COMBUSTIBLE TERPEL #2447 REF245347,177.32,Transporte
312,2026-05-16,CHEDRAUI #1838,179.2,Alimentacion
312,2026-03-10,PEAJE AUTOPISTA #2675 CIUDAD DE MEXICO,132.83,Transporte
312,2026-03-05,COURSERA CURSO ONLINE,150.3,Educacion
312,2026-03-31,COMBUSTIBLE TERPEL #4718 PUEBLA,173.58,Transporte
312,2026-04-30,HOMECENTER #650 QUERETARO,169.18,Vivienda
312,2026-03-18,CINE COLOMBIA #1929 MONTERREY REF377314,113.85,Ocio
312,2026-03-03,COLEGIATURA COLEGIO PRIVADO TIJUANA,217.28,Educacion
312,2026-05-07,HOMECENTER REF811666,349.13,Vivienda
312,2026-04-22,FACTURA ACUEDUCTO,82.12,Servicios
312,2026-06-25,FACTURA CFE,105.1,Servicios
312,2026-03-19,BODEGA AURRERA #4324 CARTAGENA REF263799,13.32,Alimentacion
312,2026-03-25,PEAJE AUTOPISTA #4288 REF172484,184.31,Transporte
312,2026-05-15,AGENCIA DE VIAJES REF818123,60.84,Ocio
313,2026-07-20,COOMEVA MEDICINA PREPAGADA #2447,289.0,Salud
313,2026-07-23,FARMACIA CRUZ VERDE #5172,185.79,Salud
313,2026-06-05,PAGO MULTA TRANSITO #7036 CUCUTA REF202492,147.27,Otros
313,2026-07-09,FACTURA ENERGIA ENEL CODENSA REF818517,29.76,Servicios
313,2026-05-19,GASOLINERA PEMEX #5402,89.46,Transporte
313,2026-03-28,MOVISTAR PLAN CELULAR,60.47,Servicios
313,2026-04-14,TELMEX INTERNET HOGAR,91.88,Servicios
313,2026-04-03,RENTA DEPARTAMENTO,580.56,Vivienda
313,2026-04-16,WALMART SUPERCENTER #6913 REF541836,30.37,Alimentacion
314,2026-04-23,RETIRO CAJERO AUTOMATICO,32.06,Otros
314,2026-02-03,SUPERAMA #9417,154.77,Alimentacion
314,2026-06-14,ESTACION SERVICIO PRIMAX #9717,199.28,Transporte
314,2026-02-26,WALMART SUPERCENTER,117.9,Alimentacion
314,2026-03-08,CABIFY #2480,75.39,Transporte
314,2026-03-05,GASOLINERA PEMEX,131.34,Transporte
314,2026-02-21,CINEPOLIS,121.31,Ocio
314,2026-07-17,BAR RESTAURANTE AMIGOS CIUDAD DE MEXICO,109.62,Ocio
314,2026-06-15,METROBUS CDMX CUCUTA,209.1,Transporte
314,2026-06-27,WALMART SUPERCENTER,15.87,Alimentacion
314,2026-07-29,CARULLA #4713,39.34,Alimentacion
314,2026-03-25,SORIANA #1868 REF965594,168.46,Alimentacion
314,2026-05-04,TRANSFERENCIA NEQUI #378,149.5,Otros
314,2026-05-03,SORIANA #2556 BOGOTA,84.16,Alimentacion
314,2026-04-22,TRANSMILENIO,57.84,Transporte
314,2026-05-16,FACTURA CFE #8633 REF938084,121.24,Servicios
314,2026-07-27,DEPOSITO BANCO AZTECA QUERETARO REF313111,19.58,Otros
314,2026-02-04,SUPERMERCADO D1 #8681 GUADALAJARA,106.04,Alimentacion
314,2026-06-03,ICETEX CREDITO EDUCATIVO,214.68,Educacion
314,2026-07-28,FARMACIAS SIMILARES #9222,174.7,Salud
314,2026-03-04,COLEGIATURA COLEGIO PRIVADO #7133,298.23,Educacion
314,2026-06-10,DIDI,80.97,Transporte
314,2026-03-25,HOME DEPOT MEXICO REF271525,456.34,Vivienda
314,2026-04-14,CONSULTORIO IMSS #9977 CUCUTA,181.83,Salud
314,2026-02-15,TRANSMILENIO #5076,119.52,Transporte
314,2026-05-06,SORIANA,176.53,Alimentacion
315,2026-07-24,CLARO HOGAR INTERNET,121.52,Servicios
315,2026-07-04,PAGO MULTA TRANSITO #5753 REF878322,69.67,Otros
315,2026-04-08,CLARO HOGAR INTERNET REF822755,69.63,Servicios
315,2026-05-29,HOMECENTER #1707,346.84,Vivienda
315,2026-07-14,SORIANA,59.89,Alimentacion
315,2026-03-15,SORIANA #4753,25.92,Alimentacion
315,2026-03-25,STEAM VIDEOJUEGOS #9920,78.86,Ocio
315,2026-04-03,RETIRO CAJERO AUTOMATICO MEDELLIN,178.17,Otros
315,2026-05-02,DIDI #1562 QUERETARO REF998753,43.37,Transporte
315,2026-04-23,UBER #2828,19.34,Transporte
315,2026-03-09,BODEGA AURRERA,212.68,Alimentacion
315,2026-03-10,FACTURA ENERGIA ENEL CODENSA,49.1,Servicios
315,2026-05-11,TRANSFERENCIA MERCADO PAGO QUERETARO,151.04,Otros
315,2026-03-16,DIDI CUCUTA,150.79,Transporte
315,2026-07-23,DAVIPLATA QUERETARO,170.76,Otros
315,2026-04-09,FACTURA ACUEDUCTO,70.21,Servicios
315,2026-04-29,DISNEY PLUS,87.75,Ocio
315,2026-03-05,PAGO INFONAVIT BOGOTA,382.43,Vivienda
315,2026-05-09,FARMATODO #7631 CIUDAD DE MEXICO REF912647,194.72,Salud
315,2026-06-27,TELCEL PLAN CELULAR #8800 REF559633,75.7,Servicios
315,2026-03-13,SUPERMERCADO D1 #3761,59.04,Alimentacion
315,2026-04-21,ARRIENDO APARTAMENTO PUEBLA,403.95,Vivienda
315,2026-06-10,PAGO MULTA TRANSITO,99.86,Otros
316,2026-04-15,GASOLINERA PEMEX,110.06,Transporte
316,2026-05-04,AGENCIA DE VIAJES,116.76,Ocio
316,2026-03-03,UBER #4802,193.97,Transporte
316,2026-02-28,METROBUS CDMX #4370,21.03,Transporte
316,2026-05-23,SORIANA #9881 QUERETARO,223.37,Alimentacion
316,2026-02-12,COLEGIATURA COLEGIO PRIVADO,39.14,Educacion
316,2026-07-17,WALMART SUPERCENTER,105.46,Alimentacion
316,2026-04-14,DAVIPLATA #1648 PUEBLA,102.19,Otros
316,2026-07-19,PAGO MULTA TRANSITO #4558,35.18,Otros
316,2026-05-17,TELMEX INTERNET HOGAR,115.75,Servicios
316,2026-07-21,UBER,11.67,Transporte
316,2026-04-07,BODEGA AURRERA,53.84,Alimentacion
316,2026-06-02,OXXO GUADALAJARA,161.01,Alimentacion
316,2026-03-07,IZZI TELECOM #6684,111.44,Servicios
316,2026-05-11,FACTURA ENERGIA ENEL CODENSA CUCUTA REF656929,138.75,Servicios
317,2026-06-29,CINE COLOMBIA #3395,70.23,Ocio
317,2026-05-01,ADMINISTRACION CONDOMINIO,187.09,Vivienda
317,2026-02-28,FACTURA ACUEDUCTO #9650 REF470538,40.92,Servicios
317,2026-06-15,COMBUSTIBLE TERPEL PUEBLA,178.0,Transporte
317,2026-02-07,METROBUS CDMX,154.98,Transporte
317,2026-04-03,SUPERMERCADO D1 #8984,242.64,Alimentacion
317,2026-03-19,DIDI #6444,33.51,Transporte
317,2026-05-13,STEAM VIDEOJUEGOS,128.78,Ocio
317,2026-06-06,ARA TIENDA,64.45,Alimentacion
317,2026-04-18,CINEPOLIS #3285 MEDELLIN,6.47,Ocio
317,2026-04-08,BODEGA AURRERA,269.33,Alimentacion
317,2026-04-02,CLARO HOGAR INTERNET #6356 CALI,52.94,Servicios
317,2026-07-05,JUMBO REF334108,183.69,Alimentacion
317,2026-04-19,CHEDRAUI GUADALAJARA,55.94,Alimentacion
317,2026-02-11,PAGO MULTA TRANSITO #2337,108.64,Otros
317,2026-03-18,DISNEY PLUS REF263667,118.0,Ocio
317,2026-06-14,MATRICULA UNAM #7273 CARTAGENA,145.07,Educacion
317,2026-03-30,EXITO #312,184.27,Alimentacion
317,2026-04-26,SUPERAMA #9882,58.85,Alimentacion
317,2026-05-26,METROBUS CDMX #6733 CIUDAD DE MEXICO,134.96,Transporte
318,2026-05-16,FACTURA CFE #7515 REF564941,68.62,Servicios
318,2026-06-24,PLATZI CURSO ONLINE,116.98,Educacion
318,2026-03-07,PLATZI CURSO ONLINE #6969,193.15,Educacion
318,2026-07-03,COURSERA CURSO ONLINE #8629 REF208030,145.2,Educacion
318,2026-05-04,DIDI #4190,158.88,Transporte
318,2026-07-16,CHEDRAUI #6988 REF486158,262.52,Alimentacion
318,2026-06-08,FACTURA ENERGIA ENEL CODENSA,74.13,Servicios
318,2026-03-29,COLEGIATURA COLEGIO PRIVADO #7209 REF896290,347.89,Educacion
318,2026-04-26,DIDI #5002,123.17,Transporte
318,2026-05-30,ARA TIENDA,50.88,Alimentacion
318,2026-05-11,UBER #5359,148.12,Transporte
319,2026-06-10,CLARO HOGAR INTERNET #8872,96.43,Servicios
319,2026-04-04,FARMACIAS DEL AHORRO,107.79,Salud
319,2026-06-20,CARULLA,265.74,Alimentacion
319,2026-03-30,TELCEL PLAN CELULAR,105.09,Servicios
319,2026-07-25,CABIFY,18.77,Transporte
319,2026-02-04,OXXO #4672,94.92,Alimentacion
319,2026-06-22,OXXO #3200,172.06,Alimentacion
319,2026-02-02,BODEGA AURRERA QUERETARO,24.65,Alimentacion
319,2026-02-06,OXXO CIUDAD DE MEXICO REF352342,16.21,Alimentacion
319,2026-05-21,SPOTIFY PREMIUM,61.25,Ocio
319,2026-05-31,OXXO,96.5,Alimentacion
319,2026-06-10,EXITO #3905,123.96,Alimentacion
319,2026-05-15,ADMINISTRACION CONJUNTO RESIDENCIAL REF800173,281.35,Vivienda
319,2026-04-25,RETIRO CAJERO AUTOMATICO #7419,38.0,Otros
319,2026-06-26,ESTACION SERVICIO PRIMAX #8353,147.83,Transporte
319,2026-06-17,SUPERMERCADO D1 REF538122,143.79,Alimentacion
319,2026-02-21,PAGO MULTA TRANSITO,44.03,Otros
319,2026-06-17,CHEDRAUI #8682,93.09,Alimentacion
320,2026-02-18,WALMART SUPERCENTER PUEBLA,205.63,Alimentacion
320,2026-07-12,METROBUS CDMX,160.66,Transporte
320,2026-04-22,TRANSMILENIO #9178 BOGOTA REF265357,153.27,Transporte
320,2026-04-19,ICETEX CREDITO EDUCATIVO CUCUTA,276.02,Educacion
320,2026-02-11,COMBUSTIBLE TERPEL,105.4,Transporte
320,2026-05-27,SPOTIFY PREMIUM,85.28,Ocio
320,2026-07-06,RECARGA OXXO #666 MEDELLIN REF823175,16.52,Otros
320,2026-06-25,TRANSMILENIO,134.29,Transporte
320,2026-07-31,STEAM VIDEOJUEGOS,102.23,Ocio
320,2026-07-05,STEAM VIDEOJUEGOS #6299 PUEBLA,67.54,Ocio
320,2026-04-16,FACTURA CFE CIUDAD DE MEXICO,63.26,Servicios
320,2026-03-02,FARMACIA CRUZ VERDE #6481,94.07,Salud
320,2026-04-25,CARULLA #5596 TIJUANA,177.13,Alimentacion
320,2026-02-21,TRANSFERENCIA NEQUI BOGOTA,127.78,Otros
320,2026-06-24,CINEPOLIS #7810,113.87,Ocio
320,2026-06-07,RENTA DEPARTAMENTO #3011,321.17,Vivienda
320,2026-07-14,COOMEVA MEDICINA PREPAGADA #4265 REF179969,234.39,Salud
320,2026-04-27,FACTURA ENERGIA ENEL CODENSA,90.78,Servicios
320,2026-07-24,ARA TIENDA CARTAGENA,239.54,Alimentacion
320,2026-06-05,PAGO MULTA TRANSITO #4238,99.73,Otros
320,2026-05-01,FACTURA ACUEDUCTO #1420 PUEBLA,84.88,Servicios
320,2026-03-05,CARULLA #9150,160.25,Alimentacion
320,2026-07-13,EXITO TIJUANA,204.82,Alimentacion
320,2026-06-26,CABIFY #9709,202.94,Transporte
320,2026-06-21,CHEDRAUI REF954952,29.13,Alimentacion
320,2026-03-31,DIDI #845,20.69,Transporte
321,2026-02-05,ESTACION SERVICIO PRIMAX #9943 BOGOTA,72.34,Transporte
321,2026-06-23,FARMACIAS GUADALAJARA #2858,102.28,Salud
321,2026-07-19,COOMEVA MEDICINA PREPAGADA,253.78,Salud
321,2026-03-04,COOMEVA MEDICINA PREPAGADA #6538,35.62,Salud
321,2026-03-19,DISNEY PLUS,115.14,Ocio
321,2026-07-07,ARA TIENDA,76.73,Alimentacion
321,2026-07-20,DIDI,128.6,Transporte
321,2026-02-10,NETFLIX #1037,122.0,Ocio
321,2026-07-01,AGENCIA DE VIAJES REF430252,89.77,Ocio
321,2026-05-19,CINE COLOMBIA #2891 PUEBLA REF365431,56.8,Ocio
321,2026-04-02,BODEGA AURRERA,189.28,Alimentacion
321,2026-05-01,JUMBO CUCUTA,99.43,Alimentacion
322,2026-05-21,TELCEL PLAN CELULAR #8075,89.81,Servicios
322,2026-04-26,BAR RESTAURANTE AMIGOS #180,100.25,Ocio
322,2026-06-24,FACTURA CFE,87.55,Servicios
322,2026-03-25,CARULLA MONTERREY,228.6,Alimentacion
322,2026-03-04,TELMEX INTERNET HOGAR MONTERREY,19.51,Servicios
322,2026-06-26,FACTURA ENERGIA ENEL CODENSA #9616 CARTAGENA REF119099,64.51,Servicios
322,2026-04-12,UBER #7327,57.41,Transporte
322,2026-07-06,GASOLINERA PEMEX,99.45,Transporte
322,2026-02-16,DIDI #1238 REF974750,24.48,Transporte
322,2026-02-25,CINE COLOMBIA #8086,124.27,Ocio
322,2026-05-01,TRANSFERENCIA MERCADO PAGO #3707 PUEBLA,47.95,Otros
322,2026-05-04,WALMART SUPERCENTER #6606 TIJUANA,249.8,Alimentacion
322,2026-05-18,BODEGA AURRERA,120.73,Alimentacion
322,2026-05-15,FACTURA ENERGIA ENEL CODENSA #4260,148.05,Servicios
322,2026-04-04,UBER #8119 TIJUANA,120.81,Transporte
322,2026-07-14,BODEGA AURRERA CIUDAD DE MEXICO,252.02,Alimentacion
322,2026-03-06,STEAM VIDEOJUEGOS,5.67,Ocio
322,2026-02-06,AGENCIA DE VIAJES #6406 BOGOTA,98.53,Ocio
322,2026-03-05,WALMART SUPERCENTER #6677,244.79,Alimentacion
322,2026-07-03,EXITO,46.33,Alimentacion
322,2026-05-21,IZZI TELECOM,27.98,Servicios
322,2026-03-25,RETIRO CAJERO AUTOMATICO #2746,82.18,Otros
322,2026-04-14,IZZI TELECOM,141.05,Servicios
322,2026-06-15,ADMINISTRACION CONDOMINIO,421.19,Vivienda
323,2026-03-11,ESTACION SERVICIO PRIMAX #4420,25.74,Transporte
323,2026-03-31,RENTA DEPARTAMENTO #1908,451.88,Vivienda
323,2026-06-19,FACTURA ACUEDUCTO PUEBLA,37.13,Servicios
323,2026-04-29,DEPOSITO BANCO AZTECA,135.11,Otros
323,2026-05-18,ADMINISTRACION CONJUNTO RESIDENCIAL #9643 CIUDAD DE MEXICO REF655565,300.62,Vivienda
323,2026-04-28,WALMART SUPERCENTER,130.48,Alimentacion
323,2026-03-18,ARA TIENDA #4656 CIUDAD DE MEXICO,165.85,Alimentacion
323,2026-02-22,DIDI MEDELLIN,44.25,Transporte
323,2026-05-14,DAVIPLATA REF886153,136.08,Otros
323,2026-07-20,EXITO GUADALAJARA,88.69,Alimentacion
323,2026-04-09,CARULLA #7027,182.22,Alimentacion
323,2026-03-10,CONSULTORIO IMSS #6835 REF868581,60.11,Salud
323,2026-06-09,STEAM VIDEOJUEGOS,91.01,Ocio
323,2026-02-28,FARMACIAS DEL AHORRO,51.53,Salud
323,2026-04-18,WALMART SUPERCENTER #9874 REF531014,120.59,Alimentacion
324,2026-04-04,MATRICULA UNAM,98.67,Educacion
324,2026-02-11,RECARGA OXXO,114.35,Otros
324,2026-03-03,SPOTIFY PREMIUM,15.96,Ocio
324,2026-03-27,EPS SURA COPAGO #9768 CIUDAD DE MEXICO,126.59,Salud
324,2026-06-04,PEAJE AUTOPISTA #6674 TIJUANA REF403537,152.66,Transporte
324,2026-07-16,FACTURA CFE #2685,104.02,Servicios
324,2026-03-27,CARULLA #1731,172.42,Alimentacion
324,2026-04-08,DISNEY PLUS #109,40.32,Ocio
324,2026-05-17,AGENCIA DE VIAJES #7144 CARTAGENA REF935460,52.25,Ocio
324,2026-03-13,CHEDRAUI #485,36.77,Alimentacion
324,2026-06-19,IZZI TELECOM,112.07,Servicios
324,2026-04-21,PAGO MULTA TRANSITO #5797,95.66,Otros
324,2026-04-15,MOVISTAR PLAN CELULAR,110.68,Servicios
324,2026-04-03,METROBUS CDMX #6957 BARRANQUILLA,59.79,Transporte
324,2026-07-26,COLEGIATURA COLEGIO PRIVADO #834,146.66,Educacion
324,2026-07-15,ESTACION SERVICIO PRIMAX #5849 CALI,76.84,Transporte
324,2026-07-08,EXITO,16.69,Alimentacion
324,2026-04-12,TRANSFERENCIA NEQUI,67.98,Otros
325,2026-06-16,UBER #169,198.95,Transporte
325,2026-06-05,ESTACION SERVICIO PRIMAX,107.84,Transporte
325,2026-07-13,CABIFY,78.39,Transporte
325,2026-04-07,NETFLIX #1210 MONTERREY REF449103,120.53,Ocio
325,2026-02-14,CARULLA #7367,16.34,Alimentacion
325,2026-07-24,CINEPOLIS #6199 MEDELLIN,77.68,Ocio
325,2026-02-22,UBER REF264038,119.79,Transporte
325,2026-05-24,ARRIENDO APARTAMENTO,259.66,Vivienda
325,2026-03-04,CABIFY,95.78,Transporte
325,2026-03-10,RECARGA OXXO REF433409,120.88,Otros
325,2026-02-16,CABIFY CIUDAD DE MEXICO REF501474,155.43,Transporte
325,2026-04-08,SUPERAMA #6099 PUEBLA,10.19,Alimentacion
325,2026-05-07,TELMEX INTERNET HOGAR #9685 MONTERREY,141.48,Servicios
325,2026-05-07,SUPERMERCADO D1 #3342 BARRANQUILLA,52.78,Alimentacion
325,2026-02-05,NETFLIX,34.2,Ocio
325,2026-02-07,ARA TIENDA REF390698,78.5,Alimentacion
325,2026-06-25,UBER #7170,17.56,Transporte
325,2026-07-21,SUPERAMA,41.99,Alimentacion
325,2026-07-04,FARMATODO BARRANQUILLA,296.11,Salud
325,2026-03-11,CHEDRAUI #9248 REF980878,91.96,Alimentacion
325,2026-02-16,CINEPOLIS #5048,19.41,Ocio
326,2026-05-29,FARMACIAS SIMILARES,78.58,Salud
326,2026-03-02,EXITO MONTERREY,24.69,Alimentacion
326,2026-06-12,NETFLIX #8420 MEDELLIN,17.92,Ocio
326,2026-02-04,EXITO #646,122.19,Alimentacion
326,2026-02-13,FACTURA ENERGIA ENEL CODENSA #3726,46.04,Servicios
326,2026-07-14,COMBUSTIBLE TERPEL,113.19,Transporte
326,2026-02-19,SORIANA,75.91,Alimentacion
326,2026-05-26,JUMBO,254.54,Alimentacion
326,2026-04-21,CARULLA #5780,245.55,Alimentacion
326,2026-05-25,FARMACIA CRUZ VERDE #4482,176.54,Salud
326,2026-03-05,STEAM VIDEOJUEGOS,49.3,Ocio
327,2026-05-02,JUMBO,155.78,Alimentacion
327,2026-03-22,SPOTIFY PREMIUM,16.88,Ocio
327,2026-05-15,MOVISTAR PLAN CELULAR #9515,42.06,Servicios
327,2026-07-06,OXXO,117.5,Alimentacion
327,2026-03-09,UBER #6417 QUERETARO,51.24,Transporte
327,2026-07-26,TRANSFERENCIA NEQUI CALI,159.02,Otros
327,2026-03-12,DISNEY PLUS,24.79,Ocio
327,2026-02-10,RENTA DEPARTAMENTO #3153,377.83,Vivienda
327,2026-05-28,DAVIPLATA,112.97,Otros
327,2026-06-10,DIDI #318,148.37,Transporte
327,2026-02-19,CINEPOLIS CUCUTA,52.88,Ocio
327,2026-03-18,FARMACIAS DEL AHORRO,262.69,Salud
327,2026-04-24,PEAJE AUTOPISTA CALI REF741636,123.66,Transporte
327,2026-04-11,TRANSMILENIO #9896 REF580755,97.9,Transporte
327,2026-06-02,CLARO HOGAR INTERNET #8928 CALI,24.08,Servicios
328,2026-03-10,STEAM VIDEOJUEGOS,19.81,Ocio
328,2026-07-27,DEPOSITO BANCO AZTECA CALI,12.32,Otros
328,2026-04-30,CHEDRAUI #538,88.84,Alimentacion
328,2026-05-24,RETIRO CAJERO AUTOMATICO #6433,128.66,Otros
328,2026-05-29,UBER TIJUANA,168.05,Transporte
328,2026-06-30,FACTURA ENERGIA ENEL CODENSA CUCUTA,54.93,Servicios
328,2026-03-07,PAGO MULTA TRANSITO,94.26,Otros
328,2026-03-30,TELCEL PLAN CELULAR #8068,71.85,Servicios
328,2026-07-16,CLARO HOGAR INTERNET REF794018,70.42,Servicios
328,2026-06-17,PEAJE AUTOPISTA #4201 GUADALAJARA,56.27,Transporte
328,2026-02-23,ESTACION SERVICIO PRIMAX,37.27,Transporte
329,2026-06-28,JUMBO #5416 CUCUTA,228.19,Alimentacion
329,2026-04-06,SUPERMERCADO D1 #8169,18.32,Alimentacion
329,2026-03-20,UBER #5655 MEDELLIN,198.04,Transporte
329,2026-05-13,STEAM VIDEOJUEGOS #1735,116.51,Ocio
329,2026-04-21,COMBUSTIBLE TERPEL #6300 CUCUTA,117.1,Transporte
329,2026-07-27,IZZI TELECOM,88.39,Servicios
329,2026-02-12,FARMACIAS DEL AHORRO #9731,201.33,Salud
329,2026-05-30,CINEPOLIS #7879 CIUDAD DE MEXICO,53.38,Ocio
329,2026-06-23,CLARO HOGAR INTERNET TIJUANA,102.38,Servicios
329,2026-02-01,PLATZI CURSO ONLINE #1430,41.79,Educacion
329,2026-07-14,FACTURA CFE #7392,22.3,Servicios
329,2026-03-07,BAR RESTAURANTE AMIGOS #6887 REF335746,62.15,Ocio
329,2026-06-27,GASOLINERA PEMEX,119.92,Transporte
329,2026-06-03,FACTURA ACUEDUCTO #9279,134.86,Servicios
329,2026-06-07,HOMECENTER PUEBLA,202.33,Vivienda
330,2026-04-25,DIDI,40.1,Transporte
330,2026-02-08,DAVIPLATA #9319,95.61,Otros
330,2026-06-27,SPOTIFY PREMIUM,105.21,Ocio
330,2026-06-16,OXXO BOGOTA REF367934,124.8,Alimentacion
330,2026-05-11,BAR RESTAURANTE AMIGOS,66.33,Ocio
330,2026-07-21,CHEDRAUI #5673 PUEBLA,230.68,Alimentacion
330,2026-05-25,BAR RESTAURANTE AMIGOS #329 REF847815,93.26,Ocio
330,2026-02-13,TELMEX INTERNET HOGAR REF264234,81.21,Servicios
330,2026-04-22,SUPERAMA QUERETARO,77.0,Alimentacion
330,2026-05-04,CABIFY REF147053,186.99,Transporte
330,2026-06-06,CARULLA CARTAGENA REF784232,160.03,Alimentacion
330,2026-04-04,DAVIPLATA #3950,47.6,Otros
330,2026-06-28,METROBUS CDMX,63.82,Transporte
330,2026-07-14,UBER REF797948,170.63,Transporte
330,2026-04-02,SUPERAMA,21.48,Alimentacion
330,2026-07-24,ARRIENDO APARTAMENTO REF634778,646.05,Vivienda
330,2026-05-25,RENTA DEPARTAMENTO #9544,215.18,Vivienda
330,2026-03-26,MATRICULA UNAM,323.53,Educacion
330,2026-06-18,DAVIPLATA #1576,77.11,Otros
330,2026-07-19,TRANSMILENIO #7033,108.44,Transporte
330,2026-03-07,WALMART SUPERCENTER,238.97,Alimentacion
330,2026-04-25,CABIFY,92.58,Transporte
330,2026-07-08,STEAM VIDEOJUEGOS,72.19,Ocio
330,2026-04-04,CONSULTORIO IMSS #3769,29.05,Salud
330,2026-07-13,DAVIPLATA,10.4,Otros
330,2026-06-01,SORIANA #3452,73.65,Alimentacion
331,2026-07-22,METROBUS CDMX #4984 PUEBLA,25.92,Transporte
331,2026-04-20,SPOTIFY PREMIUM,122.55,Ocio
331,2026-07-01,EXITO #6553 CALI,77.77,Alimentacion
331,2026-04-04,FARMACIA CRUZ VERDE #1365 REF635211,258.2,Salud
331,2026-03-25,DEPOSITO BANCO AZTECA,156.79,Otros
331,2026-06-11,ARA TIENDA,210.86,Alimentacion
331,2026-02-20,RECARGA OXXO,38.7,Otros
331,2026-06-20,SORIANA #2722,223.67,Alimentacion
331,2026-04-02,FARMACIAS GUADALAJARA,234.24,Salud
331,2026-07-22,TELMEX INTERNET HOGAR #8567,95.56,Servicios
331,2026-02-28,DISNEY PLUS,47.15,Ocio
331,2026-06-29,HOMECENTER #9096 GUADALAJARA REF788765,281.25,Vivienda
331,2026-06-29,CINE COLOMBIA,20.24,Ocio
331,2026-04-11,TRANSMILENIO #4389 REF361843,111.95,Transporte
331,2026-02-26,FARMACIAS DEL AHORRO #8287,181.8,Salud
331,2026-04-17,COLEGIATURA COLEGIO PRIVADO #6234 PUEBLA,159.75,Educacion
331,2026-06-22,CONSULTORIO IMSS #6073,150.48,Salud
331,2026-03-28,WALMART SUPERCENTER #2224,104.51,Alimentacion
331,2026-06-16,TELCEL PLAN CELULAR #2579,101.54,Servicios
331,2026-04-10,CINE COLOMBIA REF995338,117.66,Ocio
331,2026-02-15,AGENCIA DE VIAJES #3276,25.49,Ocio
331,2026-03-26,METROBUS CDMX,86.28,Transporte
331,2026-06-23,GASOLINERA PEMEX,38.17,Transporte
331,2026-05-02,TRANSFERENCIA NEQUI #260 REF677375,116.24,Otros
331,2026-04-19,FACTURA ENERGIA ENEL CODENSA MONTERREY,113.4,Servicios
331,2026-07-03,FARMACIAS GUADALAJARA,280.6,Salud
332,2026-03-29,SPOTIFY PREMIUM #9210,88.67,Ocio
332,2026-03-13,CINEPOLIS #7231 CUCUTA,108.95,Ocio
332,2026-05-08,RENTA DEPARTAMENTO #6393,225.16,Vivienda
332,2026-04-18,ARA TIENDA #7377,20.03,Alimentacion
332,2026-06-22,ICETEX CREDITO EDUCATIVO,354.58,Educacion
332,2026-07-12,FARMACIAS SIMILARES MEDELLIN,104.76,Salud
332,2026-05-19,CABIFY #4854 TIJUANA,35.8,Transporte
332,2026-07-31,MATRICULA UNIVERSIDAD NACIONAL #2796 BARRANQUILLA REF764162,200.67,Educacion
332,2026-02-17,SUPERMERCADO D1 GUADALAJARA,165.56,Alimentacion
332,2026-06-01,DISNEY PLUS PUEBLA,8.87,Ocio
332,2026-05-11,MATRICULA UNAM #9473,128.09,Educacion
332,2026-04-23,SPOTIFY PREMIUM #4983,9.1,Ocio
332,2026-03-19,TRANSMILENIO,94.07,Transporte
332,2026-02-14,GASOLINERA PEMEX,189.02,Transporte
332,2026-05-28,PAGO MULTA TRANSITO #1955,177.05,Otros
332,2026-07-15,HOMECENTER,468.52,Vivienda
332,2026-05-28,ADMINISTRACION CONJUNTO RESIDENCIAL,230.82,Vivienda
332,2026-03-24,AGENCIA DE VIAJES #7285 REF333056,118.23,Ocio
333,2026-03-09,DIDI PUEBLA REF674918,52.2,Transporte
333,2026-06-05,PAGO MULTA TRANSITO #8173,127.01,Otros
333,2026-05-10,SUPERMERCADO D1 BOGOTA,67.13,Alimentacion
333,2026-03-13,STEAM VIDEOJUEGOS #1956,59.83,Ocio
333,2026-06-14,COMBUSTIBLE TERPEL #9394 CUCUTA,166.4,Transporte
333,2026-06-27,CABIFY,166.79,Transporte
333,2026-05-06,ARA TIENDA #1006,127.85,Alimentacion
333,2026-04-02,WALMART SUPERCENTER QUERETARO,215.97,Alimentacion
333,2026-02-01,PEAJE AUTOPISTA #6587 REF294934,177.72,Transporte
333,2026-02-20,SORIANA,180.24,Alimentacion
333,2026-04-01,METROBUS CDMX REF835638,55.69,Transporte
333,2026-04-06,MATRICULA UNAM REF591638,127.75,Educacion
333,2026-04-24,SUPERAMA,91.86,Alimentacion
333,2026-05-09,METROBUS CDMX,33.36,Transporte
333,2026-05-18,ARRIENDO APARTAMENTO,286.58,Vivienda
333,2026-06-21,UBER REF519147,51.9,Transporte
333,2026-07-27,HOME DEPOT MEXICO REF185658,377.66,Vivienda
333,2026-06-24,ADMINISTRACION CONDOMINIO #3081 REF472970,604.22,Vivienda
333,2026-02-10,CABIFY #6421 CARTAGENA,30.9,Transporte
333,2026-03-04,WALMART SUPERCENTER #2083 GUADALAJARA,197.27,Alimentacion
333,2026-03-02,AGENCIA DE VIAJES #5272,90.91,Ocio
333,2026-05-15,CONSULTORIO IMSS,42.29,Salud
334,2026-06-25,FARMACIA CRUZ VERDE #6520,212.65,Salud
334,2026-02-03,TRANSMILENIO REF575465,17.94,Transporte
334,2026-04-16,PLATZI CURSO ONLINE #3211,339.78,Educacion
334,2026-03-13,ESTACION SERVICIO PRIMAX,99.63,Transporte
334,2026-05-07,CHEDRAUI REF645986,175.54,Alimentacion
334,2026-03-07,BODEGA AURRERA REF402813,67.52,Alimentacion
334,2026-02-05,CARULLA #1794 REF546802,186.04,Alimentacion
334,2026-07-23,EXITO,210.78,Alimentacion
334,2026-04-14,GASOLINERA PEMEX,104.64,Transporte
334,2026-02-11,FARMATODO #2752 CIUDAD DE MEXICO,191.05,Salud
334,2026-05-01,DIDI #6184,101.27,Transporte
334,2026-07-06,TRANSMILENIO,188.82,Transporte
334,2026-04-09,FARMACIAS GUADALAJARA,156.89,Salud
334,2026-03-17,DISNEY PLUS #295 CALI,110.23,Ocio
334,2026-03-18,FACTURA ACUEDUCTO #8956,123.18,Servicios
334,2026-02-20,TRANSMILENIO #8355 CARTAGENA,92.1,Transporte
334,2026-07-10,OXXO #4820 REF400163,69.82,Alimentacion
334,2026-05-30,METROBUS CDMX,91.22,Transporte
335,2026-04-25,SUPERAMA #1977 TIJUANA,38.41,Alimentacion
335,2026-02-14,MATRICULA UNIVERSIDAD NACIONAL #4761 BARRANQUILLA,322.89,Educacion
335,2026-02-17,COMBUSTIBLE TERPEL #5209,29.79,Transporte
335,2026-07-22,DISNEY PLUS #7924 PUEBLA,38.92,Ocio
335,2026-02-15,RENTA DEPARTAMENTO #5142,577.55,Vivienda
335,2026-02-14,PEAJE AUTOPISTA,79.29,Transporte
335,2026-05-15,PEAJE AUTOPISTA #4898,204.61,Transporte
335,2026-06-05,PEAJE AUTOPISTA BOGOTA,205.95,Transporte
335,2026-02-11,CARULLA,79.75,Alimentacion
335,2026-04-18,JUMBO,20.65,Alimentacion
335,2026-05-26,TRANSMILENIO BOGOTA,151.01,Transporte
335,2026-04-16,PEAJE AUTOPISTA #9113,100.2,Transporte
335,2026-04-26,DISNEY PLUS BOGOTA,17.59,Ocio
335,2026-07-13,CHEDRAUI #9595,193.96,Alimentacion
335,2026-04-18,NETFLIX REF517333,8.9,Ocio
335,2026-04-25,ADMINISTRACION CONDOMINIO #391 TIJUANA,585.1,Vivienda
335,2026-05-09,DISNEY PLUS REF364642,22.33,Ocio
335,2026-06-22,DIDI #2614,35.46,Transporte
335,2026-04-07,TRANSFERENCIA NEQUI #2184,39.86,Otros
335,2026-03-26,CABIFY,202.05,Transporte
336,2026-02-16,RENTA DEPARTAMENTO #708,390.32,Vivienda
336,2026-03-27,AGENCIA DE VIAJES #3893 REF453214,73.98,Ocio
336,2026-05-28,SORIANA #4650 MEDELLIN,174.26,Alimentacion
336,2026-04-12,DIDI #4440 MEDELLIN,61.42,Transporte
336,2026-02-28,UBER,199.73,Transporte
336,2026-02-13,RENTA DEPARTAMENTO CARTAGENA,234.88,Vivienda
336,2026-03-11,FACTURA ACUEDUCTO,145.36,Servicios
336,2026-06-13,BODEGA AURRERA REF732228,13.86,Alimentacion
336,2026-06-19,COOMEVA MEDICINA PREPAGADA #9835,152.12,Salud
336,2026-03-29,CABIFY REF940588,76.67,Transporte
336,2026-07-31,ESTACION SERVICIO PRIMAX #4384,99.82,Transporte
336,2026-05-09,FARMACIAS SIMILARES CUCUTA,177.64,Salud
336,2026-07-09,DIDI #3335 CIUDAD DE MEXICO,97.12,Transporte
336,2026-07-13,JUMBO,117.86,Alimentacion
336,2026-02-21,TRANSFERENCIA MERCADO PAGO CALI,134.56,Otros
336,2026-03-15,CABIFY,147.18,Transporte
336,2026-02-03,NETFLIX MONTERREY,109.16,Ocio
336,2026-07-23,SUPERMERCADO D1 #2578,74.99,Alimentacion
336,2026-05-29,CLARO HOGAR INTERNET MONTERREY,97.29,Servicios
336,2026-04-13,CHEDRAUI #4154 CIUDAD DE MEXICO REF568877,162.15,Alimentacion
336,2026-03-23,DIDI,83.95,Transporte
336,2026-04-08,TRANSFERENCIA MERCADO PAGO CIUDAD DE MEXICO,92.63,Otros
336,2026-05-18,IZZI TELECOM REF703117,57.36,Servicios
336,2026-03-27,TRANSMILENIO GUADALAJARA,38.37,Transporte
336,2026-07-30,SORIANA #4370,65.59,Alimentacion
336,2026-06-08,HOMECENTER #7025,202.76,Vivienda
337,2026-03-01,SORIANA #3481,31.59,Alimentacion
337,2026-06-13,ARA TIENDA #3497,59.67,Alimentacion
337,2026-05-21,SUPERAMA #1670 REF522381,124.6,Alimentacion
337,2026-03-01,NETFLIX #7036 BOGOTA,78.09,Ocio
337,2026-04-29,OXXO,222.22,Alimentacion
337,2026-05-31,ARRIENDO APARTAMENTO #4622,644.13,Vivienda
337,2026-03-05,SPOTIFY PREMIUM #4131 MEDELLIN,53.61,Ocio
337,2026-06-15,FARMACIA CRUZ VERDE REF540652,28.51,Salud
337,2026-04-17,SORIANA #4846,218.3,Alimentacion
338,2026-06-28,FARMACIAS DEL AHORRO,292.52,Salud
338,2026-02-17,WALMART SUPERCENTER #9115 REF546967,182.47,Alimentacion
338,2026-07-23,ARA TIENDA #6912 BOGOTA,116.14,Alimentacion
338,2026-02-15,CHEDRAUI,82.92,Alimentacion
338,2026-02-25,SUPERMERCADO D1 REF691744,200.09,Alimentacion
338,2026-04-27,STEAM VIDEOJUEGOS #7024,35.27,Ocio
338,2026-02-09,OXXO #9149 CIUDAD DE MEXICO,54.64,Alimentacion
338,2026-06-11,ARRIENDO APARTAMENTO #7350,414.92,Vivienda
338,2026-03-05,SUPERAMA BARRANQUILLA,85.4,Alimentacion
338,2026-02-11,BODEGA AURRERA #2640 BOGOTA,173.52,Alimentacion
338,2026-02-15,DIDI,33.59,Transporte
338,2026-03-20,RENTA DEPARTAMENTO #5447,477.47,Vivienda
338,2026-05-08,CLARO HOGAR INTERNET #2856,53.25,Servicios
339,2026-05-09,CINE COLOMBIA #9519,90.18,Ocio
339,2026-05-17,CARULLA #4176,26.52,Alimentacion
339,2026-05-13,STEAM VIDEOJUEGOS #1497,54.53,Ocio
339,2026-03-07,GASOLINERA PEMEX #953 TIJUANA,202.76,Transporte
339,2026-03-20,JUMBO CIUDAD DE MEXICO,150.14,Alimentacion
339,2026-05-06,WALMART SUPERCENTER #6088,84.85,Alimentacion
339,2026-04-04,AGENCIA DE VIAJES #323,20.03,Ocio
339,2026-06-24,COLEGIATURA COLEGIO PRIVADO REF927896,288.82,Educacion
339,2026-02-01,CARULLA,177.66,Alimentacion
339,2026-03-05,CINEPOLIS #3974 CARTAGENA,51.74,Ocio
339,2026-02-08,COMBUSTIBLE TERPEL #1466 REF748110,200.19,Transporte
339,2026-06-17,ARA TIENDA #216,15.77,Alimentacion
340,2026-04-20,BODEGA AURRERA #6452 REF505095,255.19,Alimentacion
340,2026-06-22,TRANSFERENCIA NEQUI #6311 BOGOTA,145.16,Otros
340,2026-03-04,EXITO #1504 REF932517,57.13,Alimentacion
340,2026-02-27,METROBUS CDMX CARTAGENA,152.4,Transporte
340,2026-07-30,TELMEX INTERNET HOGAR #1305,66.97,Servicios
340,2026-06-02,DEPOSITO BANCO AZTECA,78.39,Otros
340,2026-04-28,CLARO HOGAR INTERNET,120.74,Servicios
340,2026-07-24,SORIANA #3083 CUCUTA,260.32,Alimentacion
340,2026-04-26,SUPERMERCADO D1,42.93,Alimentacion
340,2026-06-18,SPOTIFY PREMIUM #6886,57.58,Ocio
340,2026-04-09,CABIFY,106.19,Transporte
340,2026-06-12,GASOLINERA PEMEX REF453507,85.26,Transporte
340,2026-03-27,CHEDRAUI,104.43,Alimentacion
340,2026-03-20,TELMEX INTERNET HOGAR #2099,22.06,Servicios
340,2026-05-11,FACTURA ACUEDUCTO #9174 REF211033,107.55,Servicios
340,2026-02-02,RETIRO CAJERO AUTOMATICO #4328 BARRANQUILLA REF406983,84.16,Otros
340,2026-04-10,FARMACIAS DEL AHORRO,70.52,Salud
340,2026-04-02,SUPERAMA,222.17,Alimentacion
340,2026-04-20,RECARGA OXXO #9494 REF529776,146.44,Otros
340,2026-04-01,CINEPOLIS REF468976,65.8,Ocio
341,2026-03-27,EXITO,20.48,Alimentacion
341,2026-07-02,ESTACION SERVICIO PRIMAX #6439 TIJUANA,28.95,Transporte
341,2026-03-20,SUPERMERCADO D1 #8820 MEDELLIN,11.76,Alimentacion
341,2026-04-02,FACTURA ACUEDUCTO #585,35.65,Servicios
341,2026-03-08,STEAM VIDEOJUEGOS REF166743,13.62,Ocio
341,2026-06-28,SUPERAMA,268.91,Alimentacion
341,2026-06-23,FARMACIA CRUZ VERDE,97.31,Salud
341,2026-07-14,RETIRO CAJERO AUTOMATICO #4690 QUERETARO REF792891,35.38,Otros
342,2026-06-25,PAGO MULTA TRANSITO #4878,63.84,Otros
342,2026-05-17,PEAJE AUTOPISTA #3849 REF546094,145.46,Transporte
342,2026-04-20,CARULLA,85.29,Alimentacion
342,2026-07-06,OXXO,160.07,Alimentacion
342,2026-05-11,TELMEX INTERNET HOGAR QUERETARO,23.9,Servicios
342,2026-06-02,CHEDRAUI #4312,59.74,Alimentacion
342,2026-05-10,SORIANA CARTAGENA REF135371,115.93,Alimentacion
342,2026-02-14,FACTURA CFE #3592,141.49,Servicios
342,2026-05-31,ARA TIENDA CIUDAD DE MEXICO,108.09,Alimentacion
342,2026-07-20,FACTURA ENERGIA ENEL CODENSA,104.65,Servicios
342,2026-04-26,TELCEL PLAN CELULAR,49.44,Servicios
342,2026-05-22,OXXO,43.03,Alimentacion
342,2026-03-26,SUPERAMA #4659,25.22,Alimentacion
342,2026-02-14,JUMBO,89.41,Alimentacion
342,2026-03-25,PAGO MULTA TRANSITO #9979 REF547292,36.8,Otros
342,2026-02-11,EPS SURA COPAGO,64.59,Salud
343,2026-07-27,FARMACIAS GUADALAJARA #167,99.11,Salud
343,2026-02-03,CARULLA,200.68,Alimentacion
343,2026-05-09,COMBUSTIBLE TERPEL,184.26,Transporte
343,2026-03-25,TELMEX INTERNET HOGAR #5836,41.0,Servicios
343,2026-04-21,JUMBO #2611,35.38,Alimentacion
343,2026-05-19,HOME DEPOT MEXICO,598.9,Vivienda
343,2026-02-05,SUPERAMA #9878,100.97,Alimentacion
343,2026-02-25,TELCEL PLAN CELULAR #8094,89.43,Servicios
343,2026-06-10,OXXO REF626702,103.48,Alimentacion
343,2026-02-27,CARULLA #2029,42.71,Alimentacion
343,2026-03-29,OXXO #2724 MEDELLIN REF509127,163.23,Alimentacion
343,2026-04-13,STEAM VIDEOJUEGOS #3609,70.64,Ocio
343,2026-05-26,SUPERMERCADO D1,62.78,Alimentacion
343,2026-06-13,JUMBO,127.49,Alimentacion
343,2026-06-15,WALMART SUPERCENTER GUADALAJARA,217.21,Alimentacion
343,2026-05-28,ARRIENDO APARTAMENTO REF738794,445.21,Vivienda
343,2026-04-28,CHEDRAUI,35.2,Alimentacion
343,2026-02-12,IZZI TELECOM #4810 BOGOTA,88.98,Servicios
343,2026-02-17,CABIFY,150.55,Transporte
343,2026-02-06,FARMACIA CRUZ VERDE,240.92,Salud
343,2026-04-21,AGENCIA DE VIAJES,83.64,Ocio
343,2026-06-05,CABIFY #7642,40.53,Transporte
343,2026-07-05,SPOTIFY PREMIUM #1270 CALI REF436193,93.77,Ocio
344,2026-02-08,ARA TIENDA #581 REF902101,249.58,Alimentacion
344,2026-05-19,JUMBO #9549 MONTERREY,264.41,Alimentacion
344,2026-06-18,FACTURA ACUEDUCTO #2384 REF339229,16.44,Servicios
344,2026-02-01,ADMINISTRACION CONDOMINIO #4184,461.37,Vivienda
344,2026-07-05,PAGO MULTA TRANSITO #9529,80.18,Otros
344,2026-04-10,EXITO,233.56,Alimentacion
344,2026-03-12,ADMINISTRACION CONJUNTO RESIDENCIAL #2876 MEDELLIN,275.91,Vivienda
344,2026-03-01,SORIANA,265.07,Alimentacion
344,2026-05-15,CARULLA #3899 GUADALAJARA,169.56,Alimentacion
344,2026-07-31,PEAJE AUTOPISTA,168.71,Transporte
345,2026-07-07,MATRICULA UNAM,65.49,Educacion
345,2026-05-14,ARA TIENDA #4199,28.11,Alimentacion
345,2026-07-28,DAVIPLATA #7302,110.12,Otros
345,2026-03-21,ARA TIENDA,145.37,Alimentacion
345,2026-03-23,ARA TIENDA REF230357,202.97,Alimentacion
345,2026-03-21,OXXO,142.53,Alimentacion
345,2026-03-30,MATRICULA UNIVERSIDAD NACIONAL MONTERREY,183.42,Educacion
345,2026-06-05,DISNEY PLUS,54.76,Ocio
345,2026-07-23,STEAM VIDEOJUEGOS #4929 CUCUTA,8.31,Ocio
345,2026-02-16,COMBUSTIBLE TERPEL #6917,77.11,Transporte
345,2026-07-14,RECARGA OXXO #3916 PUEBLA,175.92,Otros
345,2026-05-06,FACTURA ACUEDUCTO,132.93,Servicios
345,2026-06-13,FARMACIA CRUZ VERDE,108.87,Salud
345,2026-07-29,EXITO #8175,162.83,Alimentacion
345,2026-03-05,COOMEVA MEDICINA PREPAGADA #3560 MEDELLIN,256.48,Salud
345,2026-07-20,EXITO CARTAGENA,124.73,Alimentacion
346,2026-03-31,GASOLINERA PEMEX #4991 CIUDAD DE MEXICO,15.67,Transporte
346,2026-05-08,WALMART SUPERCENTER REF545224,225.42,Alimentacion
346,2026-04-24,TRANSFERENCIA MERCADO PAGO QUERETARO,144.01,Otros
346,2026-06-21,CONSULTORIO IMSS BOGOTA,88.83,Salud
346,2026-02-12,HOME DEPOT MEXICO,504.34,Vivienda
346,2026-05-10,MATRICULA UNIVERSIDAD NACIONAL,105.57,Educacion
346,2026-05-25,OXXO #6889,20.49,Alimentacion
346,2026-03-16,DIDI #7418,50.23,Transporte
346,2026-02-19,CONSULTORIO IMSS #3138 CARTAGENA,65.91,Salud
346,2026-02-11,ESTACION SERVICIO PRIMAX,77.55,Transporte
346,2026-07-19,METROBUS CDMX PUEBLA,93.69,Transporte
347,2026-07-25,TELMEX INTERNET HOGAR,115.81,Servicios
347,2026-02-20,JUMBO BOGOTA,233.02,Alimentacion
347,2026-05-23,BAR RESTAURANTE AMIGOS MEDELLIN,66.87,Ocio
347,2026-07-22,HOMECENTER #4316 BOGOTA REF408069,215.47,Vivienda
347,2026-06-07,SORIANA #5978 GUADALAJARA,191.02,Alimentacion
347,2026-07-27,PEAJE AUTOPISTA,51.21,Transporte
347,2026-06-27,PEAJE AUTOPISTA BARRANQUILLA,98.25,Transporte
347,2026-02-27,DIDI #3252,23.0,Transporte
347,2026-04-24,ESTACION SERVICIO PRIMAX #8409 TIJUANA,175.06,Transporte
347,2026-07-26,UBER #2025,35.19,Transporte
347,2026-07-13,ESTACION SERVICIO PRIMAX #452,190.62,Transporte
347,2026-03-30,FARMACIAS DEL AHORRO #7191,261.31,Salud
347,2026-07-06,RECARGA OXXO,88.98,Otros
347,2026-04-20,MOVISTAR PLAN CELULAR CUCUTA REF580841,115.49,Servicios
347,2026-05-18,DISNEY PLUS #6256 MONTERREY,82.43,Ocio
347,2026-05-28,DIDI #8375,170.62,Transporte
347,2026-07-14,FACTURA ACUEDUCTO REF910176,73.29,Servicios
347,2026-05-23,DEPOSITO BANCO AZTECA GUADALAJARA,143.59,Otros
347,2026-03-01,HOME DEPOT MEXICO,381.23,Vivienda
347,2026-03-06,EPS SURA COPAGO,283.18,Salud
348,2026-05-14,HOMECENTER,526.49,Vivienda
348,2026-03-14,EXITO,220.9,Alimentacion
348,2026-03-25,SORIANA #9603 QUERETARO,18.53,Alimentacion
348,2026-04-21,NETFLIX,63.48,Ocio
348,2026-06-09,IZZI TELECOM #4272,102.29,Servicios
348,2026-03-09,COMBUSTIBLE TERPEL #4592,176.01,Transporte
348,2026-05-14,OXXO #7037 MONTERREY,22.81,Alimentacion
348,2026-07-11,METROBUS CDMX #6658,180.49,Transporte
348,2026-02-13,CINE COLOMBIA BARRANQUILLA REF704887,73.55,Ocio
348,2026-07-28,MOVISTAR PLAN CELULAR #7230,41.64,Servicios
348,2026-04-27,STEAM VIDEOJUEGOS #7431 REF758873,44.66,Ocio
348,2026-02-10,PAGO MULTA TRANSITO QUERETARO,57.93,Otros
348,2026-03-31,PAGO MULTA TRANSITO #5064,100.25,Otros
348,2026-04-03,MATRICULA UNIVERSIDAD NACIONAL #5923,44.38,Educacion
348,2026-02-03,ARRIENDO APARTAMENTO #6083,229.27,Vivienda
348,2026-02-23,WALMART SUPERCENTER BARRANQUILLA REF971077,221.3,Alimentacion
349,2026-05-26,UBER #6480,99.47,Transporte
349,2026-05-06,HOMECENTER,544.93,Vivienda
349,2026-06-14,IZZI TELECOM #6817 CARTAGENA,98.48,Servicios
349,2026-07-29,WALMART SUPERCENTER #9361,39.41,Alimentacion
349,2026-06-25,CLARO HOGAR INTERNET #7802 TIJUANA,36.1,Servicios
349,2026-03-11,STEAM VIDEOJUEGOS,59.63,Ocio
349,2026-02-16,CINEPOLIS,54.61,Ocio
349,2026-03-15,MATRICULA UNAM #6813,303.83,Educacion
349,2026-05-25,SUPERAMA #7713,160.99,Alimentacion
349,2026-04-21,CINEPOLIS #6004 GUADALAJARA,53.52,Ocio
349,2026-02-07,FARMACIAS SIMILARES #7934,63.67,Salud
349,2026-07-15,DISNEY PLUS #1839,33.35,Ocio
349,2026-02-06,BAR RESTAURANTE AMIGOS #7117 REF976981,76.94,Ocio
349,2026-07-13,DISNEY PLUS #2982 REF735896,57.93,Ocio
349,2026-06-08,METROBUS CDMX,112.99,Transporte
349,2026-05-14,SUPERAMA #8683 CUCUTA,54.38,Alimentacion
349,2026-06-02,TRANSFERENCIA MERCADO PAGO #3516,122.69,Otros
349,2026-05-21,SORIANA,231.66,Alimentacion
349,2026-02-18,FACTURA ACUEDUCTO CIUDAD DE MEXICO,49.82,Servicios
349,2026-05-25,ESTACION SERVICIO PRIMAX #2959,108.3,Transporte
349,2026-02-28,CARULLA,263.64,Alimentacion
349,2026-02-14,HOMECENTER #5952 REF186097,316.62,Vivienda
349,2026-07-16,ARA TIENDA,164.71,Alimentacion
349,2026-02-16,COLEGIATURA COLEGIO PRIVADO,58.82,Educacion
349,2026-06-08,DISNEY PLUS #4852,80.75,Ocio
350,2026-03-18,RECARGA OXXO,94.84,Otros
350,2026-05-09,BAR RESTAURANTE AMIGOS #7953 TIJUANA,121.44,Ocio
350,2026-06-27,ARA TIENDA #3037,161.67,Alimentacion
350,2026-04-20,FACTURA ACUEDUCTO,87.68,Servicios
350,2026-04-09,EXITO REF545140,128.17,Alimentacion
350,2026-05-30,CLARO HOGAR INTERNET #5100,43.25,Servicios
350,2026-03-29,CLARO HOGAR INTERNET #9248,15.5,Servicios
350,2026-05-24,CINE COLOMBIA,35.19,Ocio
350,2026-04-09,RETIRO CAJERO AUTOMATICO,96.65,Otros
350,2026-02-24,CHEDRAUI #8256,108.79,Alimentacion
350,2026-06-19,JUMBO #6316,126.61,Alimentacion
350,2026-07-12,BAR RESTAURANTE AMIGOS #4715 CARTAGENA,127.58,Ocio
350,2026-07-29,FACTURA ENERGIA ENEL CODENSA #4780 MEDELLIN,62.29,Servicios
350,2026-02-05,SPOTIFY PREMIUM BARRANQUILLA,61.52,Ocio
350,2026-07-06,EXITO CARTAGENA,44.71,Alimentacion
350,2026-04-28,DIDI #5958 REF319690,19.59,Transporte
350,2026-03-23,CARULLA MEDELLIN,211.61,Alimentacion
350,2026-03-31,DIDI #3790 REF329532,124.14,Transporte
350,2026-02-04,EXITO,207.78,Alimentacion
351,2026-07-30,CHEDRAUI #554,43.89,Alimentacion
351,2026-04-09,CARULLA,90.41,Alimentacion
351,2026-07-20,ARA TIENDA #9857,40.39,Alimentacion
351,2026-07-12,EXITO #4841,266.32,Alimentacion
351,2026-02-08,TRANSFERENCIA MERCADO PAGO CALI,62.47,Otros
351,2026-04-25,RETIRO CAJERO AUTOMATICO,32.16,Otros
351,2026-07-10,DIDI TIJUANA,49.82,Transporte
351,2026-04-02,PLATZI CURSO ONLINE #8988,245.39,Educacion
351,2026-05-06,OXXO BOGOTA,26.65,Alimentacion
351,2026-03-07,WALMART SUPERCENTER,234.23,Alimentacion
351,2026-02-21,ADMINISTRACION CONDOMINIO,630.75,Vivienda
351,2026-02-02,CABIFY #9937,59.35,Transporte
351,2026-02-26,DEPOSITO BANCO AZTECA,86.52,Otros
351,2026-05-07,COMBUSTIBLE TERPEL MONTERREY,14.43,Transporte
351,2026-04-20,UBER #234 REF424655,138.14,Transporte
351,2026-02-04,DEPOSITO BANCO AZTECA #9777,80.37,Otros
351,2026-05-26,SPOTIFY PREMIUM,38.76,Ocio
351,2026-07-02,RECARGA OXXO,45.16,Otros
351,2026-03-11,PEAJE AUTOPISTA BOGOTA,140.8,Transporte
351,2026-05-02,CARULLA,118.22,Alimentacion
351,2026-04-25,ARRIENDO APARTAMENTO,239.83,Vivienda
351,2026-05-16,DAVIPLATA QUERETARO,127.15,Otros
351,2026-06-24,HOMECENTER,432.54,Vivienda
351,2026-07-20,CONSULTORIO IMSS MONTERREY REF463382,259.72,Salud
351,2026-06-16,CARULLA #8485,40.54,Alimentacion
351,2026-05-17,GASOLINERA PEMEX,167.13,Transporte
352,2026-04-09,PEAJE AUTOPISTA #2555,86.4,Transporte
352,2026-03-17,COURSERA CURSO ONLINE REF550021,383.81,Educacion
352,2026-03-01,JUMBO #5997 REF336591,95.79,Alimentacion
352,2026-06-30,CONSULTORIO IMSS #1816,289.22,Salud
352,2026-07-11,DEPOSITO BANCO AZTECA #718 GUADALAJARA,163.25,Otros
352,2026-07-30,IZZI TELECOM #1916,51.5,Servicios
352,2026-04-28,CHEDRAUI REF397741,218.92,Alimentacion
352,2026-07-20,DIDI #7110,209.12,Transporte
352,2026-06-16,METROBUS CDMX #1612 REF967786,60.53,Transporte
352,2026-03-02,CINE COLOMBIA #2022 BOGOTA,59.6,Ocio
353,2026-03-17,METROBUS CDMX,98.72,Transporte
353,2026-02-05,SORIANA,54.49,Alimentacion
353,2026-05-04,OXXO TIJUANA,237.05,Alimentacion
353,2026-04-22,CINEPOLIS,93.11,Ocio
353,2026-06-28,NETFLIX #2806,15.65,Ocio
353,2026-06-23,ARA TIENDA #338,179.02,Alimentacion
353,2026-06-18,COMBUSTIBLE TERPEL,140.73,Transporte
353,2026-04-27,TELCEL PLAN CELULAR,144.09,Servicios
353,2026-04-26,ADMINISTRACION CONDOMINIO #1830,151.51,Vivienda
353,2026-05-04,FARMACIAS SIMILARES PUEBLA,85.66,Salud
353,2026-07-18,BAR RESTAURANTE AMIGOS,120.97,Ocio
354,2026-02-23,SORIANA CALI,220.68,Alimentacion
354,2026-07-26,WALMART SUPERCENTER,45.11,Alimentacion
354,2026-06-09,GASOLINERA PEMEX #7295,103.73,Transporte
354,2026-03-16,RECARGA OXXO REF980954,169.56,Otros
354,2026-07-18,HOME DEPOT MEXICO,242.92,Vivienda
354,2026-05-31,TELCEL PLAN CELULAR #8945 BARRANQUILLA,147.03,Servicios
354,2026-07-30,DEPOSITO BANCO AZTECA,179.03,Otros
354,2026-07-31,COMBUSTIBLE TERPEL #5231,121.12,Transporte
354,2026-02-07,IZZI TELECOM,37.97,Servicios
354,2026-02-25,WALMART SUPERCENTER BARRANQUILLA,92.19,Alimentacion
354,2026-05-30,COURSERA CURSO ONLINE,184.18,Educacion
354,2026-06-21,CHEDRAUI #8104,90.42,Alimentacion
354,2026-07-19,PAGO MULTA TRANSITO #1960 REF905245,57.71,Otros
354,2026-05-09,COMBUSTIBLE TERPEL PUEBLA,204.45,Transporte
354,2026-07-31,HOMECENTER #3536,226.68,Vivienda
354,2026-03-25,DISNEY PLUS #499,96.67,Ocio
354,2026-02-04,COMBUSTIBLE TERPEL #5743 REF488446,10.08,Transporte
354,2026-07-02,OXXO #5336,165.01,Alimentacion
354,2026-04-01,SUPERMERCADO D1 #1420 GUADALAJARA,248.15,Alimentacion
355,2026-07-09,WALMART SUPERCENTER #2072,93.02,Alimentacion
355,2026-07-31,STEAM VIDEOJUEGOS REF123137,36.53,Ocio
355,2026-05-08,NETFLIX,124.49,Ocio
355,2026-06-24,TRANSMILENIO #2623,194.66,Transporte
355,2026-04-08,FARMACIAS SIMILARES,145.34,Salud
355,2026-02-09,CHEDRAUI PUEBLA,230.01,Alimentacion
355,2026-06-11,TRANSMILENIO REF532827,100.46,Transporte
355,2026-06-30,COMBUSTIBLE TERPEL #2536,94.88,Transporte
355,2026-03-16,ARA TIENDA MEDELLIN REF428139,50.76,Alimentacion
355,2026-05-19,MATRICULA UNIVERSIDAD NACIONAL,184.9,Educacion
355,2026-07-10,PAGO MULTA TRANSITO #7104,101.36,Otros
355,2026-04-27,TELMEX INTERNET HOGAR,18.04,Servicios
355,2026-03-04,ADMINISTRACION CONDOMINIO,372.06,Vivienda
355,2026-02-14,ESTACION SERVICIO PRIMAX,166.27,Transporte
355,2026-04-17,ARRIENDO APARTAMENTO,490.02,Vivienda
355,2026-05-21,COOMEVA MEDICINA PREPAGADA REF108215,196.02,Salud
355,2026-05-31,ARA TIENDA #3737,246.48,Alimentacion
355,2026-02-13,BODEGA AURRERA #2478,14.69,Alimentacion
355,2026-03-14,EXITO #497,154.83,Alimentacion
356,2026-06-20,GASOLINERA PEMEX #8286,170.85,Transporte
356,2026-06-10,AGENCIA DE VIAJES,87.39,Ocio
356,2026-03-19,COMBUSTIBLE TERPEL #8054 BOGOTA,89.61,Transporte
356,2026-03-05,ICETEX CREDITO EDUCATIVO #807 REF738274,217.61,Educacion
356,2026-07-06,CINEPOLIS #925,105.38,Ocio
356,2026-02-14,BAR RESTAURANTE AMIGOS #152,51.71,Ocio
356,2026-02-06,PAGO MULTA TRANSITO,75.98,Otros
356,2026-03-07,SUPERAMA,34.88,Alimentacion
356,2026-03-19,COMBUSTIBLE TERPEL #6636,192.92,Transporte
356,2026-04-28,SUPERMERCADO D1 #869,33.67,Alimentacion
356,2026-07-12,SUPERAMA #5384 REF672450,178.53,Alimentacion
356,2026-04-06,CLARO HOGAR INTERNET #4777 PUEBLA,70.78,Servicios
356,2026-05-25,MATRICULA UNAM #2120 BOGOTA,177.11,Educacion
356,2026-05-26,NETFLIX,89.94,Ocio
356,2026-05-23,OXXO REF959754,27.44,Alimentacion
356,2026-03-15,TRANSFERENCIA MERCADO PAGO #4277,110.93,Otros
356,2026-06-15,METROBUS CDMX,164.41,Transporte
356,2026-04-14,CARULLA REF837392,225.34,Alimentacion
356,2026-03-06,FARMACIAS SIMILARES #5345,63.6,Salud
356,2026-07-29,CINEPOLIS #498,117.18,Ocio
357,2026-05-31,CABIFY,189.98,Transporte
357,2026-05-07,CABIFY #8716 REF184196,99.63,Transporte
357,2026-07-12,FARMACIAS GUADALAJARA #1712 QUERETARO,93.21,Salud
357,2026-04-23,CABIFY GUADALAJARA,88.63,Transporte
357,2026-06-11,PLATZI CURSO ONLINE #9967 QUERETARO,170.41,Educacion
357,2026-07-22,PAGO MULTA TRANSITO CUCUTA,58.77,Otros
357,2026-04-10,METROBUS CDMX #2309 BARRANQUILLA,63.72,Transporte
357,2026-04-08,BAR RESTAURANTE AMIGOS #322,112.63,Ocio
357,2026-02-12,DIDI #9928,23.97,Transporte
357,2026-05-16,DIDI #2151,145.52,Transporte
357,2026-02-25,WALMART SUPERCENTER,54.93,Alimentacion
357,2026-02-24,BODEGA AURRERA #7689 QUERETARO,99.57,Alimentacion
357,2026-06-20,DIDI BARRANQUILLA REF641866,22.31,Transporte
357,2026-06-01,TRANSMILENIO,63.99,Transporte
358,2026-02-16,RECARGA OXXO REF475549,97.22,Otros
358,2026-04-12,PAGO MULTA TRANSITO REF532306,124.03,Otros
358,2026-03-12,MATRICULA UNIVERSIDAD NACIONAL #6677,342.76,Educacion
358,2026-03-05,JUMBO #1397,12.48,Alimentacion
358,2026-07-12,SUPERMERCADO D1 #6090 CIUDAD DE MEXICO REF865193,114.75,Alimentacion
358,2026-07-22,SORIANA #4775,245.88,Alimentacion
358,2026-07-30,BAR RESTAURANTE AMIGOS #694,97.54,Ocio
358,2026-05-10,CARULLA #5926,151.14,Alimentacion
358,2026-05-24,GASOLINERA PEMEX BOGOTA REF644134,115.93,Transporte
358,2026-02-15,TRANSFERENCIA NEQUI,69.12,Otros
358,2026-06-28,FACTURA ENERGIA ENEL CODENSA,85.27,Servicios
358,2026-06-11,PEAJE AUTOPISTA,141.08,Transporte
358,2026-04-20,ARA TIENDA #6844,118.77,Alimentacion
358,2026-04-19,SPOTIFY PREMIUM #7430 MONTERREY,94.27,Ocio
359,2026-02-18,DEPOSITO BANCO AZTECA #3596,52.48,Otros
359,2026-04-15,EXITO REF580648,176.47,Alimentacion
359,2026-04-17,HOMECENTER #9525,588.74,Vivienda
359,2026-06-12,DIDI REF435419,93.63,Transporte
359,2026-07-28,METROBUS CDMX MEDELLIN,192.2,Transporte
359,2026-03-13,WALMART SUPERCENTER REF979216,268.22,Alimentacion
359,2026-05-11,AGENCIA DE VIAJES #9922,18.26,Ocio
359,2026-06-20,DISNEY PLUS #1242,34.13,Ocio
359,2026-07-19,COLEGIATURA COLEGIO PRIVADO REF339509,381.39,Educacion
359,2026-05-29,FARMATODO #4585 REF790873,288.12,Salud
360,2026-06-24,AGENCIA DE VIAJES #4675 BARRANQUILLA,40.43,Ocio
360,2026-03-26,CINEPOLIS #7580,90.84,Ocio
360,2026-06-28,FACTURA CFE GUADALAJARA,106.02,Servicios
360,2026-03-23,DIDI,54.3,Transporte
360,2026-02-13,JUMBO #266,19.05,Alimentacion
360,2026-06-17,RETIRO CAJERO AUTOMATICO #9476,79.57,Otros
360,2026-06-28,CLARO HOGAR INTERNET CIUDAD DE MEXICO,54.04,Servicios
360,2026-04-02,OXXO #5924,220.33,Alimentacion
360,2026-03-02,MATRICULA UNIVERSIDAD NACIONAL REF640769,325.14,Educacion
360,2026-07-09,WALMART SUPERCENTER,128.83,Alimentacion
360,2026-04-26,PEAJE AUTOPISTA TIJUANA,131.3,Transporte
360,2026-06-09,ESTACION SERVICIO PRIMAX,130.85,Transporte
361,2026-02-15,CHEDRAUI REF994769,126.78,Alimentacion
361,2026-05-10,ARA TIENDA,124.43,Alimentacion
361,2026-05-09,ADMINISTRACION CONDOMINIO,195.57,Vivienda
361,2026-07-13,IZZI TELECOM #2123 CALI REF205648,112.01,Servicios
361,2026-05-11,JUMBO TIJUANA,65.57,Alimentacion
361,2026-04-04,CHEDRAUI,61.21,Alimentacion
361,2026-02-22,IZZI TELECOM #1054 REF126359,70.72,Servicios
361,2026-06-06,COMBUSTIBLE TERPEL,55.56,Transporte
361,2026-06-10,SORIANA #4283,161.8,Alimentacion
361,2026-03-19,WALMART SUPERCENTER #154,106.58,Alimentacion
361,2026-02-17,CHEDRAUI #8511,126.72,Alimentacion
361,2026-06-20,BODEGA AURRERA,149.66,Alimentacion
361,2026-06-12,MOVISTAR PLAN CELULAR,42.48,Servicios
361,2026-07-04,ESTACION SERVICIO PRIMAX,41.15,Transporte
361,2026-04-30,DEPOSITO BANCO AZTECA,159.67,Otros
361,2026-07-27,CABIFY REF734068,96.74,Transporte
362,2026-05-20,BODEGA AURRERA,75.58,Alimentacion
362,2026-04-30,PEAJE AUTOPISTA,172.15,Transporte
362,2026-06-03,MOVISTAR PLAN CELULAR #3455 TIJUANA,142.87,Servicios
362,2026-04-24,SUPERAMA #4994,45.34,Alimentacion
362,2026-04-25,TRANSFERENCIA MERCADO PAGO,94.6,Otros
362,2026-06-18,COMBUSTIBLE TERPEL #434,52.84,Transporte
362,2026-03-20,BAR RESTAURANTE AMIGOS #9325,12.51,Ocio
362,2026-05-09,IZZI TELECOM #181,58.94,Servicios
362,2026-05-08,SUPERAMA #7010 PUEBLA,47.36,Alimentacion
362,2026-06-18,RENTA DEPARTAMENTO,504.97,Vivienda
362,2026-03-26,CONSULTORIO IMSS,167.11,Salud
362,2026-04-01,DIDI MONTERREY,38.77,Transporte
362,2026-06-09,ESTACION SERVICIO PRIMAX #5800 BARRANQUILLA,11.85,Transporte
362,2026-06-12,DISNEY PLUS CARTAGENA,106.02,Ocio
362,2026-07-02,FARMACIAS DEL AHORRO TIJUANA,65.22,Salud
362,2026-02-15,BAR RESTAURANTE AMIGOS,80.78,Ocio
362,2026-06-25,GASOLINERA PEMEX REF702615,77.38,Transporte
362,2026-06-03,CONSULTORIO IMSS CARTAGENA,181.86,Salud
362,2026-07-03,TELCEL PLAN CELULAR GUADALAJARA REF806641,57.61,Servicios
363,2026-04-11,ESTACION SERVICIO PRIMAX REF657059,62.76,Transporte
363,2026-04-27,COMBUSTIBLE TERPEL #9587 BARRANQUILLA,12.41,Transporte
363,2026-02-06,ESTACION SERVICIO PRIMAX,113.79,Transporte
363,2026-06-01,COMBUSTIBLE TERPEL REF383448,131.15,Transporte
363,2026-04-27,COMBUSTIBLE TERPEL CALI,202.57,Transporte
363,2026-02-17,DIDI,127.89,Transporte
363,2026-06-12,DEPOSITO BANCO AZTECA,90.1,Otros
363,2026-04-12,IZZI TELECOM #5029 BOGOTA,92.41,Servicios
363,2026-07-18,NETFLIX REF355498,120.99,Ocio
363,2026-07-01,FACTURA CFE,126.83,Servicios
363,2026-04-26,METROBUS CDMX,74.6,Transporte
363,2026-05-17,HOMECENTER #7683 BOGOTA,268.63,Vivienda
364,2026-06-23,HOME DEPOT MEXICO,294.75,Vivienda
364,2026-05-02,NETFLIX,88.02,Ocio
364,2026-07-18,PAGO MULTA TRANSITO #927 REF733235,82.52,Otros
364,2026-03-07,CHEDRAUI #9540 MEDELLIN REF788830,241.17,Alimentacion
364,2026-05-20,IZZI TELECOM #7157 REF703199,129.11,Servicios
364,2026-03-13,COMBUSTIBLE TERPEL,115.09,Transporte
364,2026-06-05,BAR RESTAURANTE AMIGOS REF636107,91.44,Ocio
364,2026-04-02,SUPERAMA,239.67,Alimentacion
365,2026-03-18,DISNEY PLUS #3651,113.22,Ocio
365,2026-03-25,FARMACIAS SIMILARES,221.46,Salud
365,2026-05-09,ARA TIENDA #685,114.99,Alimentacion
365,2026-06-06,WALMART SUPERCENTER REF303842,65.83,Alimentacion
365,2026-03-20,CABIFY CARTAGENA,81.19,Transporte
365,2026-04-19,PLATZI CURSO ONLINE #2711 REF408046,131.54,Educacion
365,2026-05-09,ESTACION SERVICIO PRIMAX,45.22,Transporte
365,2026-04-27,JUMBO CUCUTA,203.27,Alimentacion
365,2026-06-04,RENTA DEPARTAMENTO,276.03,Vivienda
365,2026-07-12,SUPERAMA MEDELLIN,128.08,Alimentacion
365,2026-03-01,TELCEL PLAN CELULAR REF561476,67.09,Servicios
365,2026-02-07,SORIANA BARRANQUILLA REF463978,265.34,Alimentacion
365,2026-03-27,FARMATODO #3749,126.46,Salud
365,2026-02-22,SPOTIFY PREMIUM,15.0,Ocio
365,2026-04-13,ICETEX CREDITO EDUCATIVO #8863 REF624846,58.68,Educacion
365,2026-05-18,ARRIENDO APARTAMENTO,445.38,Vivienda
365,2026-07-05,ESTACION SERVICIO PRIMAX #7090,129.87,Transporte
365,2026-07-31,AGENCIA DE VIAJES,57.34,Ocio
365,2026-05-04,METROBUS CDMX #588,96.37,Transporte
365,2026-03-29,CINEPOLIS PUEBLA,11.74,Ocio
365,2026-06-11,TELMEX INTERNET HOGAR BOGOTA REF161572,84.73,Servicios
365,2026-04-08,CARULLA,141.23,Alimentacion
365,2026-02-25,PEAJE AUTOPISTA CALI,39.91,Transporte
365,2026-05-04,METROBUS CDMX #1747,30.77,Transporte
365,2026-06-27,TRANSFERENCIA NEQUI #6045 PUEBLA REF110509,31.01,Otros
365,2026-06-24,DEPOSITO BANCO AZTECA #3577 PUEBLA,27.17,Otros
366,2026-06-19,IZZI TELECOM #5463,81.4,Servicios
366,2026-02-04,CABIFY #6004,13.92,Transporte
366,2026-07-01,PEAJE AUTOPISTA MONTERREY,144.27,Transporte
366,2026-07-06,SUPERAMA,146.02,Alimentacion
366,2026-04-30,TELMEX INTERNET HOGAR PUEBLA,136.32,Servicios
366,2026-06-06,ICETEX CREDITO EDUCATIVO #3455 REF894919,86.65,Educacion
366,2026-06-23,CINE COLOMBIA #5336,105.51,Ocio
366,2026-03-08,MOVISTAR PLAN CELULAR #3945 CALI REF314450,121.91,Servicios
366,2026-04-11,METROBUS CDMX,35.44,Transporte
366,2026-05-26,EXITO #3748 REF843920,113.63,Alimentacion
366,2026-03-21,DAVIPLATA REF419626,38.93,Otros
366,2026-05-04,JUMBO #8964 CIUDAD DE MEXICO REF870358,76.23,Alimentacion
366,2026-07-26,DISNEY PLUS,37.91,Ocio
366,2026-04-04,EPS SURA COPAGO,173.53,Salud
366,2026-02-08,TELCEL PLAN CELULAR #1091,70.54,Servicios
366,2026-04-18,SUPERMERCADO D1,256.41,Alimentacion
366,2026-02-19,PLATZI CURSO ONLINE CARTAGENA REF242269,72.39,Educacion
366,2026-05-19,HOME DEPOT MEXICO #3623,636.85,Vivienda
366,2026-03-14,RENTA DEPARTAMENTO #5629,265.32,Vivienda
366,2026-03-03,BAR RESTAURANTE AMIGOS #8088 GUADALAJARA,101.61,Ocio
366,2026-05-07,NETFLIX,47.37,Ocio
366,2026-07-12,SUPERMERCADO D1,47.2,Alimentacion
366,2026-02-25,EPS SURA COPAGO,259.5,Salud
367,2026-04-23,UBER,156.45,Transporte
367,2026-06-22,GASOLINERA PEMEX #2697,27.55,Transporte
367,2026-05-27,ADMINISTRACION CONJUNTO RESIDENCIAL #3467,484.09,Vivienda
367,2026-06-08,CLARO HOGAR INTERNET,135.93,Servicios
367,2026-03-02,AGENCIA DE VIAJES #6261 QUERETARO,12.22,Ocio
367,2026-02-13,COOMEVA MEDICINA PREPAGADA MEDELLIN REF503004,55.09,Salud
367,2026-03-04,TRANSFERENCIA NEQUI CALI REF252780,131.83,Otros
367,2026-03-27,BAR RESTAURANTE AMIGOS #3139,59.66,Ocio
367,2026-04-30,FARMATODO TIJUANA REF113072,130.01,Salud
367,2026-06-16,UBER,37.39,Transporte
367,2026-06-26,COMBUSTIBLE TERPEL,111.35,Transporte
367,2026-07-31,SUPERMERCADO D1,42.9,Alimentacion
367,2026-04-05,TELCEL PLAN CELULAR REF103801,79.34,Servicios
367,2026-04-20,BODEGA AURRERA,208.54,Alimentacion
367,2026-03-11,SORIANA,77.15,Alimentacion
367,2026-06-11,FACTURA CFE #4556 GUADALAJARA REF218415,79.91,Servicios
367,2026-03-10,CHEDRAUI,267.92,Alimentacion
367,2026-07-17,COOMEVA MEDICINA PREPAGADA PUEBLA REF628799,210.7,Salud
368,2026-03-08,CINEPOLIS PUEBLA,86.83,Ocio
368,2026-05-26,PLATZI CURSO ONLINE,290.99,Educacion
368,2026-04-02,OXXO #639 MONTERREY,162.41,Alimentacion
368,2026-06-03,CABIFY,81.45,Transporte
368,2026-05-13,SUPERMERCADO D1,160.03,Alimentacion
368,2026-07-02,TRANSMILENIO #3581 MEDELLIN,78.45,Transporte
368,2026-05-12,COMBUSTIBLE TERPEL #4105,26.77,Transporte
368,2026-06-19,SPOTIFY PREMIUM,129.1,Ocio
368,2026-06-19,ARA TIENDA #4387 CARTAGENA REF575558,43.07,Alimentacion
368,2026-06-04,RETIRO CAJERO AUTOMATICO REF460840,22.3,Otros
368,2026-06-15,EXITO #1237,238.42,Alimentacion
368,2026-07-12,FARMATODO #2883 MONTERREY,101.02,Salud
368,2026-03-10,CHEDRAUI PUEBLA,179.08,Alimentacion
368,2026-05-22,RETIRO CAJERO AUTOMATICO REF892269,65.93,Otros
368,2026-03-27,DIDI #3970 REF588032,88.29,Transporte
369,2026-03-07,SUPERAMA,255.33,Alimentacion
369,2026-05-03,ARRIENDO APARTAMENTO #3453,170.94,Vivienda
369,2026-04-15,ARA TIENDA #1935,140.8,Alimentacion
369,2026-07-22,CARULLA #9540 MEDELLIN,161.9,Alimentacion
369,2026-07-06,DAVIPLATA,166.43,Otros
369,2026-03-03,SUPERAMA #9794,22.78,Alimentacion
369,2026-07-08,DEPOSITO BANCO AZTECA BOGOTA,107.49,Otros
369,2026-03-09,MOVISTAR PLAN CELULAR #6974,130.24,Servicios
369,2026-05-21,SORIANA #8578,72.9,Alimentacion
369,2026-07-24,BODEGA AURRERA #5344 REF112230,237.84,Alimentacion
369,2026-07-20,FARMACIAS DEL AHORRO #2420,20.43,Salud
369,2026-04-30,JUMBO #4051,200.44,Alimentacion
369,2026-04-28,EXITO #4288,252.61,Alimentacion
369,2026-05-18,DAVIPLATA,121.72,Otros
369,2026-02-28,GASOLINERA PEMEX MONTERREY REF776965,97.81,Transporte
369,2026-02-28,ARA TIENDA #1655,21.67,Alimentacion
369,2026-05-03,NETFLIX #359 REF610241,120.01,Ocio
369,2026-04-04,WALMART SUPERCENTER #9576,132.28,Alimentacion
369,2026-02-16,STEAM VIDEOJUEGOS MEDELLIN,8.62,Ocio
369,2026-05-20,SUPERMERCADO D1,189.35,Alimentacion
369,2026-02-19,COURSERA CURSO ONLINE,205.69,Educacion
369,2026-05-27,AGENCIA DE VIAJES CALI,20.54,Ocio
369,2026-04-24,TRANSFERENCIA MERCADO PAGO BOGOTA,46.43,Otros
370,2026-04-02,CHEDRAUI #4939 BARRANQUILLA,13.32,Alimentacion
370,2026-07-15,BODEGA AURRERA,190.76,Alimentacion
370,2026-07-18,DAVIPLATA,81.06,Otros
370,2026-05-03,SUPERAMA CIUDAD DE MEXICO,157.04,Alimentacion
370,2026-06-27,TRANSMILENIO,139.82,Transporte
370,2026-02-25,EPS SURA COPAGO TIJUANA REF921375,114.82,Salud
370,2026-07-02,OXXO BOGOTA,248.45,Alimentacion
370,2026-04-15,DIDI REF307733,36.79,Transporte
370,2026-04-30,JUMBO #1070 REF281886,184.59,Alimentacion
370,2026-07-08,WALMART SUPERCENTER TIJUANA REF366973,11.13,Alimentacion
370,2026-05-04,CABIFY,194.93,Transporte
370,2026-04-08,ESTACION SERVICIO PRIMAX #4456 REF359338,32.5,Transporte
370,2026-04-08,TELMEX INTERNET HOGAR CALI,27.81,Servicios
370,2026-07-25,ARA TIENDA #6753,96.58,Alimentacion
370,2026-05-02,EPS SURA COPAGO,121.47,Salud
370,2026-05-20,ESTACION SERVICIO PRIMAX #1097,52.86,Transporte
370,2026-04-04,DIDI,127.02,Transporte
370,2026-05-02,STEAM VIDEOJUEGOS #5521,60.36,Ocio
371,2026-07-28,FACTURA CFE #9497 REF591265,109.25,Servicios
371,2026-03-20,TRANSFERENCIA MERCADO PAGO REF251261,62.87,Otros
371,2026-06-22,UBER CUCUTA,29.93,Transporte
371,2026-03-15,UBER #4132 TIJUANA,64.49,Transporte
371,2026-03-09,FARMACIAS GUADALAJARA MEDELLIN,252.06,Salud
371,2026-07-21,FARMACIA CRUZ VERDE CUCUTA,294.43,Salud
371,2026-02-10,DAVIPLATA #7195,93.95,Otros
371,2026-02-18,NETFLIX #8739 MEDELLIN,6.21,Ocio
371,2026-03-05,BAR RESTAURANTE AMIGOS,22.51,Ocio
371,2026-07-06,RETIRO CAJERO AUTOMATICO,64.75,Otros
372,2026-07-25,AGENCIA DE VIAJES #5122,80.84,Ocio
372,2026-05-29,TRANSFERENCIA MERCADO PAGO,116.55,Otros
372,2026-02-04,BAR RESTAURANTE AMIGOS #9148,84.75,Ocio
372,2026-02-26,HOMECENTER,464.36,Vivienda
372,2026-06-03,METROBUS CDMX REF528801,120.75,Transporte
372,2026-07-21,CHEDRAUI #4433,266.47,Alimentacion
372,2026-05-09,SUPERAMA,200.4,Alimentacion
372,2026-05-25,UBER,165.39,Transporte
372,2026-02-15,ARA TIENDA #445,236.84,Alimentacion
373,2026-07-10,PAGO INFONAVIT,413.54,Vivienda
373,2026-03-04,TELCEL PLAN CELULAR #5903,20.16,Servicios
373,2026-05-31,EXITO #4491 CUCUTA,169.96,Alimentacion
373,2026-03-19,TRANSMILENIO #8850 CUCUTA,175.61,Transporte
373,2026-07-01,ICETEX CREDITO EDUCATIVO #3187,84.06,Educacion
373,2026-06-18,EPS SURA COPAGO #1171 BARRANQUILLA,184.38,Salud
373,2026-06-03,ARA TIENDA #8925,164.34,Alimentacion
373,2026-04-16,FARMACIAS DEL AHORRO #5402,61.79,Salud
373,2026-04-21,PAGO MULTA TRANSITO REF202459,30.99,Otros
373,2026-02-18,STEAM VIDEOJUEGOS,127.51,Ocio
373,2026-05-24,FACTURA ENERGIA ENEL CODENSA,68.15,Servicios
373,2026-03-24,ARA TIENDA #4985,69.13,Alimentacion
374,2026-05-25,DIDI #8775,72.67,Transporte
374,2026-04-20,TRANSFERENCIA MERCADO PAGO TIJUANA REF398144,88.6,Otros
374,2026-04-03,EPS SURA COPAGO,126.17,Salud
374,2026-04-11,SORIANA #9031,234.53,Alimentacion
374,2026-06-13,RETIRO CAJERO AUTOMATICO #3297,167.97,Otros
374,2026-07-30,CABIFY,70.69,Transporte
374,2026-06-03,COMBUSTIBLE TERPEL TIJUANA,182.79,Transporte
374,2026-05-27,ESTACION SERVICIO PRIMAX,166.3,Transporte
374,2026-04-01,AGENCIA DE VIAJES #6770 REF345226,121.35,Ocio
374,2026-07-05,CLARO HOGAR INTERNET,48.18,Servicios
374,2026-03-25,STEAM VIDEOJUEGOS #3500 REF821813,77.12,Ocio
375,2026-05-30,ARRIENDO APARTAMENTO #8073 BOGOTA,311.34,Vivienda
375,2026-04-19,SPOTIFY PREMIUM,85.61,Ocio
375,2026-04-17,OXXO #9895,231.39,Alimentacion
375,2026-05-29,HOME DEPOT MEXICO #8436 CARTAGENA,454.6,Vivienda
375,2026-04-09,BAR RESTAURANTE AMIGOS #1321 MONTERREY,111.65,Ocio
375,2026-03-08,CINE COLOMBIA,38.07,Ocio
375,2026-06-14,EXITO,145.07,Alimentacion
375,2026-05-30,FARMATODO #9474,143.4,Salud
375,2026-06-17,PAGO MULTA TRANSITO,11.98,Otros
376,2026-02-09,FARMACIAS SIMILARES #1500,185.0,Salud
376,2026-04-23,DEPOSITO BANCO AZTECA BOGOTA,56.75,Otros
376,2026-05-22,NETFLIX #9537 GUADALAJARA REF188764,14.96,Ocio
376,2026-05-27,FACTURA ACUEDUCTO,73.0,Servicios
376,2026-06-10,ESTACION SERVICIO PRIMAX REF689133,120.86,Transporte
376,2026-06-14,EPS SURA COPAGO #7414,108.69,Salud
376,2026-07-14,CHEDRAUI,197.31,Alimentacion
376,2026-04-18,CINE COLOMBIA GUADALAJARA,85.47,Ocio
376,2026-02-18,SORIANA TIJUANA,96.53,Alimentacion
376,2026-04-01,ARA TIENDA #9422 REF477208,206.27,Alimentacion
376,2026-04-16,DIDI CUCUTA,139.74,Transporte
376,2026-04-27,TRANSMILENIO,137.49,Transporte
376,2026-05-05,ESTACION SERVICIO PRIMAX,120.69,Transporte
376,2026-06-26,AGENCIA DE VIAJES,6.42,Ocio
376,2026-03-16,FACTURA CFE,109.03,Servicios
376,2026-03-09,COLEGIATURA COLEGIO PRIVADO BARRANQUILLA,166.02,Educacion
376,2026-05-20,ADMINISTRACION CONJUNTO RESIDENCIAL,621.3,Vivienda
377,2026-03-31,CABIFY #6488 REF226397,105.31,Transporte
377,2026-03-14,EPS SURA COPAGO,99.38,Salud
377,2026-04-10,RENTA DEPARTAMENTO,407.46,Vivienda
377,2026-03-23,MOVISTAR PLAN CELULAR REF974549,37.33,Servicios
377,2026-07-08,COURSERA CURSO ONLINE,391.64,Educacion
377,2026-03-22,TELCEL PLAN CELULAR,29.57,Servicios
377,2026-07-05,FARMACIAS GUADALAJARA #2068 CIUDAD DE MEXICO,280.6,Salud
377,2026-03-25,IZZI TELECOM GUADALAJARA,138.33,Servicios
377,2026-06-19,ARA TIENDA PUEBLA,146.59,Alimentacion
377,2026-04-27,TELMEX INTERNET HOGAR BOGOTA REF523136,112.86,Servicios
377,2026-06-23,UBER #5036,97.21,Transporte
377,2026-07-31,NETFLIX,83.75,Ocio
377,2026-03-20,FARMACIAS SIMILARES #5627,112.06,Salud
377,2026-04-12,FACTURA CFE #9475,55.66,Servicios
377,2026-04-10,PAGO INFONAVIT #1195 REF183137,439.11,Vivienda
377,2026-04-26,COMBUSTIBLE TERPEL BARRANQUILLA,109.63,Transporte
378,2026-04-23,CARULLA #3870,20.11,Alimentacion
378,2026-04-22,PAGO MULTA TRANSITO #5546,122.02,Otros
378,2026-04-27,FARMACIAS SIMILARES CALI,92.68,Salud
378,2026-02-01,OXXO,236.6,Alimentacion
378,2026-02-06,BAR RESTAURANTE AMIGOS REF838411,65.62,Ocio
378,2026-05-18,CHEDRAUI REF213224,89.45,Alimentacion
378,2026-05-26,MOVISTAR PLAN CELULAR #3754,84.88,Servicios
378,2026-05-31,CABIFY,86.39,Transporte
378,2026-06-08,TRANSFERENCIA MERCADO PAGO #2798 QUERETARO,105.93,Otros
378,2026-07-14,TRANSFERENCIA MERCADO PAGO CUCUTA,29.47,Otros
378,2026-04-10,FACTURA ACUEDUCTO QUERETARO,149.59,Servicios
378,2026-04-23,NETFLIX,58.19,Ocio
378,2026-04-15,CONSULTORIO IMSS #4188 TIJUANA,114.25,Salud
378,2026-04-28,PEAJE AUTOPISTA REF814091,152.04,Transporte
378,2026-04-25,EXITO #3968,104.61,Alimentacion
378,2026-06-29,COLEGIATURA COLEGIO PRIVADO #9602,337.48,Educacion
378,2026-07-11,CLARO HOGAR INTERNET #9954,76.33,Servicios
378,2026-07-24,AGENCIA DE VIAJES #7498 REF238601,94.94,Ocio
378,2026-02-22,DAVIPLATA #491,28.27,Otros
378,2026-04-26,DAVIPLATA QUERETARO,153.84,Otros
378,2026-04-23,PAGO MULTA TRANSITO #4668,135.07,Otros
378,2026-02-27,GASOLINERA PEMEX,52.34,Transporte
378,2026-06-02,MATRICULA UNAM GUADALAJARA,79.48,Educacion
378,2026-05-10,SPOTIFY PREMIUM MONTERREY,44.54,Ocio
378,2026-05-26,CINEPOLIS,127.01,Ocio
378,2026-06-23,DISNEY PLUS #7517 BARRANQUILLA,37.1,Ocio
379,2026-05-22,BODEGA AURRERA #7637 REF598339,144.35,Alimentacion
379,2026-06-30,RENTA DEPARTAMENTO #1580,559.55,Vivienda
379,2026-07-24,RENTA DEPARTAMENTO MONTERREY REF685997,423.56,Vivienda
379,2026-02-08,SORIANA,20.6,Alimentacion
379,2026-04-05,ADMINISTRACION CONDOMINIO,307.5,Vivienda
379,2026-06-06,CHEDRAUI #1841 TIJUANA,159.64,Alimentacion
379,2026-04-07,TRANSFERENCIA MERCADO PAGO,171.6,Otros
379,2026-04-22,PAGO MULTA TRANSITO,156.05,Otros
379,2026-03-21,FARMATODO,80.08,Salud
379,2026-04-17,DIDI #7303,54.02,Transporte
379,2026-03-17,ARA TIENDA,62.3,Alimentacion
379,2026-02-24,EXITO CIUDAD DE MEXICO REF818106,249.85,Alimentacion
379,2026-05-22,CINEPOLIS #4242,111.58,Ocio
379,2026-05-29,AGENCIA DE VIAJES #5224 BARRANQUILLA,101.86,Ocio
379,2026-07-19,FARMACIAS GUADALAJARA #2261 GUADALAJARA,126.93,Salud
379,2026-02-24,HOME DEPOT MEXICO #1349,402.19,Vivienda
379,2026-02-09,JUMBO BOGOTA,130.73,Alimentacion
379,2026-05-02,NETFLIX #6413,36.67,Ocio
379,2026-02-28,DIDI REF183499,111.01,Transporte
379,2026-06-30,ARA TIENDA #5279 BARRANQUILLA REF385615,17.93,Alimentacion
379,2026-06-24,HOME DEPOT MEXICO #8521,215.91,Vivienda
380,2026-03-07,ESTACION SERVICIO PRIMAX GUADALAJARA,162.66,Transporte
380,2026-02-24,COOMEVA MEDICINA PREPAGADA CARTAGENA,220.94,Salud
380,2026-04-26,CABIFY #9134 CARTAGENA,50.9,Transporte
380,2026-04-29,SUPERAMA,97.87,Alimentacion
380,2026-02-19,SORIANA #327 MONTERREY,132.16,Alimentacion
380,2026-04-28,IZZI TELECOM,59.66,Servicios
380,2026-04-30,TRANSFERENCIA NEQUI #7112,138.34,Otros
380,2026-04-17,ESTACION SERVICIO PRIMAX #1108 MONTERREY,75.87,Transporte
380,2026-03-22,CABIFY #5059 REF731235,37.65,Transporte
380,2026-06-07,FACTURA ACUEDUCTO,68.87,Servicios
380,2026-04-12,GASOLINERA PEMEX,205.98,Transporte
380,2026-07-31,OXXO,68.73,Alimentacion
380,2026-04-06,SPOTIFY PREMIUM MONTERREY,81.52,Ocio
380,2026-05-23,FARMATODO #4315,138.4,Salud
380,2026-07-18,TELMEX INTERNET HOGAR #8876 REF373087,24.59,Servicios
380,2026-06-28,FARMACIAS GUADALAJARA,154.04,Salud
380,2026-05-03,BODEGA AURRERA #7157 PUEBLA,192.56,Alimentacion
380,2026-06-02,CONSULTORIO IMSS #7302 CUCUTA,161.27,Salud
380,2026-05-23,OXXO #5168 PUEBLA,236.75,Alimentacion
380,2026-07-27,DEPOSITO BANCO AZTECA #369,59.12,Otros
380,2026-03-06,SUPERMERCADO D1,32.42,Alimentacion
380,2026-05-05,COMBUSTIBLE TERPEL,197.31,Transporte
380,2026-02-20,FACTURA ENERGIA ENEL CODENSA BARRANQUILLA,66.06,Servicios
380,2026-02-07,SUPERMERCADO D1 CIUDAD DE MEXICO REF446895,159.87,Alimentacion
381,2026-03-26,TELCEL PLAN CELULAR,34.54,Servicios
381,2026-06-03,UBER,172.25,Transporte
381,2026-03-15,CINEPOLIS #583,32.83,Ocio
381,2026-06-14,STEAM VIDEOJUEGOS,94.68,Ocio
381,2026-03-23,FARMACIA CRUZ VERDE,283.84,Salud
381,2026-03-10,CHEDRAUI MEDELLIN,147.22,Alimentacion
381,2026-03-20,UBER,118.01,Transporte
381,2026-04-15,COMBUSTIBLE TERPEL,102.21,Transporte
381,2026-06-08,WALMART SUPERCENTER,94.73,Alimentacion
381,2026-05-01,RENTA DEPARTAMENTO #8853,387.83,Vivienda
381,2026-07-23,STEAM VIDEOJUEGOS #9598 REF238577,80.35,Ocio
381,2026-07-19,DISNEY PLUS #6659,128.25,Ocio
381,2026-03-17,DAVIPLATA #441,169.42,Otros
381,2026-05-27,CHEDRAUI #2848 BARRANQUILLA,234.16,Alimentacion
381,2026-07-11,DEPOSITO BANCO AZTECA #7926 MEDELLIN,161.15,Otros
381,2026-07-17,HOME DEPOT MEXICO REF289660,383.92,Vivienda
381,2026-07-13,FARMACIAS SIMILARES #3045,202.37,Salud
381,2026-04-22,FARMACIAS DEL AHORRO REF769643,270.09,Salud
381,2026-03-07,DIDI #1185,88.59,Transporte
382,2026-06-12,DIDI #508 REF817951,114.16,Transporte
382,2026-07-08,EXITO #6428 MONTERREY,79.82,Alimentacion
382,2026-04-26,COMBUSTIBLE TERPEL #8165 QUERETARO,165.32,Transporte
382,2026-06-24,FACTURA CFE #717 REF411180,89.55,Servicios
382,2026-05-16,CINE COLOMBIA #8140 CALI,87.62,Ocio
382,2026-04-22,GASOLINERA PEMEX REF150587,74.58,Transporte
382,2026-02-23,CHEDRAUI GUADALAJARA,135.13,Alimentacion
382,2026-07-25,JUMBO #2031 GUADALAJARA REF737614,170.51,Alimentacion
382,2026-02-14,CINEPOLIS #8833,55.61,Ocio
382,2026-02-18,EXITO,61.58,Alimentacion
382,2026-04-29,PAGO MULTA TRANSITO,173.48,Otros
382,2026-02-21,COMBUSTIBLE TERPEL,112.29,Transporte
382,2026-03-28,STEAM VIDEOJUEGOS,96.74,Ocio
383,2026-03-04,RETIRO CAJERO AUTOMATICO,102.39,Otros
383,2026-03-15,TRANSFERENCIA NEQUI,94.52,Otros
383,2026-05-19,TELCEL PLAN CELULAR #3658,33.2,Servicios
383,2026-06-17,TRANSMILENIO #3573 PUEBLA,109.22,Transporte
383,2026-04-03,CHEDRAUI CALI,53.97,Alimentacion
383,2026-04-11,GASOLINERA PEMEX #3414,35.23,Transporte
383,2026-07-05,FARMATODO CALI,280.8,Salud
383,2026-05-03,DISNEY PLUS REF983621,80.62,Ocio
383,2026-02-06,SPOTIFY PREMIUM #2971,87.44,Ocio
383,2026-05-26,EXITO,114.47,Alimentacion
384,2026-03-25,BAR RESTAURANTE AMIGOS CALI,26.52,Ocio
384,2026-02-07,JUMBO CIUDAD DE MEXICO,80.45,Alimentacion
384,2026-02-02,PAGO MULTA TRANSITO MEDELLIN REF212216,58.56,Otros
384,2026-02-13,ESTACION SERVICIO PRIMAX #8796,64.18,Transporte
384,2026-06-29,PAGO MULTA TRANSITO,155.42,Otros
384,2026-04-07,SUPERMERCADO D1,18.29,Alimentacion
384,2026-03-19,EXITO #207,29.79,Alimentacion
384,2026-05-03,FACTURA CFE #5132 GUADALAJARA,51.98,Servicios
385,2026-05-11,UBER #7744 CALI,95.86,Transporte
385,2026-03-28,DIDI,91.58,Transporte
385,2026-04-24,MOVISTAR PLAN CELULAR REF756920,30.38,Servicios
385,2026-07-24,SUPERMERCADO D1,185.8,Alimentacion
385,2026-02-16,SUPERAMA,192.55,Alimentacion
385,2026-07-07,COURSERA CURSO ONLINE #1356,295.33,Educacion
385,2026-06-04,TELCEL PLAN CELULAR,113.34,Servicios
385,2026-07-12,JUMBO #8149 QUERETARO,10.01,Alimentacion
385,2026-05-04,TELMEX INTERNET HOGAR,143.78,Servicios
385,2026-02-07,MOVISTAR PLAN CELULAR #8375 REF231811,124.92,Servicios
385,2026-05-10,FARMACIA CRUZ VERDE #9070,272.63,Salud
385,2026-05-03,TELCEL PLAN CELULAR #3262 PUEBLA,17.11,Servicios
385,2026-03-08,HOME DEPOT MEXICO CUCUTA,616.93,Vivienda
385,2026-02-24,ARA TIENDA #8741 MONTERREY,220.55,Alimentacion
385,2026-02-01,MOVISTAR PLAN CELULAR #2475 QUERETARO,128.02,Servicios
385,2026-07-26,DIDI #8894,28.66,Transporte
385,2026-04-22,FACTURA CFE #2237,114.74,Servicios
386,2026-05-07,NETFLIX REF989753,121.61,Ocio
386,2026-03-19,SUPERAMA #9753 BARRANQUILLA,29.78,Alimentacion
386,2026-06-14,FARMACIAS SIMILARES #7911,157.82,Salud
386,2026-04-19,ESTACION SERVICIO PRIMAX #9281,147.39,Transporte
386,2026-05-28,EXITO #1808,215.9,Alimentacion
386,2026-02-25,METROBUS CDMX #3083 REF520411,126.6,Transporte
386,2026-04-28,UBER PUEBLA REF599818,191.78,Transporte
386,2026-05-26,CARULLA #2452,254.92,Alimentacion
386,2026-05-02,FACTURA ENERGIA ENEL CODENSA REF124126,23.68,Servicios
386,2026-03-29,CONSULTORIO IMSS #5548,129.68,Salud
386,2026-02-11,GASOLINERA PEMEX REF672128,14.69,Transporte
386,2026-06-11,SUPERMERCADO D1 #861,95.65,Alimentacion
386,2026-06-29,GASOLINERA PEMEX,117.37,Transporte
386,2026-07-28,HOMECENTER #8965,605.4,Vivienda
386,2026-02-02,TELMEX INTERNET HOGAR,129.28,Servicios
386,2026-02-14,DAVIPLATA #4393 TIJUANA,31.67,Otros
386,2026-02-12,SUPERAMA #7677,34.19,Alimentacion
387,2026-03-10,MOVISTAR PLAN CELULAR,69.35,Servicios
387,2026-03-28,COURSERA CURSO ONLINE #1722 GUADALAJARA REF563933,358.86,Educacion
387,2026-02-27,TELMEX INTERNET HOGAR #8323 REF974303,66.83,Servicios
387,2026-05-28,BODEGA AURRERA #7487 GUADALAJARA,201.57,Alimentacion
387,2026-06-21,OXXO #3250 MONTERREY,133.74,Alimentacion
387,2026-04-23,SUPERAMA #6692 MEDELLIN,41.87,Alimentacion
387,2026-06-29,GASOLINERA PEMEX #9357 CIUDAD DE MEXICO,195.59,Transporte
387,2026-06-18,RECARGA OXXO #7516,87.2,Otros
387,2026-03-12,SORIANA #3023 REF114028,200.97,Alimentacion
387,2026-03-12,BODEGA AURRERA REF651216,105.47,Alimentacion
388,2026-03-19,FACTURA ENERGIA ENEL CODENSA #3296 REF516592,138.51,Servicios
388,2026-07-18,EPS SURA COPAGO,154.42,Salud
388,2026-04-14,ADMINISTRACION CONJUNTO RESIDENCIAL #1255 MONTERREY REF900685,375.13,Vivienda
388,2026-04-26,DISNEY PLUS QUERETARO,29.92,Ocio
388,2026-02-03,RENTA DEPARTAMENTO #6101 CARTAGENA,303.83,Vivienda
388,2026-02-08,BODEGA AURRERA BOGOTA,21.01,Alimentacion
388,2026-02-04,PAGO MULTA TRANSITO REF961349,117.7,Otros
388,2026-06-01,DISNEY PLUS,36.07,Ocio
389,2026-03-15,TELCEL PLAN CELULAR #9645,119.61,Servicios
389,2026-06-25,CINEPOLIS REF738976,21.21,Ocio
389,2026-03-24,COOMEVA MEDICINA PREPAGADA,144.32,Salud
389,2026-02-14,CABIFY,111.39,Transporte
389,2026-07-25,OXXO CIUDAD DE MEXICO REF729009,188.72,Alimentacion
389,2026-07-09,PEAJE AUTOPISTA #3507 TIJUANA REF529267,136.66,Transporte
389,2026-02-25,COMBUSTIBLE TERPEL,172.14,Transporte
389,2026-06-14,DIDI #5469 REF144195,18.95,Transporte
389,2026-03-10,SPOTIFY PREMIUM #4413 REF174483,42.06,Ocio
389,2026-03-21,ARRIENDO APARTAMENTO #2749,290.07,Vivienda
389,2026-06-17,METROBUS CDMX #4318 BOGOTA,39.2,Transporte
389,2026-03-15,PEAJE AUTOPISTA,67.84,Transporte
389,2026-03-11,PAGO MULTA TRANSITO,62.66,Otros
390,2026-02-13,COMBUSTIBLE TERPEL #8254 CUCUTA,14.74,Transporte
390,2026-05-08,TELMEX INTERNET HOGAR #2506,25.77,Servicios
390,2026-03-13,UBER REF820970,93.59,Transporte
390,2026-06-29,COMBUSTIBLE TERPEL #5661,198.58,Transporte
390,2026-02-16,FARMACIAS SIMILARES CALI,220.63,Salud
390,2026-07-02,PLATZI CURSO ONLINE REF461710,58.05,Educacion
390,2026-05-24,NETFLIX #7447,110.79,Ocio
390,2026-02-05,FARMACIA CRUZ VERDE,223.71,Salud
391,2026-07-18,TRANSFERENCIA MERCADO PAGO #4832,103.3,Otros
391,2026-02-23,ADMINISTRACION CONDOMINIO #7300 MONTERREY,419.16,Vivienda
391,2026-02-21,SUPERAMA #6941 TIJUANA,156.92,Alimentacion
391,2026-06-27,FARMATODO,285.38,Salud
391,2026-03-31,SUPERMERCADO D1 #352,244.58,Alimentacion
391,2026-06-14,PAGO MULTA TRANSITO #7189,158.87,Otros
391,2026-05-01,PAGO INFONAVIT #5739,550.71,Vivienda
391,2026-03-15,UBER,198.69,Transporte
391,2026-06-19,DIDI MONTERREY,29.7,Transporte
391,2026-07-18,FACTURA CFE REF147146,50.79,Servicios
391,2026-05-29,WALMART SUPERCENTER #6738,138.71,Alimentacion
391,2026-02-19,CHEDRAUI,230.1,Alimentacion
391,2026-05-13,FACTURA CFE #199 MEDELLIN,83.2,Servicios
392,2026-05-07,TELCEL PLAN CELULAR #3308,62.23,Servicios
392,2026-06-11,FACTURA ACUEDUCTO,110.62,Servicios
392,2026-05-09,AGENCIA DE VIAJES,50.98,Ocio
392,2026-05-29,DISNEY PLUS #8693,74.41,Ocio
392,2026-04-04,RECARGA OXXO #1354,26.99,Otros
392,2026-04-26,FACTURA ACUEDUCTO,123.68,Servicios
392,2026-03-14,METROBUS CDMX #3273,83.98,Transporte
392,2026-04-10,FACTURA ENERGIA ENEL CODENSA,102.55,Servicios
392,2026-05-28,JUMBO #6909,198.6,Alimentacion
392,2026-02-03,ICETEX CREDITO EDUCATIVO,103.62,Educacion
392,2026-04-22,ADMINISTRACION CONDOMINIO,592.34,Vivienda
392,2026-04-05,FACTURA ACUEDUCTO,98.19,Servicios
392,2026-02-23,UBER BARRANQUILLA REF927761,95.75,Transporte
392,2026-03-09,UBER #1203,46.47,Transporte
392,2026-07-26,FARMACIA CRUZ VERDE MEDELLIN REF540319,283.56,Salud
392,2026-03-17,METROBUS CDMX #2392,161.01,Transporte
392,2026-04-09,FARMACIAS DEL AHORRO,74.29,Salud
392,2026-07-08,UBER #1641,77.54,Transporte
393,2026-05-31,AGENCIA DE VIAJES MONTERREY,53.31,Ocio
393,2026-05-09,GASOLINERA PEMEX #3965,52.25,Transporte
393,2026-06-15,DISNEY PLUS #6158 REF885534,84.08,Ocio
393,2026-06-16,UBER MEDELLIN,205.2,Transporte
393,2026-05-20,CONSULTORIO IMSS #3502,103.52,Salud
393,2026-04-04,BAR RESTAURANTE AMIGOS #8223 REF204473,62.62,Ocio
393,2026-03-29,EXITO #1316 CIUDAD DE MEXICO REF761989,185.24,Alimentacion
393,2026-04-26,GASOLINERA PEMEX #3501 CIUDAD DE MEXICO REF781105,118.3,Transporte
393,2026-02-18,ICETEX CREDITO EDUCATIVO #6107 REF523059,341.29,Educacion
393,2026-05-08,OXXO,208.05,Alimentacion
393,2026-02-18,WALMART SUPERCENTER,25.16,Alimentacion
393,2026-02-15,ADMINISTRACION CONJUNTO RESIDENCIAL REF237055,649.21,Vivienda
393,2026-02-13,SORIANA,205.62,Alimentacion
393,2026-05-30,UBER #940,182.78,Transporte
393,2026-04-30,METROBUS CDMX #2860 CARTAGENA,140.24,Transporte
393,2026-06-04,COOMEVA MEDICINA PREPAGADA #6745,259.04,Salud
393,2026-02-19,FACTURA ENERGIA ENEL CODENSA #8797 REF481462,30.17,Servicios
393,2026-02-11,JUMBO #8157 CARTAGENA,100.41,Alimentacion
393,2026-03-02,WALMART SUPERCENTER #5960,237.87,Alimentacion
393,2026-04-10,DISNEY PLUS,30.21,Ocio
393,2026-03-28,DIDI CARTAGENA,25.65,Transporte
393,2026-07-31,MOVISTAR PLAN CELULAR,121.4,Servicios
393,2026-05-15,DISNEY PLUS #6462 TIJUANA,109.44,Ocio
394,2026-04-22,CHEDRAUI CIUDAD DE MEXICO,84.06,Alimentacion
394,2026-07-22,UBER,111.03,Transporte
394,2026-06-27,TELMEX INTERNET HOGAR,86.73,Servicios
394,2026-02-05,SUPERMERCADO D1 #790 BOGOTA REF350691,219.45,Alimentacion
394,2026-04-02,CARULLA,215.75,Alimentacion
394,2026-07-11,RETIRO CAJERO AUTOMATICO CUCUTA,108.83,Otros
394,2026-06-22,FARMATODO REF151812,237.52,Salud
394,2026-07-01,SPOTIFY PREMIUM #2466 MONTERREY,28.97,Ocio
394,2026-06-24,CABIFY,20.01,Transporte
394,2026-02-02,CABIFY #4029 CUCUTA,184.73,Transporte
394,2026-06-18,EXITO #2220,29.64,Alimentacion
394,2026-03-28,DISNEY PLUS #3963,35.84,Ocio
394,2026-07-02,CINE COLOMBIA #2750,91.91,Ocio
394,2026-02-03,IZZI TELECOM BARRANQUILLA,70.28,Servicios
394,2026-03-16,BAR RESTAURANTE AMIGOS,114.54,Ocio
394,2026-07-31,CONSULTORIO IMSS #6045 MEDELLIN,99.92,Salud
394,2026-06-01,NETFLIX BOGOTA,6.48,Ocio
394,2026-05-07,CABIFY #3175,70.13,Transporte
394,2026-06-11,CABIFY #8126,125.62,Transporte
395,2026-04-07,WALMART SUPERCENTER,269.64,Alimentacion
395,2026-06-12,TRANSFERENCIA NEQUI,50.02,Otros
395,2026-03-18,ADMINISTRACION CONJUNTO RESIDENCIAL #7180 CALI REF268416,513.49,Vivienda
395,2026-06-16,TRANSFERENCIA NEQUI REF441239,74.27,Otros
395,2026-07-24,MOVISTAR PLAN CELULAR #557,16.09,Servicios
395,2026-02-06,FARMACIAS DEL AHORRO REF854024,17.64,Salud
395,2026-06-14,JUMBO #2914,129.75,Alimentacion
395,2026-03-20,DISNEY PLUS #6156,66.04,Ocio
395,2026-07-23,MOVISTAR PLAN CELULAR QUERETARO,18.05,Servicios
395,2026-04-05,CABIFY REF773943,147.39,Transporte
395,2026-06-02,UBER,68.8,Transporte
395,2026-02-25,OXXO #9643,155.57,Alimentacion
395,2026-05-05,ARA TIENDA,88.24,Alimentacion
395,2026-05-04,STEAM VIDEOJUEGOS QUERETARO,25.89,Ocio
395,2026-07-28,CONSULTORIO IMSS #3080,131.04,Salud
395,2026-02-27,EXITO REF556897,70.39,Alimentacion
395,2026-05-03,FARMACIAS DEL AHORRO #7577 QUERETARO,167.42,Salud
395,2026-04-25,BODEGA AURRERA #9073 CARTAGENA,61.7,Alimentacion
395,2026-02-11,RETIRO CAJERO AUTOMATICO,96.43,Otros
395,2026-06-17,PAGO MULTA TRANSITO,36.75,Otros
395,2026-02-10,CABIFY,144.19,Transporte
395,2026-04-28,FACTURA ACUEDUCTO REF886887,116.78,Servicios
395,2026-04-18,DIDI #5068 REF791759,32.08,Transporte
395,2026-05-12,PEAJE AUTOPISTA #9432,103.56,Transporte
395,2026-05-09,CINEPOLIS #4169 BARRANQUILLA REF403102,13.86,Ocio
395,2026-06-26,EPS SURA COPAGO #5345 QUERETARO,185.48,Salud
396,2026-06-08,TRANSMILENIO #1061,126.6,Transporte
396,2026-05-07,STEAM VIDEOJUEGOS #4466 MEDELLIN REF168113,55.21,Ocio
396,2026-04-29,TELCEL PLAN CELULAR REF872964,143.13,Servicios
396,2026-04-20,CARULLA CARTAGENA REF908801,212.07,Alimentacion
396,2026-02-15,METROBUS CDMX #9095,67.08,Transporte
396,2026-06-02,TELCEL PLAN CELULAR #2775,128.97,Servicios
396,2026-07-14,SUPERAMA REF141726,122.42,Alimentacion
396,2026-02-26,FARMATODO #4851 REF510757,251.17,Salud
396,2026-02-14,CLARO HOGAR INTERNET #8443,126.09,Servicios
396,2026-07-16,JUMBO #1239,59.11,Alimentacion
397,2026-02-28,FACTURA CFE BOGOTA,111.56,Servicios
397,2026-02-10,SORIANA #4440 MEDELLIN REF142048,54.51,Alimentacion
397,2026-07-29,RECARGA OXXO CARTAGENA,27.76,Otros
397,2026-07-22,WALMART SUPERCENTER,71.75,Alimentacion
397,2026-02-16,COMBUSTIBLE TERPEL,85.98,Transporte
397,2026-07-26,CARULLA #3834 REF522720,133.74,Alimentacion
397,2026-02-06,SPOTIFY PREMIUM #2255,10.57,Ocio
397,2026-06-30,WALMART SUPERCENTER REF451224,262.35,Alimentacion
397,2026-04-28,SORIANA #7814,196.18,Alimentacion
397,2026-07-29,FACTURA CFE #6537 CIUDAD DE MEXICO,58.63,Servicios
397,2026-07-22,IZZI TELECOM #5303 REF832708,58.02,Servicios
397,2026-05-10,AGENCIA DE VIAJES BOGOTA,61.07,Ocio
397,2026-04-11,FARMACIAS DEL AHORRO #2996 REF642701,193.48,Salud
397,2026-05-11,FACTURA ENERGIA ENEL CODENSA,34.76,Servicios
398,2026-02-14,FARMACIAS SIMILARES #344,204.0,Salud
398,2026-07-06,MOVISTAR PLAN CELULAR,61.13,Servicios
398,2026-02-25,HOME DEPOT MEXICO REF723988,491.85,Vivienda
398,2026-03-03,FACTURA ACUEDUCTO #7500 REF929775,17.66,Servicios
398,2026-07-12,SUPERAMA #8632,201.27,Alimentacion
398,2026-06-12,GASOLINERA PEMEX,107.4,Transporte
398,2026-06-17,UBER CIUDAD DE MEXICO,172.64,Transporte
398,2026-05-21,BAR RESTAURANTE AMIGOS,124.33,Ocio
398,2026-06-27,SPOTIFY PREMIUM #1248 REF771657,120.72,Ocio
398,2026-04-02,IZZI TELECOM #4541 QUERETARO,137.75,Servicios
398,2026-07-29,CINE COLOMBIA,69.02,Ocio
398,2026-02-19,DISNEY PLUS #981,50.02,Ocio
398,2026-06-16,TRANSMILENIO #1690,103.01,Transporte
398,2026-04-23,SUPERMERCADO D1,189.37,Alimentacion
398,2026-07-02,FACTURA ENERGIA ENEL CODENSA #2574,134.34,Servicios
399,2026-03-03,TELCEL PLAN CELULAR #9311,136.4,Servicios
399,2026-07-31,ESTACION SERVICIO PRIMAX REF384026,134.75,Transporte
399,2026-03-31,FACTURA ENERGIA ENEL CODENSA TIJUANA,15.76,Servicios
399,2026-06-09,METROBUS CDMX #6850 MONTERREY,47.26,Transporte
399,2026-02-02,BODEGA AURRERA REF510038,35.93,Alimentacion
399,2026-07-25,METROBUS CDMX #5676,82.66,Transporte
399,2026-07-20,TELMEX INTERNET HOGAR PUEBLA REF328708,82.68,Servicios
399,2026-05-03,CABIFY #9775,18.68,Transporte
399,2026-07-12,PLATZI CURSO ONLINE,155.68,Educacion
399,2026-04-16,CINEPOLIS,27.4,Ocio
399,2026-03-04,EXITO #3050,178.24,Alimentacion
399,2026-03-24,FACTURA ENERGIA ENEL CODENSA #1610,77.68,Servicios
399,2026-03-20,JUMBO,138.78,Alimentacion
399,2026-02-03,COMBUSTIBLE TERPEL #1634,95.54,Transporte
399,2026-07-26,CARULLA,258.57,Alimentacion
399,2026-06-11,COURSERA CURSO ONLINE GUADALAJARA,105.53,Educacion
399,2026-06-28,FARMATODO #7403,162.25,Salud
399,2026-06-11,TRANSFERENCIA MERCADO PAGO #8920 MONTERREY,135.12,Otros
399,2026-04-30,ARRIENDO APARTAMENTO #8221 CIUDAD DE MEXICO,428.42,Vivienda
399,2026-05-09,PAGO MULTA TRANSITO,167.93,Otros
400,2026-02-28,SUPERAMA,51.68,Alimentacion
400,2026-07-25,RENTA DEPARTAMENTO #1814 GUADALAJARA,422.27,Vivienda
400,2026-07-30,OXXO #134 CUCUTA,148.4,Alimentacion
400,2026-03-01,CINE COLOMBIA #1686,14.48,Ocio
400,2026-03-17,FACTURA ENERGIA ENEL CODENSA,109.26,Servicios
400,2026-03-26,FARMACIAS GUADALAJARA #6662,192.78,Salud
400,2026-05-19,DAVIPLATA #9917 CUCUTA,42.13,Otros
400,2026-06-29,FARMACIAS SIMILARES,148.79,Salud
400,2026-07-27,IZZI TELECOM REF209738,112.24,Servicios
400,2026-05-15,COMBUSTIBLE TERPEL #6351 CALI,115.89,Transporte
400,2026-03-18,PAGO MULTA TRANSITO #5524,77.23,Otros
400,2026-02-22,BAR RESTAURANTE AMIGOS,45.29,Ocio
400,2026-05-22,CINE COLOMBIA,81.3,Ocio
400,2026-04-10,ESTACION SERVICIO PRIMAX MONTERREY,197.82,Transporte
400,2026-02-10,GASOLINERA PEMEX #3767,144.35,Transporte
400,2026-07-22,IZZI TELECOM,25.09,Servicios
400,2026-04-03,FACTURA ENERGIA ENEL CODENSA,77.19,Servicios
400,2026-05-27,AGENCIA DE VIAJES #3640 QUERETARO,116.35,Ocio
401,2026-05-05,SUPERMERCADO D1 #9826 GUADALAJARA,18.79,Alimentacion
401,2026-06-21,ARA TIENDA #1384,164.22,Alimentacion
401,2026-04-18,SORIANA #174,58.55,Alimentacion
401,2026-02-22,EXITO #7099,99.95,Alimentacion
401,2026-04-30,CABIFY CARTAGENA,79.59,Transporte
401,2026-07-21,CINE COLOMBIA,63.63,Ocio
401,2026-03-06,FACTURA CFE REF343859,60.11,Servicios
401,2026-04-26,CINE COLOMBIA,18.42,Ocio
401,2026-05-17,MATRICULA UNAM MEDELLIN,79.61,Educacion
401,2026-05-08,BAR RESTAURANTE AMIGOS QUERETARO,9.18,Ocio
401,2026-07-12,ICETEX CREDITO EDUCATIVO,201.34,Educacion
401,2026-07-05,TRANSMILENIO #372,200.89,Transporte
401,2026-07-26,FACTURA CFE,30.62,Servicios
401,2026-05-31,EXITO,256.03,Alimentacion
401,2026-02-27,HOMECENTER PUEBLA,516.68,Vivienda
401,2026-06-10,COURSERA CURSO ONLINE #4578,264.06,Educacion
401,2026-06-24,FARMATODO #8151,198.9,Salud
401,2026-03-01,RETIRO CAJERO AUTOMATICO #5154 CALI REF309714,150.54,Otros
401,2026-04-13,COMBUSTIBLE TERPEL,31.38,Transporte
401,2026-05-11,UBER #666 REF886330,110.95,Transporte
401,2026-04-07,BAR RESTAURANTE AMIGOS,92.14,Ocio
401,2026-07-10,SORIANA #3061,162.57,Alimentacion
401,2026-04-11,MATRICULA UNIVERSIDAD NACIONAL REF431337,337.29,Educacion
401,2026-02-05,ESTACION SERVICIO PRIMAX,24.45,Transporte
401,2026-07-12,JUMBO,189.58,Alimentacion
401,2026-04-01,CABIFY,116.81,Transporte
402,2026-03-01,SORIANA #8170,224.43,Alimentacion
402,2026-05-09,COMBUSTIBLE TERPEL QUERETARO,90.43,Transporte
402,2026-02-28,PEAJE AUTOPISTA,30.48,Transporte
402,2026-03-11,TELCEL PLAN CELULAR,23.3,Servicios
402,2026-04-02,AGENCIA DE VIAJES #4371 CUCUTA,11.42,Ocio
402,2026-07-30,FARMACIAS DEL AHORRO #3266,123.34,Salud
402,2026-04-12,EPS SURA COPAGO #5933,111.11,Salud
402,2026-04-30,ICETEX CREDITO EDUCATIVO,294.23,Educacion
402,2026-07-28,METROBUS CDMX #4225,158.56,Transporte
402,2026-03-07,JUMBO,23.22,Alimentacion
402,2026-05-16,CHEDRAUI #5965,67.49,Alimentacion
402,2026-07-23,CLARO HOGAR INTERNET #904,52.03,Servicios
402,2026-02-03,GASOLINERA PEMEX #6616,119.52,Transporte
402,2026-07-14,SUPERAMA,47.57,Alimentacion
402,2026-02-26,HOME DEPOT MEXICO,216.97,Vivienda
402,2026-06-24,CHEDRAUI #4032,255.39,Alimentacion
402,2026-05-23,TRANSFERENCIA MERCADO PAGO #5886,146.71,Otros
402,2026-02-12,FACTURA CFE #2253,39.39,Servicios
402,2026-06-16,CINE COLOMBIA,55.82,Ocio
402,2026-07-30,FARMACIA CRUZ VERDE #4352,116.35,Salud
403,2026-03-11,BAR RESTAURANTE AMIGOS,67.22,Ocio
403,2026-05-27,FACTURA ENERGIA ENEL CODENSA REF981542,61.32,Servicios
403,2026-07-03,ADMINISTRACION CONJUNTO RESIDENCIAL #5135,270.95,Vivienda
403,2026-05-05,PEAJE AUTOPISTA #7971,89.7,Transporte
403,2026-06-07,RETIRO CAJERO AUTOMATICO REF612531,13.26,Otros
403,2026-06-11,METROBUS CDMX MONTERREY,164.5,Transporte
403,2026-03-08,EXITO,54.45,Alimentacion
403,2026-04-14,FACTURA ACUEDUCTO #6905,20.93,Servicios
403,2026-03-06,SUPERAMA,179.96,Alimentacion
403,2026-06-15,TELCEL PLAN CELULAR #6543 QUERETARO REF245349,119.48,Servicios
403,2026-03-12,CABIFY #8194,172.77,Transporte
403,2026-04-09,COMBUSTIBLE TERPEL,108.7,Transporte
403,2026-06-25,JUMBO,63.4,Alimentacion
403,2026-03-01,PEAJE AUTOPISTA #2926 CARTAGENA,157.45,Transporte
403,2026-04-09,NETFLIX MEDELLIN,92.46,Ocio
403,2026-07-07,WALMART SUPERCENTER #4785,74.03,Alimentacion
403,2026-07-15,PLATZI CURSO ONLINE REF289511,363.78,Educacion
403,2026-04-07,STEAM VIDEOJUEGOS #1608,18.05,Ocio
403,2026-07-02,PAGO MULTA TRANSITO #7103,177.06,Otros
403,2026-06-12,SORIANA CUCUTA,233.66,Alimentacion
403,2026-04-30,GASOLINERA PEMEX #5382,147.58,Transporte
404,2026-04-19,FARMATODO #2729,126.05,Salud
404,2026-03-07,ESTACION SERVICIO PRIMAX #9746,158.32,Transporte
404,2026-03-17,CONSULTORIO IMSS #3908 GUADALAJARA REF549414,125.14,Salud
404,2026-06-06,CLARO HOGAR INTERNET #3314 MEDELLIN,59.59,Servicios
404,2026-02-24,UBER #3261,129.07,Transporte
404,2026-05-16,CINE COLOMBIA #7203 TIJUANA,114.03,Ocio
404,2026-07-02,PLATZI CURSO ONLINE,42.84,Educacion
404,2026-04-08,SORIANA CALI,110.22,Alimentacion
404,2026-07-26,EPS SURA COPAGO,60.1,Salud
404,2026-06-17,GASOLINERA PEMEX #2396 REF969801,149.07,Transporte
404,2026-05-05,GASOLINERA PEMEX,31.14,Transporte
404,2026-03-05,BODEGA AURRERA REF703823,182.85,Alimentacion
404,2026-06-23,CONSULTORIO IMSS #2044 BOGOTA,96.56,Salud
405,2026-02-11,BODEGA AURRERA REF102704,107.86,Alimentacion
405,2026-03-28,HOME DEPOT MEXICO,486.13,Vivienda
405,2026-03-22,MATRICULA UNIVERSIDAD NACIONAL #1097,318.4,Educacion
405,2026-02-03,ARA TIENDA #604 CARTAGENA,148.0,Alimentacion
405,2026-07-01,DIDI QUERETARO,127.97,Transporte
405,2026-03-27,DAVIPLATA #4036,44.1,Otros
405,2026-05-07,CABIFY #1864 CARTAGENA,67.47,Transporte
405,2026-07-04,CLARO HOGAR INTERNET,36.86,Servicios
405,2026-03-28,NETFLIX CIUDAD DE MEXICO,36.16,Ocio
405,2026-04-28,TELMEX INTERNET HOGAR REF981775,45.36,Servicios
405,2026-07-25,PLATZI CURSO ONLINE CIUDAD DE MEXICO REF697710,219.79,Educacion
405,2026-02-12,RETIRO CAJERO AUTOMATICO #8617 MEDELLIN,105.66,Otros
405,2026-02-20,SORIANA #6407 PUEBLA,255.69,Alimentacion
405,2026-06-29,TRANSFERENCIA NEQUI,43.25,Otros
405,2026-02-20,BODEGA AURRERA #2009,176.84,Alimentacion
405,2026-04-12,MATRICULA UNIVERSIDAD NACIONAL #3033,331.47,Educacion
405,2026-03-10,FARMACIAS DEL AHORRO,174.67,Salud
405,2026-07-20,FACTURA ENERGIA ENEL CODENSA,49.43,Servicios
405,2026-07-07,GASOLINERA PEMEX,62.51,Transporte
405,2026-02-18,MOVISTAR PLAN CELULAR #4733 CARTAGENA,20.3,Servicios
405,2026-07-11,DEPOSITO BANCO AZTECA,61.93,Otros
405,2026-06-01,ADMINISTRACION CONDOMINIO #3360,522.3,Vivienda
405,2026-04-10,SPOTIFY PREMIUM,10.94,Ocio
405,2026-03-24,TELMEX INTERNET HOGAR #8412,44.6,Servicios
406,2026-07-23,NETFLIX #3198 REF114690,24.99,Ocio
406,2026-05-09,COLEGIATURA COLEGIO PRIVADO,174.31,Educacion
406,2026-03-14,FARMACIAS GUADALAJARA #3375,180.29,Salud
406,2026-06-22,CHEDRAUI #7508,256.49,Alimentacion
406,2026-05-14,OXXO,27.88,Alimentacion
406,2026-03-12,CINE COLOMBIA,68.42,Ocio
406,2026-02-14,ARA TIENDA #467,95.52,Alimentacion
406,2026-05-30,JUMBO #1038,142.16,Alimentacion
406,2026-05-01,TELCEL PLAN CELULAR #648 BARRANQUILLA,18.24,Servicios
406,2026-02-07,ESTACION SERVICIO PRIMAX,72.61,Transporte
406,2026-02-08,JUMBO QUERETARO,223.17,Alimentacion
406,2026-05-10,UBER #4179,120.79,Transporte
406,2026-02-04,PAGO MULTA TRANSITO #4506 CALI,86.6,Otros
406,2026-06-30,CONSULTORIO IMSS #1059,96.37,Salud
406,2026-05-14,GASOLINERA PEMEX #7166 MEDELLIN,69.61,Transporte
406,2026-06-27,CINE COLOMBIA #719,52.89,Ocio
406,2026-04-17,RENTA DEPARTAMENTO CIUDAD DE MEXICO,567.79,Vivienda
406,2026-07-16,COLEGIATURA COLEGIO PRIVADO #1542,387.7,Educacion
406,2026-04-06,CARULLA #3492 QUERETARO REF540156,124.05,Alimentacion
406,2026-04-04,BAR RESTAURANTE AMIGOS #6140,54.17,Ocio
407,2026-05-14,SUPERAMA,212.99,Alimentacion
407,2026-07-26,ARA TIENDA #6540 REF629852,65.9,Alimentacion
407,2026-06-10,FARMACIAS DEL AHORRO,218.96,Salud
407,2026-06-20,NETFLIX #6116 QUERETARO,105.01,Ocio
407,2026-04-08,SPOTIFY PREMIUM #3891,48.26,Ocio
407,2026-06-30,SPOTIFY PREMIUM #8323,26.58,Ocio
407,2026-05-03,PAGO INFONAVIT,151.32,Vivienda
407,2026-04-28,FARMATODO #5607 BARRANQUILLA,143.51,Salud
407,2026-06-29,SORIANA #5300 MEDELLIN,101.63,Alimentacion
407,2026-06-18,DISNEY PLUS #8693,74.36,Ocio
407,2026-02-17,NETFLIX CALI,28.51,Ocio
407,2026-05-25,ADMINISTRACION CONJUNTO RESIDENCIAL #1842,579.83,Vivienda
407,2026-07-03,JUMBO,77.02,Alimentacion
408,2026-06-03,WALMART SUPERCENTER REF490990,54.12,Alimentacion
408,2026-07-28,EXITO MEDELLIN,196.8,Alimentacion
408,2026-07-10,ARA TIENDA #7051,210.22,Alimentacion
408,2026-07-24,METROBUS CDMX,102.47,Transporte
408,2026-04-01,PLATZI CURSO ONLINE #2362,292.78,Educacion
408,2026-04-20,SUPERAMA #969,201.34,Alimentacion
408,2026-04-07,IZZI TELECOM,33.67,Servicios
408,2026-07-12,TELMEX INTERNET HOGAR #9793,145.43,Servicios
408,2026-02-23,WALMART SUPERCENTER #7437,223.47,Alimentacion
408,2026-04-17,IZZI TELECOM #7427 REF692169,42.61,Servicios
408,2026-05-12,NETFLIX #1836,28.27,Ocio
408,2026-03-30,WALMART SUPERCENTER MEDELLIN REF984330,42.67,Alimentacion
408,2026-03-08,FARMACIA CRUZ VERDE QUERETARO,54.44,Salud
408,2026-03-12,MOVISTAR PLAN CELULAR,116.0,Servicios
408,2026-07-12,JUMBO #1930,132.11,Alimentacion
409,2026-03-29,CONSULTORIO IMSS #5136,257.79,Salud
409,2026-07-14,CARULLA #8735,187.85,Alimentacion
409,2026-07-16,FARMATODO #9031 REF711212,90.63,Salud
409,2026-07-29,RENTA DEPARTAMENTO #6144,493.98,Vivienda
409,2026-05-15,JUMBO #6706,216.04,Alimentacion
409,2026-03-05,PEAJE AUTOPISTA,71.36,Transporte
409,2026-05-04,PAGO MULTA TRANSITO #4706,16.13,Otros
409,2026-02-21,TRANSFERENCIA MERCADO PAGO,168.57,Otros
409,2026-07-16,CHEDRAUI,99.75,Alimentacion
409,2026-06-18,CHEDRAUI,37.69,Alimentacion
409,2026-07-18,TRANSMILENIO #3456,108.37,Transporte
409,2026-07-02,PEAJE AUTOPISTA,163.69,Transporte
409,2026-04-10,OXXO #1211,67.63,Alimentacion
409,2026-04-10,FACTURA CFE,51.38,Servicios
409,2026-05-30,COURSERA CURSO ONLINE #2154,116.02,Educacion
409,2026-07-05,FACTURA ACUEDUCTO,148.88,Servicios
409,2026-05-22,METROBUS CDMX #4767 CUCUTA,49.48,Transporte
409,2026-07-24,TELMEX INTERNET HOGAR #7279,92.7,Servicios
409,2026-02-20,FACTURA ENERGIA ENEL CODENSA #7341,139.91,Servicios
409,2026-07-05,TELMEX INTERNET HOGAR BOGOTA REF305352,34.83,Servicios
410,2026-03-06,CHEDRAUI #5858 REF292348,56.91,Alimentacion
410,2026-02-16,TELMEX INTERNET HOGAR #2183 CARTAGENA,118.41,Servicios
410,2026-03-17,ADMINISTRACION CONJUNTO RESIDENCIAL #1813,319.4,Vivienda
410,2026-05-23,UBER #6711 REF885231,45.13,Transporte
410,2026-07-18,JUMBO #2315 REF233362,119.56,Alimentacion
410,2026-04-26,COMBUSTIBLE TERPEL #9452,168.77,Transporte
410,2026-03-22,COMBUSTIBLE TERPEL REF392126,102.97,Transporte
410,2026-06-18,NETFLIX,72.19,Ocio
410,2026-03-07,COMBUSTIBLE TERPEL,209.03,Transporte
410,2026-05-04,TRANSMILENIO QUERETARO REF863665,89.82,Transporte
410,2026-05-07,BODEGA AURRERA #1959,170.0,Alimentacion
410,2026-05-25,ADMINISTRACION CONDOMINIO #5854 CIUDAD DE MEXICO,332.62,Vivienda
410,2026-07-23,EXITO,112.12,Alimentacion
410,2026-07-07,BAR RESTAURANTE AMIGOS #658 CIUDAD DE MEXICO REF295560,91.96,Ocio
410,2026-02-27,RETIRO CAJERO AUTOMATICO,169.44,Otros
410,2026-04-12,CABIFY,118.47,Transporte
411,2026-07-20,HOME DEPOT MEXICO CALI REF619320,157.48,Vivienda
411,2026-06-19,ADMINISTRACION CONJUNTO RESIDENCIAL #841,282.27,Vivienda
411,2026-03-08,CHEDRAUI #9888,143.65,Alimentacion
411,2026-07-10,SORIANA #4901 QUERETARO,159.02,Alimentacion
411,2026-03-18,BAR RESTAURANTE AMIGOS,120.72,Ocio
411,2026-07-01,TRANSMILENIO,139.07,Transporte
411,2026-03-18,ARA TIENDA #5835 PUEBLA REF317975,117.83,Alimentacion
411,2026-03-19,SUPERMERCADO D1 #7726 REF400441,251.89,Alimentacion
411,2026-03-13,FARMACIAS SIMILARES,238.69,Salud
411,2026-07-03,TELCEL PLAN CELULAR,42.0,Servicios
412,2026-06-28,DIDI,135.04,Transporte
412,2026-05-16,CINE COLOMBIA #9733 REF226633,128.3,Ocio
412,2026-07-23,FACTURA ACUEDUCTO,87.03,Servicios
412,2026-02-12,DIDI #2538,32.62,Transporte
412,2026-05-25,FARMACIAS GUADALAJARA #1452 REF934879,251.06,Salud
412,2026-07-23,CHEDRAUI TIJUANA,75.48,Alimentacion
412,2026-05-22,TRANSMILENIO #2858 GUADALAJARA,165.46,Transporte
412,2026-07-29,GASOLINERA PEMEX,201.42,Transporte
412,2026-05-11,UBER PUEBLA REF524253,149.36,Transporte
412,2026-07-13,COOMEVA MEDICINA PREPAGADA #3149,184.87,Salud
412,2026-02-27,FARMATODO REF464527,146.21,Salud
412,2026-06-26,IZZI TELECOM #9630 PUEBLA,64.2,Servicios
412,2026-05-29,EPS SURA COPAGO,115.61,Salud
413,2026-07-09,STEAM VIDEOJUEGOS,72.08,Ocio
413,2026-04-29,STEAM VIDEOJUEGOS TIJUANA,101.39,Ocio
413,2026-04-12,DEPOSITO BANCO AZTECA,122.42,Otros
413,2026-03-22,BODEGA AURRERA TIJUANA,116.43,Alimentacion
413,2026-05-02,ARA TIENDA #3674,242.81,Alimentacion
413,2026-02-17,TRANSFERENCIA MERCADO PAGO #6474,37.64,Otros
413,2026-07-25,NETFLIX #6149,129.44,Ocio
413,2026-02-13,SUPERMERCADO D1 #6073 CUCUTA,40.9,Alimentacion
413,2026-06-01,FARMACIAS DEL AHORRO #193,19.26,Salud
413,2026-04-02,PAGO MULTA TRANSITO TIJUANA REF943554,161.3,Otros
414,2026-02-01,CINE COLOMBIA,41.75,Ocio
414,2026-04-16,CINEPOLIS REF963216,93.78,Ocio
414,2026-04-21,EPS SURA COPAGO,47.89,Salud
414,2026-07-10,COOMEVA MEDICINA PREPAGADA #5168 GUADALAJARA REF640080,130.94,Salud
414,2026-07-12,FARMACIAS GUADALAJARA TIJUANA,256.67,Salud
414,2026-02-28,FACTURA ENERGIA ENEL CODENSA,64.63,Servicios
414,2026-05-24,NETFLIX #3505 QUERETARO REF253712,78.89,Ocio
414,2026-06-27,FARMACIAS GUADALAJARA CARTAGENA,158.58,Salud
414,2026-03-30,TRANSMILENIO,139.19,Transporte
414,2026-05-11,SUPERMERCADO D1 #5267,262.95,Alimentacion
414,2026-04-09,CARULLA #9577 CALI,24.49,Alimentacion
414,2026-07-14,CARULLA #6565,159.23,Alimentacion
414,2026-07-04,PEAJE AUTOPISTA #4952,182.61,Transporte
415,2026-05-10,COMBUSTIBLE TERPEL,196.66,Transporte
415,2026-03-31,RECARGA OXXO,147.02,Otros
415,2026-04-06,SUPERAMA #1504 CALI,190.17,Alimentacion
415,2026-05-08,BODEGA AURRERA #1529,11.31,Alimentacion
415,2026-02-04,PAGO INFONAVIT #6830,363.91,Vivienda
415,2026-04-05,TELMEX INTERNET HOGAR,41.66,Servicios
415,2026-03-05,DEPOSITO BANCO AZTECA #6009,164.84,Otros
415,2026-06-14,BODEGA AURRERA #6857,55.39,Alimentacion
415,2026-05-04,SORIANA #5119,84.38,Alimentacion
415,2026-05-28,FACTURA CFE #174 REF812894,84.77,Servicios
415,2026-07-01,PLATZI CURSO ONLINE REF307127,123.76,Educacion
415,2026-06-15,AGENCIA DE VIAJES,31.23,Ocio
415,2026-03-02,SUPERMERCADO D1 TIJUANA REF851429,165.77,Alimentacion
415,2026-02-07,TRANSFERENCIA NEQUI QUERETARO,25.12,Otros
415,2026-06-16,CINE COLOMBIA #3442 CARTAGENA REF793775,12.27,Ocio
415,2026-03-24,STEAM VIDEOJUEGOS,51.53,Ocio
415,2026-05-10,COOMEVA MEDICINA PREPAGADA #1756 CARTAGENA,220.39,Salud
415,2026-05-17,ARA TIENDA #7087,154.25,Alimentacion
415,2026-02-20,MATRICULA UNIVERSIDAD NACIONAL,183.58,Educacion
415,2026-02-21,MATRICULA UNAM #3304,237.16,Educacion
415,2026-02-18,WALMART SUPERCENTER,105.02,Alimentacion
415,2026-03-07,CLARO HOGAR INTERNET #1865,141.38,Servicios
415,2026-03-02,COURSERA CURSO ONLINE MONTERREY REF776298,45.59,Educacion
415,2026-05-15,HOMECENTER #9128 REF637103,486.7,Vivienda
415,2026-07-06,ESTACION SERVICIO PRIMAX,188.26,Transporte
415,2026-02-27,FARMATODO #2983,244.11,Salud
416,2026-07-03,DIDI #3381 MONTERREY,153.78,Transporte
416,2026-04-13,FARMACIAS SIMILARES #4864 REF205347,222.94,Salud
416,2026-02-10,DAVIPLATA #3811 REF888886,27.04,Otros
416,2026-07-30,COOMEVA MEDICINA PREPAGADA #1381 QUERETARO,219.56,Salud
416,2026-03-18,UBER REF575455,145.96,Transporte
416,2026-04-07,FARMACIAS DEL AHORRO,251.81,Salud
416,2026-03-12,BODEGA AURRERA #2407,20.81,Alimentacion
416,2026-03-12,TRANSMILENIO #1832,14.62,Transporte
416,2026-05-26,HOME DEPOT MEXICO #9245,336.5,Vivienda
416,2026-07-01,CARULLA CARTAGENA,48.68,Alimentacion
416,2026-05-17,UBER #119 MEDELLIN,121.68,Transporte
416,2026-03-31,FACTURA CFE #9979 REF497029,138.84,Servicios
416,2026-07-09,UBER #9749,88.3,Transporte
416,2026-04-22,WALMART SUPERCENTER,229.69,Alimentacion
416,2026-06-20,SUPERAMA CARTAGENA,10.06,Alimentacion
416,2026-03-29,DISNEY PLUS #3542 PUEBLA,26.06,Ocio
416,2026-04-29,CINEPOLIS #5980,8.8,Ocio
417,2026-04-30,PAGO MULTA TRANSITO,46.04,Otros
417,2026-02-16,BAR RESTAURANTE AMIGOS REF450333,8.69,Ocio
417,2026-07-07,FACTURA CFE #6768 CIUDAD DE MEXICO REF621482,73.58,Servicios
417,2026-02-18,CARULLA,82.24,Alimentacion
417,2026-07-19,UBER #3299,183.98,Transporte
417,2026-02-26,PEAJE AUTOPISTA,130.99,Transporte
417,2026-02-01,DIDI #1101,132.82,Transporte
417,2026-02-24,WALMART SUPERCENTER #4633 PUEBLA,148.3,Alimentacion
417,2026-07-13,TRANSMILENIO #9372,28.37,Transporte
417,2026-04-04,GASOLINERA PEMEX REF520877,99.0,Transporte
417,2026-03-27,TRANSFERENCIA NEQUI #2436,179.92,Otros
418,2026-07-26,WALMART SUPERCENTER #8044,204.8,Alimentacion
418,2026-06-02,JUMBO,254.03,Alimentacion
418,2026-02-26,CHEDRAUI,24.01,Alimentacion
418,2026-02-14,SPOTIFY PREMIUM BOGOTA,6.52,Ocio
418,2026-06-03,ESTACION SERVICIO PRIMAX GUADALAJARA REF938859,142.27,Transporte
418,2026-03-26,DIDI #784 QUERETARO,67.87,Transporte
418,2026-07-09,SUPERMERCADO D1 PUEBLA REF433142,75.91,Alimentacion
418,2026-07-20,COOMEVA MEDICINA PREPAGADA PUEBLA,109.3,Salud
418,2026-04-08,CARULLA #4306,80.15,Alimentacion
418,2026-05-31,BODEGA AURRERA #5792,142.97,Alimentacion
418,2026-03-27,CINE COLOMBIA PUEBLA,60.02,Ocio
418,2026-06-02,GASOLINERA PEMEX #9015 CALI,112.49,Transporte
418,2026-05-14,ARA TIENDA,184.91,Alimentacion
418,2026-05-18,DEPOSITO BANCO AZTECA #1184 REF847576,75.81,Otros
418,2026-07-19,NETFLIX CUCUTA REF542749,36.41,Ocio
418,2026-07-21,GASOLINERA PEMEX,43.24,Transporte
418,2026-07-01,SUPERAMA BARRANQUILLA,100.86,Alimentacion
419,2026-07-21,COOMEVA MEDICINA PREPAGADA #3929,171.74,Salud
419,2026-06-23,HOME DEPOT MEXICO REF854672,395.9,Vivienda
419,2026-02-10,RETIRO CAJERO AUTOMATICO REF501505,106.13,Otros
419,2026-07-14,SORIANA,196.03,Alimentacion
419,2026-07-25,BAR RESTAURANTE AMIGOS #8636 MEDELLIN,18.7,Ocio
419,2026-04-20,NETFLIX #3959,98.7,Ocio
419,2026-02-10,COURSERA CURSO ONLINE #202 REF980957,75.96,Educacion
419,2026-04-14,CONSULTORIO IMSS,33.99,Salud
419,2026-05-03,ESTACION SERVICIO PRIMAX,205.22,Transporte
419,2026-03-09,METROBUS CDMX,201.4,Transporte
419,2026-02-02,CLARO HOGAR INTERNET #372,23.16,Servicios
419,2026-07-12,CABIFY #1252,98.65,Transporte
419,2026-02-22,COMBUSTIBLE TERPEL REF300537,47.25,Transporte
419,2026-06-01,IZZI TELECOM #6265,80.52,Servicios
419,2026-06-14,SPOTIFY PREMIUM #7977 CUCUTA,108.77,Ocio
419,2026-02-10,UBER,200.12,Transporte
419,2026-02-24,SUPERMERCADO D1,174.91,Alimentacion
419,2026-05-08,DISNEY PLUS #9231,49.24,Ocio
419,2026-02-04,FARMACIA CRUZ VERDE #1933,186.95,Salud
419,2026-05-13,HOME DEPOT MEXICO #5180,306.0,Vivienda
419,2026-02-05,DISNEY PLUS #4540 MEDELLIN,118.73,Ocio
419,2026-02-15,AGENCIA DE VIAJES #3192 REF857674,113.8,Ocio
419,2026-02-21,UBER CARTAGENA,121.65,Transporte
420,2026-07-18,CARULLA #3521 QUERETARO,94.53,Alimentacion
420,2026-03-01,CHEDRAUI #1207 CALI,132.49,Alimentacion
420,2026-07-02,UBER,173.75,Transporte
420,2026-02-14,ARA TIENDA #1013,42.4,Alimentacion
420,2026-04-03,COOMEVA MEDICINA PREPAGADA REF208501,259.43,Salud
420,2026-03-28,DIDI REF272210,189.5,Transporte
420,2026-05-04,CABIFY #3506 CARTAGENA,199.34,Transporte
420,2026-07-15,STEAM VIDEOJUEGOS,54.69,Ocio
420,2026-07-23,DISNEY PLUS,32.14,Ocio
420,2026-06-08,CINEPOLIS BARRANQUILLA,51.71,Ocio
420,2026-06-17,FARMACIAS SIMILARES,109.88,Salud
420,2026-04-13,DIDI,45.23,Transporte
420,2026-02-08,RENTA DEPARTAMENTO #9660,453.63,Vivienda
420,2026-07-18,NETFLIX #9287,64.58,Ocio
420,2026-03-04,DIDI REF492226,183.14,Transporte
420,2026-04-17,TELMEX INTERNET HOGAR,19.33,Servicios
420,2026-02-25,NETFLIX #2814,85.48,Ocio
420,2026-04-18,STEAM VIDEOJUEGOS #9036 BARRANQUILLA,100.37,Ocio
420,2026-06-15,RECARGA OXXO,139.11,Otros
420,2026-05-08,NETFLIX CALI,115.76,Ocio
420,2026-06-17,SUPERAMA PUEBLA REF450884,199.55,Alimentacion
420,2026-05-25,ARA TIENDA TIJUANA,251.23,Alimentacion
420,2026-04-26,TELCEL PLAN CELULAR REF616538,59.91,Servicios
420,2026-04-02,CARULLA GUADALAJARA,140.83,Alimentacion
421,2026-03-10,CLARO HOGAR INTERNET,103.28,Servicios
421,2026-05-17,STEAM VIDEOJUEGOS #3819,89.03,Ocio
421,2026-02-16,SPOTIFY PREMIUM #5792 CARTAGENA,5.67,Ocio
421,2026-05-10,TELMEX INTERNET HOGAR #9113,147.96,Servicios
421,2026-05-15,EXITO MONTERREY REF799785,238.24,Alimentacion
421,2026-04-14,CONSULTORIO IMSS #1136 BARRANQUILLA,270.11,Salud
421,2026-07-07,SORIANA,181.4,Alimentacion
421,2026-04-23,ARRIENDO APARTAMENTO #147 CARTAGENA,322.39,Vivienda
421,2026-05-24,FACTURA ACUEDUCTO,135.64,Servicios
421,2026-05-25,WALMART SUPERCENTER,85.79,Alimentacion
421,2026-06-20,HOMECENTER #4565 BOGOTA,431.36,Vivienda
421,2026-06-14,OXXO,35.93,Alimentacion
421,2026-06-17,BAR RESTAURANTE AMIGOS #9443 GUADALAJARA,120.24,Ocio
421,2026-07-01,COMBUSTIBLE TERPEL,38.15,Transporte
421,2026-04-09,CINE COLOMBIA #7435,33.11,Ocio
421,2026-02-07,TRANSFERENCIA MERCADO PAGO REF999274,104.88,Otros
421,2026-06-18,DIDI CARTAGENA,162.82,Transporte
421,2026-02-28,FARMACIAS DEL AHORRO,191.52,Salud
422,2026-02-04,STEAM VIDEOJUEGOS GUADALAJARA,64.64,Ocio
422,2026-07-03,CABIFY,99.52,Transporte
422,2026-07-24,PAGO MULTA TRANSITO,141.78,Otros
422,2026-06-30,COMBUSTIBLE TERPEL,115.35,Transporte
422,2026-07-25,SUPERMERCADO D1 REF244185,92.35,Alimentacion
422,2026-04-24,PAGO INFONAVIT,279.08,Vivienda
422,2026-02-28,STEAM VIDEOJUEGOS,9.72,Ocio
422,2026-06-10,TRANSMILENIO,126.64,Transporte
422,2026-03-02,WALMART SUPERCENTER,69.79,Alimentacion
422,2026-03-18,MOVISTAR PLAN CELULAR,35.0,Servicios
422,2026-02-01,NETFLIX #8551 TIJUANA,86.73,Ocio
422,2026-02-10,FACTURA ACUEDUCTO GUADALAJARA,106.96,Servicios
422,2026-07-28,ADMINISTRACION CONJUNTO RESIDENCIAL #4457 BARRANQUILLA REF563651,526.08,Vivienda
422,2026-05-31,FACTURA ACUEDUCTO #8344,82.98,Servicios
422,2026-06-12,OXXO #770,242.45,Alimentacion
422,2026-06-15,CLARO HOGAR INTERNET #927,141.41,Servicios
422,2026-05-11,DAVIPLATA #4912,147.25,Otros
422,2026-04-16,CHEDRAUI,175.25,Alimentacion
422,2026-06-25,TRANSFERENCIA MERCADO PAGO #1925 REF405042,61.63,Otros
423,2026-07-07,COLEGIATURA COLEGIO PRIVADO #3153 REF388351,211.38,Educacion
423,2026-06-04,SPOTIFY PREMIUM,9.01,Ocio
423,2026-05-27,DEPOSITO BANCO AZTECA #8200,114.09,Otros
423,2026-06-18,EXITO,196.21,Alimentacion
423,2026-06-02,ESTACION SERVICIO PRIMAX #3753 CARTAGENA,93.35,Transporte
423,2026-06-22,CABIFY TIJUANA,161.46,Transporte
423,2026-04-19,IZZI TELECOM,45.65,Servicios
423,2026-07-20,CARULLA #7500 BOGOTA,67.53,Alimentacion
423,2026-02-13,SPOTIFY PREMIUM GUADALAJARA,25.18,Ocio
423,2026-06-07,GASOLINERA PEMEX,84.4,Transporte
423,2026-02-19,CABIFY #4117,179.4,Transporte
423,2026-02-05,RETIRO CAJERO AUTOMATICO #4299,150.75,Otros
423,2026-03-19,COLEGIATURA COLEGIO PRIVADO #9764 PUEBLA REF965344,168.56,Educacion
423,2026-05-02,GASOLINERA PEMEX #9667 PUEBLA,127.82,Transporte
423,2026-05-28,CABIFY,154.16,Transporte
423,2026-04-30,FARMACIAS DEL AHORRO,83.74,Salud
423,2026-05-09,GASOLINERA PEMEX,43.63,Transporte
423,2026-03-29,JUMBO #5099,262.74,Alimentacion
424,2026-03-23,FARMACIAS GUADALAJARA #2305,89.44,Salud
424,2026-02-25,BAR RESTAURANTE AMIGOS #5310,68.99,Ocio
424,2026-06-22,EXITO #1446,93.1,Alimentacion
424,2026-03-26,BODEGA AURRERA #7257,53.58,Alimentacion
424,2026-06-28,PEAJE AUTOPISTA #3616,62.58,Transporte
424,2026-06-23,CONSULTORIO IMSS,25.19,Salud
424,2026-07-31,CARULLA #5299,193.15,Alimentacion
424,2026-04-06,MOVISTAR PLAN CELULAR #1704 GUADALAJARA REF340734,81.44,Servicios
424,2026-03-31,ARRIENDO APARTAMENTO #1227,197.12,Vivienda
424,2026-02-27,SUPERAMA #7138 CUCUTA,54.64,Alimentacion
425,2026-03-18,RENTA DEPARTAMENTO #6208 BOGOTA,560.56,Vivienda
425,2026-06-16,SUPERAMA #5938,138.19,Alimentacion
425,2026-04-28,ICETEX CREDITO EDUCATIVO #1535,342.54,Educacion
425,2026-02-01,RECARGA OXXO #8674,112.13,Otros
425,2026-02-27,FACTURA ACUEDUCTO,107.05,Servicios
425,2026-03-10,CLARO HOGAR INTERNET,149.12,Servicios
425,2026-03-03,SUPERMERCADO D1 BARRANQUILLA REF789987,70.41,Alimentacion
425,2026-04-06,FARMACIAS GUADALAJARA #5157 BARRANQUILLA,192.82,Salud
425,2026-06-06,IZZI TELECOM #306 PUEBLA,77.14,Servicios
425,2026-07-23,SUPERMERCADO D1 #3310,20.26,Alimentacion
425,2026-04-05,TRANSFERENCIA MERCADO PAGO,12.46,Otros
425,2026-02-14,SORIANA #2291 CUCUTA REF640824,41.0,Alimentacion
425,2026-05-31,CONSULTORIO IMSS BARRANQUILLA,199.99,Salud
425,2026-04-29,RECARGA OXXO #8061 CALI REF275129,106.42,Otros
425,2026-07-03,BAR RESTAURANTE AMIGOS REF418020,74.18,Ocio
425,2026-02-22,DISNEY PLUS #2767,8.98,Ocio
425,2026-05-01,COMBUSTIBLE TERPEL #9447,103.86,Transporte
425,2026-03-27,OXXO #1574,250.4,Alimentacion
425,2026-07-04,STEAM VIDEOJUEGOS #6746,54.7,Ocio
425,2026-04-03,RETIRO CAJERO AUTOMATICO #4622 BOGOTA,116.24,Otros
425,2026-04-02,COMBUSTIBLE TERPEL #2171 CIUDAD DE MEXICO REF984589,165.96,Transporte
425,2026-03-16,COMBUSTIBLE TERPEL CIUDAD DE MEXICO,166.79,Transporte
425,2026-05-23,GASOLINERA PEMEX #7878,113.86,Transporte
425,2026-03-14,PAGO MULTA TRANSITO REF826839,155.85,Otros
425,2026-07-19,UBER,88.28,Transporte
426,2026-04-01,CARULLA CUCUTA,118.43,Alimentacion
426,2026-07-23,PLATZI CURSO ONLINE PUEBLA,110.92,Educacion
426,2026-06-22,COOMEVA MEDICINA PREPAGADA REF499140,81.06,Salud
426,2026-03-11,EXITO #6384,244.36,Alimentacion
426,2026-05-09,CLARO HOGAR INTERNET CALI,127.58,Servicios
426,2026-07-12,DIDI #4664,120.71,Transporte
426,2026-07-18,ESTACION SERVICIO PRIMAX #5898,133.22,Transporte
426,2026-05-27,WALMART SUPERCENTER #4722 CUCUTA,133.32,Alimentacion
426,2026-02-03,METROBUS CDMX REF529228,88.33,Transporte
426,2026-05-01,SPOTIFY PREMIUM #7312,119.43,Ocio
426,2026-06-18,PLATZI CURSO ONLINE,72.1,Educacion
427,2026-03-17,BAR RESTAURANTE AMIGOS #2513,35.3,Ocio
427,2026-02-14,JUMBO #1461,57.93,Alimentacion
427,2026-06-05,ARRIENDO APARTAMENTO MONTERREY,182.42,Vivienda
427,2026-03-09,SORIANA #5801,208.29,Alimentacion
427,2026-02-07,DISNEY PLUS QUERETARO,58.43,Ocio
427,2026-05-26,CABIFY #1630,135.33,Transporte
427,2026-03-13,SUPERAMA #1096,199.17,Alimentacion
427,2026-05-02,OXXO #8739,186.62,Alimentacion
427,2026-02-19,COURSERA CURSO ONLINE BARRANQUILLA,201.44,Educacion
427,2026-03-30,STEAM VIDEOJUEGOS,53.49,Ocio
427,2026-02-16,WALMART SUPERCENTER,107.75,Alimentacion
427,2026-06-19,COURSERA CURSO ONLINE,265.02,Educacion
427,2026-02-09,FARMACIAS GUADALAJARA #4291,156.02,Salud
427,2026-02-17,NETFLIX,111.14,Ocio
427,2026-03-23,DEPOSITO BANCO AZTECA #3070,158.7,Otros
427,2026-03-01,OXXO #6720,54.35,Alimentacion
427,2026-06-21,ESTACION SERVICIO PRIMAX #9970,37.25,Transporte
427,2026-06-18,FARMACIAS SIMILARES #9319 REF452535,194.66,Salud
427,2026-02-22,CARULLA #238,88.32,Alimentacion
428,2026-05-03,RECARGA OXXO #5312 MONTERREY,39.26,Otros
428,2026-07-12,UBER #3067 QUERETARO,71.09,Transporte
428,2026-07-04,SUPERAMA #4826,93.58,Alimentacion
428,2026-07-13,IZZI TELECOM #9346,36.55,Servicios
428,2026-06-05,MOVISTAR PLAN CELULAR #5475 REF695895,42.7,Servicios
428,2026-04-06,OXXO MEDELLIN,215.02,Alimentacion
428,2026-03-29,ARA TIENDA,53.47,Alimentacion
428,2026-07-17,CHEDRAUI #4433,17.4,Alimentacion
428,2026-07-04,AGENCIA DE VIAJES CUCUTA,83.67,Ocio
428,2026-03-28,COLEGIATURA COLEGIO PRIVADO,390.99,Educacion
428,2026-02-15,COMBUSTIBLE TERPEL #365,76.24,Transporte
428,2026-07-15,CONSULTORIO IMSS #126,48.82,Salud
428,2026-03-14,DISNEY PLUS #6624,76.3,Ocio
428,2026-07-21,CARULLA #5649,245.65,Alimentacion
428,2026-06-28,EXITO CALI,213.86,Alimentacion
428,2026-02-24,CLARO HOGAR INTERNET,99.04,Servicios
428,2026-03-14,CARULLA MEDELLIN,91.91,Alimentacion
428,2026-07-03,HOME DEPOT MEXICO #3310,420.94,Vivienda
428,2026-03-31,SORIANA,33.72,Alimentacion
429,2026-06-16,RETIRO CAJERO AUTOMATICO #5095 CIUDAD DE MEXICO,54.5,Otros
429,2026-03-02,DISNEY PLUS #9396,69.07,Ocio
429,2026-03-29,ADMINISTRACION CONDOMINIO GUADALAJARA REF165969,315.3,Vivienda
429,2026-03-01,SUPERMERCADO D1 BARRANQUILLA,233.73,Alimentacion
429,2026-06-21,UBER #2673,104.75,Transporte
429,2026-05-09,ARRIENDO APARTAMENTO,549.79,Vivienda
429,2026-05-04,DAVIPLATA QUERETARO,108.71,Otros
429,2026-06-26,TELMEX INTERNET HOGAR #2895 BARRANQUILLA,119.37,Servicios
429,2026-02-20,TRANSMILENIO MEDELLIN,76.53,Transporte
430,2026-07-27,ESTACION SERVICIO PRIMAX REF262079,73.64,Transporte
430,2026-03-19,TRANSMILENIO REF211009,63.34,Transporte
430,2026-05-14,DIDI,203.4,Transporte
430,2026-06-12,DISNEY PLUS #8114,25.01,Ocio
430,2026-06-03,FACTURA ENERGIA ENEL CODENSA,121.29,Servicios
430,2026-04-11,BODEGA AURRERA,265.88,Alimentacion
430,2026-04-11,SORIANA #2666,15.17,Alimentacion
430,2026-02-18,HOMECENTER,499.51,Vivienda
430,2026-05-27,CHEDRAUI #6899 PUEBLA,75.76,Alimentacion
430,2026-04-18,PLATZI CURSO ONLINE,40.18,Educacion
430,2026-02-19,METROBUS CDMX QUERETARO,90.58,Transporte
430,2026-06-07,UBER #2841,197.04,Transporte
430,2026-06-24,CLARO HOGAR INTERNET,16.59,Servicios
430,2026-05-10,PAGO INFONAVIT #7774,443.94,Vivienda
430,2026-05-18,OXXO BARRANQUILLA,140.36,Alimentacion
430,2026-07-24,COURSERA CURSO ONLINE #4607 REF864977,352.52,Educacion
430,2026-04-16,CLARO HOGAR INTERNET,26.34,Servicios
430,2026-06-06,GASOLINERA PEMEX #3397,146.31,Transporte
430,2026-04-23,ARA TIENDA #5554,186.83,Alimentacion
430,2026-04-16,CABIFY,143.82,Transporte
430,2026-06-23,CONSULTORIO IMSS,283.57,Salud
430,2026-06-02,MOVISTAR PLAN CELULAR REF311638,126.12,Servicios
430,2026-02-09,CONSULTORIO IMSS PUEBLA REF483176,26.96,Salud
430,2026-05-01,COMBUSTIBLE TERPEL #5190 REF182822,104.22,Transporte
431,2026-05-23,SORIANA CARTAGENA,249.78,Alimentacion
431,2026-04-19,CARULLA #9035,134.86,Alimentacion
431,2026-07-26,ESTACION SERVICIO PRIMAX #9932,134.75,Transporte
431,2026-06-26,METROBUS CDMX,176.04,Transporte
431,2026-02-17,WALMART SUPERCENTER #9989 REF131905,103.72,Alimentacion
431,2026-06-26,CINEPOLIS #347 GUADALAJARA,58.8,Ocio
431,2026-02-21,FARMACIAS SIMILARES #9371 GUADALAJARA,131.71,Salud
431,2026-06-11,EXITO,107.43,Alimentacion
431,2026-02-17,PAGO INFONAVIT #7395,612.76,Vivienda
431,2026-03-01,JUMBO #1106,225.52,Alimentacion
431,2026-06-14,AGENCIA DE VIAJES BARRANQUILLA,18.62,Ocio
431,2026-05-27,GASOLINERA PEMEX #3716 CIUDAD DE MEXICO,31.62,Transporte
431,2026-03-24,FARMATODO #3356,136.94,Salud
431,2026-03-01,RETIRO CAJERO AUTOMATICO #5022 REF666456,26.77,Otros
431,2026-04-01,DAVIPLATA,115.25,Otros
431,2026-03-03,OXXO CARTAGENA REF632990,47.36,Alimentacion
431,2026-03-09,DISNEY PLUS,70.3,Ocio
431,2026-07-25,DISNEY PLUS #4814,5.9,Ocio
431,2026-02-25,FACTURA CFE #449 BARRANQUILLA,57.74,Servicios
431,2026-05-10,ESTACION SERVICIO PRIMAX,145.44,Transporte
431,2026-02-23,FARMACIAS GUADALAJARA #613,152.95,Salud
431,2026-06-16,BAR RESTAURANTE AMIGOS,127.28,Ocio
431,2026-07-29,TRANSFERENCIA NEQUI #5644,158.6,Otros
431,2026-06-11,SUPERAMA CARTAGENA,103.36,Alimentacion
432,2026-02-10,DAVIPLATA #3477,62.61,Otros
432,2026-03-28,FARMATODO #5978 CARTAGENA,293.28,Salud
432,2026-05-03,FARMATODO #1656 REF566519,95.16,Salud
432,2026-05-17,ARA TIENDA REF248970,257.89,Alimentacion
432,2026-05-13,RECARGA OXXO #5619 CIUDAD DE MEXICO,19.1,Otros
432,2026-07-14,CHEDRAUI,194.41,Alimentacion
432,2026-02-07,SUPERAMA QUERETARO,148.35,Alimentacion
432,2026-06-17,NETFLIX,64.73,Ocio
432,2026-05-21,CABIFY,54.7,Transporte
432,2026-07-31,ARA TIENDA,193.45,Alimentacion
432,2026-02-01,CLARO HOGAR INTERNET,40.76,Servicios
432,2026-04-21,CINEPOLIS #7835 REF333027,74.11,Ocio
432,2026-05-02,CLARO HOGAR INTERNET #9765,49.19,Servicios
433,2026-03-14,FACTURA ACUEDUCTO,93.29,Servicios
433,2026-07-11,DIDI,27.8,Transporte
433,2026-03-15,TRANSMILENIO #1472 CIUDAD DE MEXICO,148.8,Transporte
433,2026-02-04,COMBUSTIBLE TERPEL #2150 BOGOTA,43.28,Transporte
433,2026-06-18,FACTURA ENERGIA ENEL CODENSA,121.16,Servicios
433,2026-06-24,WALMART SUPERCENTER,75.01,Alimentacion
433,2026-04-10,SPOTIFY PREMIUM #5901 REF164836,57.13,Ocio
433,2026-02-16,COOMEVA MEDICINA PREPAGADA,114.88,Salud
433,2026-06-11,FACTURA CFE,130.94,Servicios
433,2026-04-07,CHEDRAUI,42.9,Alimentacion
433,2026-05-04,CONSULTORIO IMSS BARRANQUILLA,176.21,Salud
433,2026-06-05,TRANSFERENCIA MERCADO PAGO #6676 CALI,34.15,Otros
433,2026-05-02,TRANSFERENCIA NEQUI CARTAGENA,129.82,Otros
433,2026-05-06,BAR RESTAURANTE AMIGOS #1013 REF967476,118.13,Ocio
433,2026-02-09,SORIANA #830,123.0,Alimentacion
433,2026-07-19,PEAJE AUTOPISTA,107.62,Transporte
433,2026-07-04,DIDI #3527 BARRANQUILLA,195.48,Transporte
433,2026-03-20,FACTURA CFE #4556 BARRANQUILLA REF557128,85.33,Servicios
433,2026-03-12,TRANSMILENIO #6453 BOGOTA,107.52,Transporte
433,2026-06-06,CLARO HOGAR INTERNET #8515,93.07,Servicios
434,2026-03-31,ARA TIENDA,214.41,Alimentacion
434,2026-07-04,CARULLA,108.01,Alimentacion
434,2026-07-07,ADMINISTRACION CONDOMINIO #9994 CIUDAD DE MEXICO,200.18,Vivienda
434,2026-07-05,RETIRO CAJERO AUTOMATICO #6031,117.74,Otros
434,2026-06-29,BAR RESTAURANTE AMIGOS,115.02,Ocio
434,2026-02-24,SUPERMERCADO D1 #1517,240.82,Alimentacion
434,2026-07-11,OXXO #6714,258.99,Alimentacion
434,2026-04-05,AGENCIA DE VIAJES #3478 PUEBLA,113.46,Ocio
434,2026-03-28,ADMINISTRACION CONDOMINIO #4020,151.07,Vivienda
434,2026-02-24,TELCEL PLAN CELULAR,66.33,Servicios
434,2026-05-10,CHEDRAUI #6160 MONTERREY,222.82,Alimentacion
434,2026-03-01,DIDI,83.25,Transporte
434,2026-03-17,SUPERMERCADO D1 #5502 QUERETARO REF280517,166.4,Alimentacion
434,2026-05-20,ARA TIENDA #3938 REF311482,167.64,Alimentacion
434,2026-03-24,METROBUS CDMX #9811,83.01,Transporte
434,2026-05-28,METROBUS CDMX #4945,190.89,Transporte
434,2026-06-06,SPOTIFY PREMIUM,67.9,Ocio
434,2026-03-23,CLARO HOGAR INTERNET #2182,77.75,Servicios
434,2026-05-03,AGENCIA DE VIAJES BOGOTA,129.69,Ocio
434,2026-04-27,CARULLA #3507,138.31,Alimentacion
434,2026-02-05,SUPERAMA #6950,56.38,Alimentacion
434,2026-07-09,CONSULTORIO IMSS GUADALAJARA REF422880,161.22,Salud
434,2026-02-18,ARA TIENDA,221.64,Alimentacion
434,2026-06-27,CARULLA #6139,211.98,Alimentacion
434,2026-07-21,IZZI TELECOM #6365,121.46,Servicios
435,2026-02-07,MOVISTAR PLAN CELULAR CIUDAD DE MEXICO,132.22,Servicios
435,2026-02-06,CINEPOLIS #1655 QUERETARO,116.65,Ocio
435,2026-07-03,CINE COLOMBIA,115.8,Ocio
435,2026-05-30,NETFLIX BARRANQUILLA REF871477,72.71,Ocio
435,2026-02-06,PEAJE AUTOPISTA #1957,139.28,Transporte
435,2026-02-11,CLARO HOGAR INTERNET,88.62,Servicios
435,2026-05-24,SORIANA #7236 REF625923,23.31,Alimentacion
435,2026-03-13,AGENCIA DE VIAJES,98.19,Ocio
435,2026-02-23,CINEPOLIS #8301,68.17,Ocio
435,2026-07-09,FARMACIAS GUADALAJARA #9618 REF727878,199.6,Salud
435,2026-06-16,GASOLINERA PEMEX #987,110.53,Transporte
435,2026-06-09,FARMACIAS GUADALAJARA #8929,155.17,Salud
435,2026-04-14,PAGO INFONAVIT #8566,235.89,Vivienda
435,2026-05-08,CINEPOLIS #442 CIUDAD DE MEXICO,39.84,Ocio
435,2026-05-26,ARA TIENDA,51.3,Alimentacion
435,2026-04-27,JUMBO GUADALAJARA,60.87,Alimentacion
435,2026-04-27,DEPOSITO BANCO AZTECA #5626 PUEBLA,175.41,Otros
435,2026-07-24,NETFLIX #9434,24.14,Ocio
435,2026-05-11,DISNEY PLUS REF910310,38.66,Ocio
435,2026-03-08,SORIANA REF887533,163.55,Alimentacion
435,2026-06-11,METROBUS CDMX #1960,132.04,Transporte
435,2026-07-01,UBER #1218,40.79,Transporte
435,2026-02-06,TRANSMILENIO,168.74,Transporte
436,2026-05-30,RECARGA OXXO,128.63,Otros
436,2026-07-21,MATRICULA UNIVERSIDAD NACIONAL #927 CARTAGENA,55.84,Educacion
436,2026-06-06,COMBUSTIBLE TERPEL TIJUANA,93.65,Transporte
436,2026-06-06,GASOLINERA PEMEX #4091,121.86,Transporte
436,2026-02-21,JUMBO MEDELLIN,58.73,Alimentacion
436,2026-06-20,PEAJE AUTOPISTA,99.65,Transporte
436,2026-05-17,DEPOSITO BANCO AZTECA #7784,112.17,Otros
436,2026-05-24,CLARO HOGAR INTERNET #1797,59.2,Servicios
436,2026-05-06,DISNEY PLUS #5681,102.62,Ocio
436,2026-07-11,COURSERA CURSO ONLINE,340.17,Educacion
436,2026-05-22,JUMBO,94.14,Alimentacion
436,2026-02-19,SPOTIFY PREMIUM,109.83,Ocio
436,2026-04-14,DIDI #7987 CARTAGENA,30.72,Transporte
436,2026-06-20,PEAJE AUTOPISTA,177.55,Transporte
436,2026-04-04,DEPOSITO BANCO AZTECA #8480,35.97,Otros
436,2026-06-12,CHEDRAUI #1178,31.56,Alimentacion
436,2026-03-31,RECARGA OXXO,119.1,Otros
436,2026-03-06,CHEDRAUI CALI,132.7,Alimentacion
436,2026-05-18,DEPOSITO BANCO AZTECA #4632 REF630340,164.34,Otros
436,2026-03-25,ARRIENDO APARTAMENTO PUEBLA,331.59,Vivienda
436,2026-03-09,FACTURA ENERGIA ENEL CODENSA #4799,53.77,Servicios
436,2026-02-16,ESTACION SERVICIO PRIMAX,110.15,Transporte
436,2026-02-27,FARMACIAS DEL AHORRO,144.94,Salud
436,2026-04-19,CLARO HOGAR INTERNET #9624 CIUDAD DE MEXICO,61.5,Servicios
436,2026-03-28,NETFLIX CARTAGENA,91.72,Ocio
437,2026-04-15,DIDI PUEBLA REF883541,105.2,Transporte
437,2026-04-05,COMBUSTIBLE TERPEL CALI REF462819,208.75,Transporte
437,2026-05-31,GASOLINERA PEMEX #2780,155.78,Transporte
437,2026-05-12,TELMEX INTERNET HOGAR BARRANQUILLA,143.59,Servicios
437,2026-04-14,METROBUS CDMX #4793 REF544541,176.99,Transporte
437,2026-03-11,SUPERAMA #7282,244.75,Alimentacion
437,2026-05-27,SUPERAMA MEDELLIN REF251506,221.75,Alimentacion
437,2026-02-14,PEAJE AUTOPISTA REF582160,101.83,Transporte
437,2026-02-18,BAR RESTAURANTE AMIGOS,36.47,Ocio
437,2026-03-19,BODEGA AURRERA CUCUTA,106.28,Alimentacion
437,2026-03-20,DIDI QUERETARO,14.05,Transporte
437,2026-04-11,DISNEY PLUS #2111,70.5,Ocio
437,2026-05-29,MATRICULA UNIVERSIDAD NACIONAL REF248950,214.4,Educacion
437,2026-02-20,METROBUS CDMX,115.05,Transporte
437,2026-04-30,IZZI TELECOM,146.49,Servicios
437,2026-03-01,BODEGA AURRERA MONTERREY,246.98,Alimentacion
437,2026-02-24,TRANSMILENIO REF978417,42.34,Transporte
438,2026-06-14,AGENCIA DE VIAJES #2627,76.51,Ocio
438,2026-03-16,NETFLIX #7314,111.63,Ocio
438,2026-03-17,PAGO MULTA TRANSITO PUEBLA,147.01,Otros
438,2026-03-25,COLEGIATURA COLEGIO PRIVADO #9540,74.58,Educacion
438,2026-02-04,ADMINISTRACION CONDOMINIO BOGOTA,506.96,Vivienda
438,2026-07-17,NETFLIX BARRANQUILLA REF223049,59.43,Ocio
438,2026-04-23,MOVISTAR PLAN CELULAR #9211,54.78,Servicios
438,2026-04-18,PEAJE AUTOPISTA REF662583,20.0,Transporte
438,2026-04-29,FARMATODO #9607,153.87,Salud
439,2026-06-24,DIDI,11.99,Transporte
439,2026-06-03,FARMACIAS GUADALAJARA #7719 TIJUANA,282.08,Salud
439,2026-02-22,STEAM VIDEOJUEGOS REF707065,83.45,Ocio
439,2026-02-16,FARMACIAS SIMILARES #9413 QUERETARO,106.73,Salud
439,2026-02-24,FARMACIAS GUADALAJARA REF380266,85.25,Salud
439,2026-02-26,OXXO,12.34,Alimentacion
439,2026-04-25,CINEPOLIS #4803,34.43,Ocio
439,2026-03-07,TRANSFERENCIA MERCADO PAGO BOGOTA,33.41,Otros
439,2026-04-26,AGENCIA DE VIAJES #2549 QUERETARO,81.52,Ocio
439,2026-07-23,FARMATODO,62.47,Salud
439,2026-04-01,CHEDRAUI #7640,147.44,Alimentacion
439,2026-02-04,DEPOSITO BANCO AZTECA,110.32,Otros
439,2026-07-04,TRANSMILENIO,69.61,Transporte
440,2026-03-21,PAGO MULTA TRANSITO REF555960,131.22,Otros
440,2026-07-18,RETIRO CAJERO AUTOMATICO #714,56.5,Otros
440,2026-05-03,BODEGA AURRERA,41.61,Alimentacion
440,2026-06-21,UBER PUEBLA,121.21,Transporte
440,2026-06-15,DEPOSITO BANCO AZTECA #5323,65.59,Otros
440,2026-07-10,SUPERMERCADO D1 #8883,125.05,Alimentacion
440,2026-04-20,BODEGA AURRERA,178.21,Alimentacion
440,2026-03-04,CINE COLOMBIA #948 MEDELLIN,66.77,Ocio
440,2026-04-11,COMBUSTIBLE TERPEL #5821,134.06,Transporte
440,2026-07-03,SPOTIFY PREMIUM #7167,73.03,Ocio
440,2026-07-21,FACTURA ACUEDUCTO,114.87,Servicios
440,2026-03-06,FACTURA ACUEDUCTO #3225,110.3,Servicios
440,2026-03-14,COOMEVA MEDICINA PREPAGADA BARRANQUILLA,167.24,Salud
440,2026-04-21,PEAJE AUTOPISTA,145.78,Transporte
440,2026-07-17,BODEGA AURRERA TIJUANA REF400834,237.13,Alimentacion
441,2026-03-07,NETFLIX #955 REF212024,98.55,Ocio
441,2026-03-18,SUPERAMA #4403,207.29,Alimentacion
441,2026-07-28,STEAM VIDEOJUEGOS #9137 BARRANQUILLA,124.14,Ocio
441,2026-05-14,CINE COLOMBIA,11.77,Ocio
441,2026-02-06,CABIFY,129.37,Transporte
441,2026-05-06,HOMECENTER,363.92,Vivienda
441,2026-07-30,CABIFY #874,76.13,Transporte
441,2026-07-07,CINEPOLIS #6511,16.29,Ocio
441,2026-02-21,SUPERAMA CARTAGENA REF513907,156.29,Alimentacion
441,2026-07-24,DIDI #1005,105.81,Transporte
442,2026-03-29,DEPOSITO BANCO AZTECA #6204,79.61,Otros
442,2026-05-29,CINE COLOMBIA,124.13,Ocio
442,2026-03-02,CINEPOLIS #3798,113.18,Ocio
442,2026-04-23,ARA TIENDA #2597 PUEBLA,87.09,Alimentacion
442,2026-05-23,FARMACIA CRUZ VERDE GUADALAJARA,60.4,Salud
442,2026-03-05,CINEPOLIS #3833 MEDELLIN REF763062,59.42,Ocio
442,2026-04-07,SORIANA REF608518,114.49,Alimentacion
442,2026-05-29,SUPERAMA CUCUTA,159.69,Alimentacion
443,2026-07-28,JUMBO #2762 MONTERREY,231.08,Alimentacion
443,2026-05-25,SORIANA #3312 REF564492,122.86,Alimentacion
443,2026-04-22,TELMEX INTERNET HOGAR #6709,140.35,Servicios
443,2026-04-30,PEAJE AUTOPISTA #5566 REF152031,128.06,Transporte
443,2026-06-06,ADMINISTRACION CONDOMINIO,465.0,Vivienda
443,2026-05-12,STEAM VIDEOJUEGOS #6202 REF197024,110.68,Ocio
443,2026-04-06,PEAJE AUTOPISTA,69.36,Transporte
443,2026-05-22,NETFLIX,49.28,Ocio
443,2026-07-02,FACTURA ACUEDUCTO,137.3,Servicios
443,2026-02-13,ESTACION SERVICIO PRIMAX CIUDAD DE MEXICO REF725603,190.19,Transporte
443,2026-04-16,CINEPOLIS #1627 CIUDAD DE MEXICO,127.06,Ocio
443,2026-05-12,PAGO MULTA TRANSITO #8887,163.31,Otros
443,2026-03-26,MOVISTAR PLAN CELULAR,32.2,Servicios
443,2026-02-23,RENTA DEPARTAMENTO #6007,561.86,Vivienda
443,2026-03-10,DISNEY PLUS CALI,56.23,Ocio
444,2026-02-16,SORIANA #4513,29.51,Alimentacion
444,2026-06-02,SUPERAMA #5212 REF641826,242.87,Alimentacion
444,2026-06-10,UBER CARTAGENA,170.54,Transporte
444,2026-07-02,WALMART SUPERCENTER #3371 CUCUTA,46.28,Alimentacion
444,2026-06-13,CONSULTORIO IMSS MONTERREY,236.38,Salud
444,2026-06-17,METROBUS CDMX REF279108,135.17,Transporte
444,2026-04-25,BODEGA AURRERA,116.38,Alimentacion
444,2026-03-14,SORIANA,76.05,Alimentacion
444,2026-06-11,PEAJE AUTOPISTA,181.95,Transporte
444,2026-03-27,SUPERAMA,192.05,Alimentacion
444,2026-06-23,PEAJE AUTOPISTA #7423 GUADALAJARA REF599827,119.55,Transporte
444,2026-03-29,BAR RESTAURANTE AMIGOS #8080,81.2,Ocio
444,2026-05-25,NETFLIX #8403,16.38,Ocio
444,2026-05-12,CARULLA #715,133.22,Alimentacion
444,2026-06-01,SUPERAMA #1811 REF552974,60.36,Alimentacion
444,2026-07-19,GASOLINERA PEMEX #7078 REF573345,51.68,Transporte
444,2026-05-09,RECARGA OXXO MEDELLIN,122.42,Otros
444,2026-04-30,ARA TIENDA #5826 REF958781,246.93,Alimentacion
444,2026-07-12,ESTACION SERVICIO PRIMAX #1888,90.75,Transporte
444,2026-05-23,METROBUS CDMX #7885,51.55,Transporte
444,2026-07-28,BODEGA AURRERA #4476 GUADALAJARA,178.67,Alimentacion
445,2026-05-04,WALMART SUPERCENTER #1773,111.28,Alimentacion
445,2026-05-01,BODEGA AURRERA #4683,142.94,Alimentacion
445,2026-07-22,TRANSMILENIO,195.82,Transporte
445,2026-07-19,RENTA DEPARTAMENTO #6556 REF642596,587.15,Vivienda
445,2026-03-15,CINE COLOMBIA REF967986,21.82,Ocio
445,2026-02-15,CABIFY,44.56,Transporte
445,2026-04-24,DEPOSITO BANCO AZTECA BOGOTA,70.8,Otros
445,2026-07-31,UBER #458,68.15,Transporte
445,2026-03-22,ESTACION SERVICIO PRIMAX,132.95,Transporte
445,2026-05-31,CINE COLOMBIA #3005,117.85,Ocio
445,2026-03-26,CLARO HOGAR INTERNET REF920162,144.91,Servicios
445,2026-06-08,SORIANA,179.94,Alimentacion
445,2026-06-02,SUPERAMA #834 REF586882,227.92,Alimentacion
445,2026-05-26,UBER TIJUANA,115.04,Transporte
445,2026-06-08,NETFLIX,31.04,Ocio
445,2026-07-07,COLEGIATURA COLEGIO PRIVADO #3210,221.76,Educacion
445,2026-02-19,SUPERAMA #9724 REF162113,154.32,Alimentacion
445,2026-04-05,COMBUSTIBLE TERPEL,158.49,Transporte
445,2026-02-03,JUMBO REF786529,67.17,Alimentacion
445,2026-02-02,SORIANA #1228,105.76,Alimentacion
445,2026-06-21,WALMART SUPERCENTER #909,104.65,Alimentacion
445,2026-03-15,FACTURA CFE BOGOTA REF233343,144.52,Servicios
445,2026-02-26,EPS SURA COPAGO #8630 CARTAGENA,141.52,Salud
446,2026-03-10,STEAM VIDEOJUEGOS,64.4,Ocio
446,2026-03-01,DISNEY PLUS #8006 GUADALAJARA,123.14,Ocio
446,2026-03-22,METROBUS CDMX #6623 REF639925,52.89,Transporte
446,2026-04-18,TELMEX INTERNET HOGAR CUCUTA,25.01,Servicios
446,2026-02-21,METROBUS CDMX #1415 REF233819,188.29,Transporte
446,2026-03-27,ARA TIENDA,230.4,Alimentacion
446,2026-07-13,TRANSMILENIO,208.52,Transporte
446,2026-04-06,PEAJE AUTOPISTA #5601 CARTAGENA,145.88,Transporte
446,2026-03-20,PEAJE AUTOPISTA,197.34,Transporte
446,2026-05-19,COLEGIATURA COLEGIO PRIVADO,335.11,Educacion
446,2026-05-06,BODEGA AURRERA,229.55,Alimentacion
446,2026-04-15,CARULLA #8131 BARRANQUILLA,157.98,Alimentacion
446,2026-03-07,ARRIENDO APARTAMENTO,341.18,Vivienda
446,2026-04-01,CLARO HOGAR INTERNET MEDELLIN,141.17,Servicios
447,2026-06-07,RETIRO CAJERO AUTOMATICO REF939722,85.55,Otros
447,2026-05-06,EPS SURA COPAGO #1780,182.85,Salud
447,2026-06-13,MATRICULA UNIVERSIDAD NACIONAL #6940,77.2,Educacion
447,2026-04-18,WALMART SUPERCENTER CALI,10.88,Alimentacion
447,2026-04-01,EPS SURA COPAGO #2190 BARRANQUILLA,84.91,Salud
447,2026-03-14,SUPERAMA #5373 PUEBLA,193.19,Alimentacion
447,2026-07-11,PAGO MULTA TRANSITO,26.86,Otros
447,2026-05-16,TELMEX INTERNET HOGAR CALI,137.7,Servicios
447,2026-05-24,SUPERMERCADO D1,65.91,Alimentacion
447,2026-06-13,COMBUSTIBLE TERPEL #6438,50.92,Transporte
447,2026-03-13,WALMART SUPERCENTER #9399 REF837362,57.19,Alimentacion
447,2026-03-10,JUMBO #2355,13.64,Alimentacion
447,2026-06-06,TELCEL PLAN CELULAR CIUDAD DE MEXICO REF290999,119.19,Servicios
447,2026-02-24,GASOLINERA PEMEX #9656 PUEBLA,185.01,Transporte
447,2026-03-10,SPOTIFY PREMIUM,81.77,Ocio
447,2026-03-19,DIDI,47.64,Transporte
447,2026-03-10,ADMINISTRACION CONDOMINIO TIJUANA,292.64,Vivienda
447,2026-07-10,COURSERA CURSO ONLINE #6469 CUCUTA,203.47,Educacion
447,2026-05-09,NETFLIX #4836 CARTAGENA REF989283,124.29,Ocio
447,2026-06-08,BAR RESTAURANTE AMIGOS,35.92,Ocio
447,2026-03-02,TRANSMILENIO #7858 MONTERREY,156.33,Transporte
448,2026-05-24,COLEGIATURA COLEGIO PRIVADO #8833,116.24,Educacion
448,2026-05-02,CARULLA #1198 TIJUANA,198.61,Alimentacion
448,2026-02-24,DEPOSITO BANCO AZTECA #4246,21.62,Otros
448,2026-05-02,HOME DEPOT MEXICO #4854 REF456424,627.55,Vivienda
448,2026-02-12,ESTACION SERVICIO PRIMAX,48.6,Transporte
448,2026-03-05,CONSULTORIO IMSS #6888 TIJUANA,266.58,Salud
448,2026-03-20,FARMACIAS SIMILARES,245.7,Salud
448,2026-05-07,GASOLINERA PEMEX BARRANQUILLA,203.57,Transporte
448,2026-02-17,CARULLA #9081,134.25,Alimentacion
448,2026-02-07,MATRICULA UNIVERSIDAD NACIONAL REF146671,297.77,Educacion
448,2026-05-01,ESTACION SERVICIO PRIMAX #5047,84.14,Transporte
448,2026-03-31,FARMACIAS GUADALAJARA #1397,67.54,Salud
448,2026-04-16,CLARO HOGAR INTERNET,74.82,Servicios
448,2026-05-24,SUPERMERCADO D1 #6849 REF825708,53.09,Alimentacion
448,2026-07-28,CLARO HOGAR INTERNET #3571,147.58,Servicios
448,2026-02-20,TRANSFERENCIA NEQUI #8896,26.36,Otros
448,2026-04-20,UBER,127.84,Transporte
448,2026-06-16,STEAM VIDEOJUEGOS CIUDAD DE MEXICO,83.31,Ocio
448,2026-04-24,CARULLA REF421556,149.9,Alimentacion
448,2026-02-27,GASOLINERA PEMEX,142.44,Transporte
448,2026-02-09,FARMACIA CRUZ VERDE #7768 REF556467,48.11,Salud
449,2026-06-01,RECARGA OXXO #1368 CARTAGENA,160.93,Otros
449,2026-02-28,EXITO #5839,190.38,Alimentacion
449,2026-05-04,BAR RESTAURANTE AMIGOS #3961,54.33,Ocio
449,2026-07-22,DISNEY PLUS MEDELLIN,51.56,Ocio
449,2026-06-14,TELMEX INTERNET HOGAR #3821 CUCUTA,76.52,Servicios
449,2026-05-28,DIDI,45.41,Transporte
449,2026-03-01,ARRIENDO APARTAMENTO #3964 MEDELLIN,467.0,Vivienda
449,2026-02-04,TRANSMILENIO,82.83,Transporte
449,2026-06-07,CABIFY #7183 CARTAGENA,180.47,Transporte
449,2026-05-13,BODEGA AURRERA #3480,206.7,Alimentacion
449,2026-06-11,FACTURA ACUEDUCTO #5929,97.42,Servicios
450,2026-06-11,ESTACION SERVICIO PRIMAX #5115,49.03,Transporte
450,2026-06-07,GASOLINERA PEMEX #3110,43.08,Transporte
450,2026-05-10,WALMART SUPERCENTER,212.06,Alimentacion
450,2026-03-01,IZZI TELECOM,45.91,Servicios
450,2026-02-17,DAVIPLATA,99.53,Otros
450,2026-07-30,SUPERMERCADO D1 #8229 TIJUANA,127.4,Alimentacion
450,2026-02-17,HOMECENTER #3315,439.81,Vivienda
450,2026-07-29,JUMBO #5149 GUADALAJARA,238.06,Alimentacion
450,2026-02-19,PAGO MULTA TRANSITO CIUDAD DE MEXICO REF621612,157.52,Otros
450,2026-07-27,ARA TIENDA,127.28,Alimentacion
450,2026-06-19,CLARO HOGAR INTERNET #6602 CIUDAD DE MEXICO,17.07,Servicios
450,2026-05-26,DISNEY PLUS CIUDAD DE MEXICO,58.31,Ocio
450,2026-03-30,FACTURA CFE #8069,96.84,Servicios
450,2026-06-14,TELCEL PLAN CELULAR #5109,90.3,Servicios
450,2026-06-09,PEAJE AUTOPISTA #3286 MEDELLIN,140.27,Transporte
450,2026-03-13,CHEDRAUI,50.06,Alimentacion
450,2026-02-11,PAGO INFONAVIT #7508 TIJUANA,473.27,Vivienda
450,2026-02-27,RETIRO CAJERO AUTOMATICO,41.05,Otros
450,2026-04-05,ESTACION SERVICIO PRIMAX,160.1,Transporte
450,2026-03-14,ESTACION SERVICIO PRIMAX,77.82,Transporte
451,2026-03-25,ICETEX CREDITO EDUCATIVO #6960 REF265350,245.34,Educacion
451,2026-03-09,UBER MEDELLIN,80.71,Transporte
451,2026-06-13,RENTA DEPARTAMENTO #6139,391.23,Vivienda
451,2026-03-13,WALMART SUPERCENTER,165.31,Alimentacion
451,2026-06-05,NETFLIX #344 QUERETARO,64.06,Ocio
451,2026-07-13,METROBUS CDMX,149.66,Transporte
451,2026-03-18,EXITO #3582 TIJUANA REF345740,122.76,Alimentacion
451,2026-07-07,TELMEX INTERNET HOGAR,42.31,Servicios
451,2026-06-24,CLARO HOGAR INTERNET BOGOTA,43.88,Servicios
451,2026-02-23,ARA TIENDA #9167 CUCUTA,11.51,Alimentacion
451,2026-02-23,FACTURA ACUEDUCTO #2065,55.63,Servicios
451,2026-06-21,AGENCIA DE VIAJES TIJUANA,98.61,Ocio
451,2026-05-30,METROBUS CDMX #7269,168.83,Transporte
451,2026-04-18,PEAJE AUTOPISTA PUEBLA,50.49,Transporte
451,2026-04-05,GASOLINERA PEMEX #4363,201.81,Transporte
451,2026-07-15,COMBUSTIBLE TERPEL BOGOTA,110.48,Transporte
451,2026-06-30,PEAJE AUTOPISTA,193.4,Transporte
451,2026-07-15,AGENCIA DE VIAJES #2937,93.35,Ocio
452,2026-07-10,CINE COLOMBIA MEDELLIN,48.05,Ocio
452,2026-04-17,SPOTIFY PREMIUM TIJUANA,103.33,Ocio
452,2026-05-21,ARA TIENDA #5631,98.12,Alimentacion
452,2026-03-02,STEAM VIDEOJUEGOS #4724 CALI,107.42,Ocio
452,2026-05-21,OXXO REF645346,43.98,Alimentacion
452,2026-02-09,COURSERA CURSO ONLINE #1926,90.01,Educacion
452,2026-05-23,TRANSMILENIO,78.18,Transporte
452,2026-07-02,TRANSFERENCIA MERCADO PAGO,79.44,Otros
453,2026-05-11,ARA TIENDA BOGOTA,266.44,Alimentacion
453,2026-06-17,CINEPOLIS #4079,16.07,Ocio
453,2026-03-17,UBER CARTAGENA REF934747,68.25,Transporte
453,2026-07-01,WALMART SUPERCENTER #7171 GUADALAJARA,106.82,Alimentacion
453,2026-03-31,GASOLINERA PEMEX,165.28,Transporte
453,2026-06-16,ARA TIENDA #1061 REF161705,164.94,Alimentacion
453,2026-02-09,RECARGA OXXO #5644,119.54,Otros
453,2026-07-01,RECARGA OXXO #1712,138.78,Otros
453,2026-04-28,RETIRO CAJERO AUTOMATICO #6391 CUCUTA,30.06,Otros
453,2026-06-20,WALMART SUPERCENTER,226.63,Alimentacion
453,2026-06-26,NETFLIX #4534,93.2,Ocio
453,2026-04-21,TELMEX INTERNET HOGAR #1436,92.94,Servicios
453,2026-02-19,CHEDRAUI #9291,241.33,Alimentacion
453,2026-04-05,CINEPOLIS,92.54,Ocio
453,2026-05-14,ADMINISTRACION CONDOMINIO #3356,250.85,Vivienda
453,2026-05-27,AGENCIA DE VIAJES REF779898,58.72,Ocio
453,2026-06-19,NETFLIX REF642277,66.76,Ocio
453,2026-06-17,ADMINISTRACION CONJUNTO RESIDENCIAL #1388,177.61,Vivienda
453,2026-05-22,ESTACION SERVICIO PRIMAX,200.93,Transporte
453,2026-06-24,FARMACIAS DEL AHORRO #7709,51.64,Salud
453,2026-07-26,FARMACIAS SIMILARES #9596,213.78,Salud
454,2026-04-30,PEAJE AUTOPISTA,55.79,Transporte
454,2026-06-07,JUMBO #6064 MEDELLIN REF145910,41.62,Alimentacion
454,2026-07-04,SORIANA BOGOTA,104.48,Alimentacion
454,2026-02-05,DIDI CIUDAD DE MEXICO,61.09,Transporte
454,2026-03-20,DISNEY PLUS,68.34,Ocio
454,2026-03-22,CINEPOLIS,125.8,Ocio
454,2026-05-21,SORIANA,159.49,Alimentacion
454,2026-05-13,JUMBO #6160,241.38,Alimentacion
454,2026-06-11,AGENCIA DE VIAJES #3744,86.36,Ocio
454,2026-05-23,TELCEL PLAN CELULAR #9650 BOGOTA,79.16,Servicios
454,2026-06-12,CINEPOLIS,111.83,Ocio
454,2026-03-19,BODEGA AURRERA #7290 CIUDAD DE MEXICO,132.56,Alimentacion
454,2026-04-30,ADMINISTRACION CONJUNTO RESIDENCIAL QUERETARO,584.31,Vivienda
454,2026-02-14,COOMEVA MEDICINA PREPAGADA,98.1,Salud
454,2026-06-21,JUMBO #6099 REF943085,43.49,Alimentacion
454,2026-05-21,DAVIPLATA #5776,155.4,Otros
454,2026-07-03,SORIANA #6485 REF580652,162.73,Alimentacion
454,2026-07-27,MATRICULA UNIVERSIDAD NACIONAL #8196 MONTERREY,358.41,Educacion
454,2026-03-03,MOVISTAR PLAN CELULAR,141.61,Servicios
454,2026-05-03,FARMACIAS SIMILARES #5655 GUADALAJARA,30.28,Salud
454,2026-03-21,ARA TIENDA #8509,140.25,Alimentacion
454,2026-05-28,PEAJE AUTOPISTA #8562 REF110529,84.99,Transporte
454,2026-03-15,SUPERMERCADO D1 #9978,172.72,Alimentacion
454,2026-05-31,CABIFY QUERETARO REF846551,168.72,Transporte
454,2026-05-21,BODEGA AURRERA REF114355,82.95,Alimentacion
454,2026-02-13,ARA TIENDA #6987,154.77,Alimentacion
455,2026-06-24,JUMBO #5656,141.69,Alimentacion
455,2026-02-28,PAGO MULTA TRANSITO QUERETARO,24.59,Otros
455,2026-03-09,WALMART SUPERCENTER GUADALAJARA,262.08,Alimentacion
455,2026-07-03,SORIANA #1214,20.06,Alimentacion
455,2026-03-15,CINE COLOMBIA,99.19,Ocio
455,2026-02-10,SUPERMERCADO D1 #6893 QUERETARO REF566695,146.53,Alimentacion
455,2026-02-07,MATRICULA UNIVERSIDAD NACIONAL #7598,163.23,Educacion
455,2026-02-22,CINEPOLIS,13.23,Ocio
456,2026-05-25,IZZI TELECOM REF767451,75.71,Servicios
456,2026-04-02,SUPERMERCADO D1 #2784,151.38,Alimentacion
456,2026-05-06,EXITO,36.06,Alimentacion
456,2026-03-14,SORIANA #4938,252.36,Alimentacion
456,2026-07-06,FARMACIAS SIMILARES #9794,121.74,Salud
456,2026-07-11,BODEGA AURRERA #9553 GUADALAJARA REF391902,31.0,Alimentacion
456,2026-03-16,CABIFY #4044 PUEBLA,87.46,Transporte
456,2026-07-12,TRANSFERENCIA NEQUI REF795992,112.03,Otros
456,2026-02-06,HOMECENTER #6496 GUADALAJARA,406.83,Vivienda
456,2026-02-12,TELMEX INTERNET HOGAR REF530492,108.76,Servicios
456,2026-05-11,ARA TIENDA #8317 REF420663,24.43,Alimentacion
456,2026-06-16,FARMACIAS DEL AHORRO #8292 CUCUTA,96.09,Salud
456,2026-02-28,RECARGA OXXO PUEBLA,149.27,Otros
456,2026-07-17,DIDI #7644,25.98,Transporte
456,2026-03-07,CONSULTORIO IMSS PUEBLA REF856173,258.81,Salud
456,2026-04-27,FACTURA CFE #6970 BOGOTA,27.41,Servicios
457,2026-06-27,WALMART SUPERCENTER #2770,163.08,Alimentacion
457,2026-03-02,SUPERAMA BOGOTA,215.37,Alimentacion
457,2026-05-16,PLATZI CURSO ONLINE #492,271.09,Educacion
457,2026-04-08,UBER #6362 REF492557,131.75,Transporte
457,2026-06-14,PAGO MULTA TRANSITO #2635,80.0,Otros
457,2026-03-10,CARULLA #8958,133.19,Alimentacion
457,2026-03-31,EXITO #7628 QUERETARO,117.78,Alimentacion
457,2026-06-06,FACTURA ENERGIA ENEL CODENSA REF804404,128.69,Servicios
457,2026-06-25,JUMBO,69.8,Alimentacion
458,2026-05-23,PAGO MULTA TRANSITO,94.18,Otros
458,2026-05-22,RENTA DEPARTAMENTO,454.61,Vivienda
458,2026-02-27,JUMBO TIJUANA,81.48,Alimentacion
458,2026-02-19,NETFLIX,94.6,Ocio
458,2026-04-10,RENTA DEPARTAMENTO,447.46,Vivienda
458,2026-03-05,BAR RESTAURANTE AMIGOS,45.6,Ocio
458,2026-02-14,SUPERMERCADO D1 #4066 MONTERREY,16.6,Alimentacion
458,2026-06-08,TELMEX INTERNET HOGAR #5766 TIJUANA,116.27,Servicios
458,2026-05-26,ESTACION SERVICIO PRIMAX,52.95,Transporte
458,2026-04-10,MATRICULA UNIVERSIDAD NACIONAL #9271,337.93,Educacion
458,2026-07-12,DIDI,94.06,Transporte
458,2026-06-16,ARRIENDO APARTAMENTO #8683,438.54,Vivienda
458,2026-03-24,BAR RESTAURANTE AMIGOS,114.12,Ocio
458,2026-05-08,FARMACIAS SIMILARES #4732 REF109607,261.13,Salud
458,2026-05-17,FACTURA ENERGIA ENEL CODENSA,65.16,Servicios
458,2026-04-18,CABIFY,51.78,Transporte
458,2026-05-04,PEAJE AUTOPISTA,165.03,Transporte
458,2026-03-20,SUPERMERCADO D1 #1275,122.6,Alimentacion
458,2026-03-17,BODEGA AURRERA,59.93,Alimentacion
458,2026-02-18,FARMACIAS SIMILARES,272.76,Salud
458,2026-05-03,SORIANA REF114760,61.51,Alimentacion
458,2026-05-07,BAR RESTAURANTE AMIGOS #1853,8.23,Ocio
459,2026-04-27,JUMBO #2290 CIUDAD DE MEXICO,25.11,Alimentacion
459,2026-06-11,UBER,195.82,Transporte
459,2026-06-30,ARRIENDO APARTAMENTO #4007 CALI REF585621,261.26,Vivienda
459,2026-02-28,SUPERAMA #922 MEDELLIN,269.92,Alimentacion
459,2026-02-06,NETFLIX,26.44,Ocio
459,2026-06-23,UBER #8060 TIJUANA,164.31,Transporte
459,2026-02-01,CINE COLOMBIA CALI,32.93,Ocio
459,2026-03-05,COLEGIATURA COLEGIO PRIVADO,55.32,Educacion
459,2026-07-29,FARMACIAS DEL AHORRO PUEBLA,264.36,Salud
459,2026-06-26,BAR RESTAURANTE AMIGOS,112.34,Ocio
459,2026-04-13,AGENCIA DE VIAJES,55.45,Ocio
459,2026-05-26,CARULLA BOGOTA,192.62,Alimentacion
459,2026-03-15,RENTA DEPARTAMENTO,428.53,Vivienda
460,2026-06-11,BAR RESTAURANTE AMIGOS #560,116.43,Ocio
460,2026-03-25,MATRICULA UNAM #7074 QUERETARO,87.2,Educacion
460,2026-05-24,TRANSFERENCIA MERCADO PAGO,35.42,Otros
460,2026-03-18,FARMACIAS SIMILARES REF863228,179.42,Salud
460,2026-03-04,CLARO HOGAR INTERNET CALI,103.76,Servicios
460,2026-06-25,BODEGA AURRERA REF183866,60.6,Alimentacion
460,2026-02-16,SUPERMERCADO D1 TIJUANA REF245209,111.59,Alimentacion
460,2026-07-04,TELMEX INTERNET HOGAR #6379 REF404774,142.79,Servicios
461,2026-04-07,ARA TIENDA #120,158.03,Alimentacion
461,2026-06-21,STEAM VIDEOJUEGOS #983,91.58,Ocio
461,2026-05-19,MATRICULA UNAM #4063 GUADALAJARA,247.07,Educacion
461,2026-05-23,SORIANA #4303,238.46,Alimentacion
461,2026-06-26,ICETEX CREDITO EDUCATIVO #1113,158.83,Educacion
461,2026-05-27,ARA TIENDA,87.97,Alimentacion
461,2026-03-13,SORIANA REF472794,65.6,Alimentacion
461,2026-05-05,CABIFY #7027,17.56,Transporte
461,2026-02-07,BAR RESTAURANTE AMIGOS CUCUTA REF242806,10.38,Ocio
461,2026-03-20,FACTURA ACUEDUCTO #6091,132.46,Servicios
461,2026-06-29,BODEGA AURRERA #3475 MONTERREY REF216463,186.38,Alimentacion
461,2026-07-17,PAGO INFONAVIT #439,480.27,Vivienda
461,2026-05-05,CABIFY,132.93,Transporte
461,2026-07-03,METROBUS CDMX #9971 REF341757,179.84,Transporte
461,2026-02-09,DIDI,106.05,Transporte
461,2026-04-13,JUMBO #4944,236.31,Alimentacion
461,2026-04-27,TRANSFERENCIA MERCADO PAGO,71.11,Otros
461,2026-05-04,SPOTIFY PREMIUM REF998515,120.84,Ocio
462,2026-04-01,AGENCIA DE VIAJES #3219,78.91,Ocio
462,2026-06-14,CABIFY #1262,72.96,Transporte
462,2026-03-21,EXITO #9107,23.61,Alimentacion
462,2026-02-18,ADMINISTRACION CONDOMINIO #4186,624.33,Vivienda
462,2026-02-07,METROBUS CDMX #5226,138.3,Transporte
462,2026-02-12,TELCEL PLAN CELULAR,133.38,Servicios
462,2026-06-17,ICETEX CREDITO EDUCATIVO #2451 CARTAGENA,278.52,Educacion
462,2026-04-02,CARULLA,102.82,Alimentacion
462,2026-05-01,EXITO CALI REF157733,143.3,Alimentacion
462,2026-07-19,SUPERMERCADO D1 #9708 QUERETARO,185.69,Alimentacion
462,2026-07-28,NETFLIX #6374 GUADALAJARA REF990430,125.03,Ocio
462,2026-03-09,DAVIPLATA #8890 GUADALAJARA,53.12,Otros
462,2026-04-22,FACTURA ACUEDUCTO REF146117,133.12,Servicios
462,2026-03-25,COMBUSTIBLE TERPEL,194.82,Transporte
462,2026-05-31,DIDI CUCUTA REF120863,144.08,Transporte
462,2026-04-22,DAVIPLATA #5103,168.32,Otros
462,2026-02-05,TRANSFERENCIA NEQUI #7686,77.64,Otros
462,2026-04-13,TELMEX INTERNET HOGAR #4611,143.66,Servicios
462,2026-05-16,CINEPOLIS,92.85,Ocio
463,2026-05-27,DIDI,64.58,Transporte
463,2026-07-28,ESTACION SERVICIO PRIMAX #8374 REF975980,10.49,Transporte
463,2026-03-28,RETIRO CAJERO AUTOMATICO #7367 GUADALAJARA,80.67,Otros
463,2026-06-24,FARMACIA CRUZ VERDE CALI REF289208,222.57,Salud
463,2026-06-19,PEAJE AUTOPISTA CIUDAD DE MEXICO,169.75,Transporte
463,2026-07-20,CLARO HOGAR INTERNET CUCUTA,142.6,Servicios
463,2026-04-15,JUMBO #8190,168.21,Alimentacion
463,2026-06-30,MATRICULA UNAM #926 CARTAGENA,120.49,Educacion
463,2026-02-22,BAR RESTAURANTE AMIGOS #4493,120.52,Ocio
463,2026-05-19,ARA TIENDA,211.58,Alimentacion
463,2026-06-04,SORIANA,159.35,Alimentacion
463,2026-03-19,WALMART SUPERCENTER,190.87,Alimentacion
463,2026-04-05,EXITO,250.32,Alimentacion
463,2026-06-12,TRANSMILENIO #3759,152.48,Transporte
463,2026-07-27,CINEPOLIS #6459,51.05,Ocio
463,2026-02-08,ARA TIENDA MONTERREY,195.39,Alimentacion
463,2026-06-20,ESTACION SERVICIO PRIMAX,18.06,Transporte
463,2026-04-08,HOME DEPOT MEXICO #5394 REF949257,343.21,Vivienda
463,2026-04-20,CHEDRAUI CIUDAD DE MEXICO,115.64,Alimentacion
463,2026-06-14,JUMBO,53.38,Alimentacion
463,2026-06-19,CINE COLOMBIA #723,7.89,Ocio
464,2026-02-01,BAR RESTAURANTE AMIGOS,79.92,Ocio
464,2026-02-24,FACTURA ENERGIA ENEL CODENSA #461,141.51,Servicios
464,2026-07-06,RETIRO CAJERO AUTOMATICO,38.4,Otros
464,2026-03-30,OXXO #9556 MEDELLIN,196.59,Alimentacion
464,2026-03-04,DIDI #6015,161.0,Transporte
464,2026-03-05,CINE COLOMBIA REF374571,16.12,Ocio
464,2026-07-07,TRANSFERENCIA NEQUI,156.41,Otros
464,2026-04-12,BAR RESTAURANTE AMIGOS #7880,106.64,Ocio
464,2026-05-21,WALMART SUPERCENTER,18.68,Alimentacion
464,2026-03-07,CLARO HOGAR INTERNET #6916,27.3,Servicios
464,2026-07-29,TELMEX INTERNET HOGAR,21.63,Servicios
464,2026-04-05,WALMART SUPERCENTER,97.03,Alimentacion
464,2026-07-21,TRANSMILENIO #4848,111.86,Transporte
464,2026-05-31,STEAM VIDEOJUEGOS MONTERREY,71.54,Ocio
464,2026-06-20,ADMINISTRACION CONDOMINIO,283.83,Vivienda
464,2026-06-08,PAGO INFONAVIT,605.8,Vivienda
464,2026-06-26,METROBUS CDMX,83.65,Transporte
464,2026-03-28,ADMINISTRACION CONDOMINIO #9224 TIJUANA,172.78,Vivienda
464,2026-06-05,ESTACION SERVICIO PRIMAX #3801 CALI REF615311,70.05,Transporte
464,2026-04-01,METROBUS CDMX #7554,116.22,Transporte
464,2026-07-16,FACTURA ACUEDUCTO REF930892,70.11,Servicios
464,2026-02-06,EXITO CUCUTA REF978898,81.2,Alimentacion
464,2026-07-29,FACTURA ACUEDUCTO #9071,32.73,Servicios
465,2026-03-11,DEPOSITO BANCO AZTECA CARTAGENA,86.57,Otros
465,2026-06-24,RETIRO CAJERO AUTOMATICO,119.93,Otros
465,2026-05-10,TRANSMILENIO,200.56,Transporte
465,2026-04-13,PEAJE AUTOPISTA,168.91,Transporte
465,2026-05-08,SPOTIFY PREMIUM #9034 REF516466,10.0,Ocio
465,2026-03-02,IZZI TELECOM #829,59.86,Servicios
465,2026-02-26,OXXO #2044,132.34,Alimentacion
465,2026-04-26,COOMEVA MEDICINA PREPAGADA #8655,104.64,Salud
465,2026-03-05,ESTACION SERVICIO PRIMAX,150.04,Transporte
465,2026-07-01,ESTACION SERVICIO PRIMAX #6705,175.25,Transporte
465,2026-02-09,CABIFY,156.27,Transporte
465,2026-05-02,OXXO,267.23,Alimentacion
465,2026-03-01,GASOLINERA PEMEX,64.51,Transporte
465,2026-03-30,UBER,185.0,Transporte
465,2026-05-11,SUPERAMA REF584829,209.32,Alimentacion
466,2026-06-04,SUPERAMA,86.0,Alimentacion
466,2026-06-17,CINEPOLIS #4728,86.97,Ocio
466,2026-04-08,PEAJE AUTOPISTA,138.32,Transporte
466,2026-07-31,OXXO,64.47,Alimentacion
466,2026-06-27,FARMACIAS GUADALAJARA #7635,23.66,Salud
466,2026-03-10,ARA TIENDA #5543,122.74,Alimentacion
466,2026-06-21,NETFLIX,76.19,Ocio
466,2026-07-17,STEAM VIDEOJUEGOS #8290,114.58,Ocio
466,2026-07-14,CINE COLOMBIA #622,121.03,Ocio
466,2026-06-13,RECARGA OXXO,99.9,Otros
466,2026-07-11,FACTURA ACUEDUCTO #4720 BARRANQUILLA,116.76,Servicios
466,2026-05-19,AGENCIA DE VIAJES #7540 MONTERREY,59.91,Ocio
466,2026-06-21,BAR RESTAURANTE AMIGOS #1931,98.26,Ocio
466,2026-05-27,PEAJE AUTOPISTA,50.96,Transporte
466,2026-02-24,WALMART SUPERCENTER,106.48,Alimentacion
466,2026-04-22,SORIANA,174.9,Alimentacion
466,2026-03-27,ICETEX CREDITO EDUCATIVO #8381 REF797018,31.81,Educacion
466,2026-04-14,ARA TIENDA #1755,197.84,Alimentacion
466,2026-07-01,ESTACION SERVICIO PRIMAX,177.11,Transporte
466,2026-02-28,NETFLIX #5565,54.89,Ocio
466,2026-03-13,EXITO #1386,126.47,Alimentacion
466,2026-04-21,ARRIENDO APARTAMENTO #1390 MONTERREY,575.64,Vivienda
466,2026-02-19,EXITO #5219,211.67,Alimentacion
466,2026-07-09,ARA TIENDA #8004,84.92,Alimentacion
467,2026-05-05,UBER #3103,207.19,Transporte
467,2026-04-17,ESTACION SERVICIO PRIMAX #5042 REF787740,163.4,Transporte
467,2026-04-17,COMBUSTIBLE TERPEL,198.39,Transporte
467,2026-06-08,TELCEL PLAN CELULAR #993,44.19,Servicios
467,2026-06-02,UBER PUEBLA REF483665,164.3,Transporte
467,2026-02-21,METROBUS CDMX #6536,14.04,Transporte
467,2026-07-15,CONSULTORIO IMSS #1723,206.17,Salud
467,2026-03-04,UBER #4613,103.86,Transporte
467,2026-06-11,WALMART SUPERCENTER #501,100.16,Alimentacion
467,2026-04-26,COURSERA CURSO ONLINE,348.4,Educacion
467,2026-07-06,ADMINISTRACION CONDOMINIO #4318,577.13,Vivienda
467,2026-02-14,COOMEVA MEDICINA PREPAGADA #7567 BOGOTA,21.36,Salud
467,2026-03-21,DISNEY PLUS #4691,81.19,Ocio
467,2026-03-06,METROBUS CDMX,83.57,Transporte
467,2026-05-31,FARMACIA CRUZ VERDE #1657,133.46,Salud
467,2026-06-29,DISNEY PLUS,109.01,Ocio
467,2026-07-01,TRANSMILENIO #9150,71.97,Transporte
467,2026-06-26,BODEGA AURRERA #4901,255.19,Alimentacion
467,2026-03-17,CINE COLOMBIA #535,27.45,Ocio
468,2026-03-07,HOME DEPOT MEXICO MEDELLIN,530.9,Vivienda
468,2026-07-10,CHEDRAUI #9489,95.56,Alimentacion
468,2026-02-01,SUPERMERCADO D1 REF339492,148.83,Alimentacion
468,2026-05-29,ESTACION SERVICIO PRIMAX #3533 REF491476,22.34,Transporte
468,2026-06-26,CABIFY,51.75,Transporte
468,2026-02-04,TELMEX INTERNET HOGAR,80.59,Servicios
468,2026-04-13,JUMBO #7412 REF973060,32.35,Alimentacion
468,2026-07-07,DISNEY PLUS #2206 CIUDAD DE MEXICO,110.42,Ocio
468,2026-02-17,DIDI #8098 MONTERREY,153.6,Transporte
468,2026-06-26,METROBUS CDMX QUERETARO REF245808,198.73,Transporte
468,2026-07-11,SORIANA #9212,190.3,Alimentacion
468,2026-03-29,JUMBO #5709,254.5,Alimentacion
468,2026-04-03,ADMINISTRACION CONDOMINIO #5788,427.26,Vivienda
468,2026-04-05,ESTACION SERVICIO PRIMAX #5214 BARRANQUILLA REF460903,130.04,Transporte
469,2026-06-29,UBER #5831 PUEBLA,144.26,Transporte
469,2026-04-27,GASOLINERA PEMEX,208.04,Transporte
469,2026-02-27,BODEGA AURRERA #184,33.57,Alimentacion
469,2026-07-01,UBER CALI,143.45,Transporte
469,2026-07-31,CONSULTORIO IMSS #7111,95.77,Salud
469,2026-04-08,SORIANA BARRANQUILLA REF973195,176.42,Alimentacion
469,2026-05-20,ESTACION SERVICIO PRIMAX #4773,131.52,Transporte
469,2026-02-06,DISNEY PLUS #5809 MONTERREY,24.18,Ocio
469,2026-03-10,ICETEX CREDITO EDUCATIVO #7062,102.53,Educacion
470,2026-03-22,CHEDRAUI,136.9,Alimentacion
470,2026-02-21,TRANSFERENCIA NEQUI REF285530,169.99,Otros
470,2026-06-11,SUPERAMA,69.06,Alimentacion
470,2026-03-05,FACTURA CFE #1443 QUERETARO REF916365,67.6,Servicios
470,2026-06-19,BODEGA AURRERA #5263 BOGOTA,167.68,Alimentacion
470,2026-04-04,BODEGA AURRERA,206.39,Alimentacion
470,2026-07-23,CINE COLOMBIA #4206 REF928243,117.71,Ocio
470,2026-02-17,SUPERMERCADO D1 #9126 TIJUANA,248.02,Alimentacion
470,2026-07-19,ARA TIENDA #8851 MEDELLIN,211.93,Alimentacion
470,2026-03-10,TRANSFERENCIA MERCADO PAGO #4911,48.82,Otros
470,2026-07-02,FARMACIAS GUADALAJARA TIJUANA REF442428,22.07,Salud
470,2026-04-24,ARRIENDO APARTAMENTO MONTERREY,341.89,Vivienda
470,2026-02-05,MATRICULA UNIVERSIDAD NACIONAL,78.08,Educacion
470,2026-07-16,GASOLINERA PEMEX GUADALAJARA REF711013,152.08,Transporte
470,2026-04-02,JUMBO,181.89,Alimentacion
470,2026-07-04,WALMART SUPERCENTER,21.43,Alimentacion
470,2026-06-09,BODEGA AURRERA,227.51,Alimentacion
470,2026-02-05,TRANSMILENIO,59.75,Transporte
470,2026-02-13,DIDI BARRANQUILLA,96.45,Transporte
470,2026-05-06,DEPOSITO BANCO AZTECA,123.55,Otros
470,2026-02-10,TELMEX INTERNET HOGAR PUEBLA,72.97,Servicios
470,2026-07-10,PAGO MULTA TRANSITO #7763,85.02,Otros
470,2026-02-22,FARMACIA CRUZ VERDE #3190 CUCUTA,33.7,Salud
470,2026-02-20,SUPERAMA BARRANQUILLA REF454847,114.38,Alimentacion
471,2026-02-11,BAR RESTAURANTE AMIGOS #1905,60.02,Ocio
471,2026-07-03,CHEDRAUI #1900 BARRANQUILLA REF221515,216.95,Alimentacion
471,2026-02-25,RECARGA OXXO,113.65,Otros
471,2026-02-10,CARULLA,38.75,Alimentacion
471,2026-05-14,SPOTIFY PREMIUM #3913,83.47,Ocio
471,2026-07-26,CINEPOLIS #3671,28.34,Ocio
471,2026-07-04,COURSERA CURSO ONLINE #1621 REF222763,216.33,Educacion
471,2026-04-24,SORIANA #2797 BARRANQUILLA,147.57,Alimentacion
471,2026-07-11,GASOLINERA PEMEX,185.24,Transporte
471,2026-05-08,FACTURA ACUEDUCTO,77.44,Servicios
471,2026-05-31,RETIRO CAJERO AUTOMATICO,57.51,Otros
471,2026-05-23,PEAJE AUTOPISTA TIJUANA,56.19,Transporte
471,2026-02-24,GASOLINERA PEMEX REF397407,184.85,Transporte
471,2026-05-09,PEAJE AUTOPISTA #1238 BOGOTA,44.2,Transporte
471,2026-07-10,PEAJE AUTOPISTA #8878 REF299928,95.17,Transporte
471,2026-07-19,CABIFY #6404 QUERETARO,47.43,Transporte
471,2026-04-12,COMBUSTIBLE TERPEL #9514,164.66,Transporte
471,2026-04-09,PEAJE AUTOPISTA #6252 REF209636,104.87,Transporte
472,2026-05-08,WALMART SUPERCENTER REF501069,243.23,Alimentacion
472,2026-03-17,CHEDRAUI #4548,244.45,Alimentacion
472,2026-04-24,ARA TIENDA #6069,95.41,Alimentacion
472,2026-04-04,FARMACIAS GUADALAJARA #9352,286.45,Salud
472,2026-03-13,ARRIENDO APARTAMENTO,162.44,Vivienda
472,2026-02-01,SPOTIFY PREMIUM #9240,52.1,Ocio
472,2026-06-06,MOVISTAR PLAN CELULAR #1425 REF955081,135.93,Servicios
472,2026-05-29,SUPERAMA QUERETARO,81.41,Alimentacion
472,2026-02-22,ICETEX CREDITO EDUCATIVO #8801 REF876590,127.41,Educacion
472,2026-07-07,CLARO HOGAR INTERNET REF480216,55.85,Servicios
472,2026-05-25,AGENCIA DE VIAJES,81.54,Ocio
472,2026-02-13,DIDI REF366296,97.67,Transporte
472,2026-05-12,PAGO INFONAVIT,513.37,Vivienda
472,2026-04-10,DISNEY PLUS #4986,116.86,Ocio
472,2026-02-24,STEAM VIDEOJUEGOS #6505 PUEBLA,89.27,Ocio
472,2026-02-04,CARULLA,63.16,Alimentacion
472,2026-06-18,RETIRO CAJERO AUTOMATICO #5026,168.56,Otros
472,2026-02-24,TELMEX INTERNET HOGAR #1894,50.71,Servicios
472,2026-02-09,TRANSMILENIO,39.98,Transporte
473,2026-06-15,CONSULTORIO IMSS #2586,247.77,Salud
473,2026-07-29,ARA TIENDA #5355,207.95,Alimentacion
473,2026-07-17,UBER CALI,62.5,Transporte
473,2026-02-09,CONSULTORIO IMSS,84.91,Salud
473,2026-06-24,FARMACIAS SIMILARES MEDELLIN,290.25,Salud
473,2026-06-03,DIDI #3480,11.65,Transporte
473,2026-06-17,DIDI #7654,185.94,Transporte
473,2026-04-11,DAVIPLATA #1203,43.95,Otros
473,2026-07-30,WALMART SUPERCENTER CALI,256.29,Alimentacion
473,2026-02-17,OXXO #3413,99.0,Alimentacion
473,2026-07-20,FACTURA ENERGIA ENEL CODENSA #5413,74.45,Servicios
473,2026-04-27,DIDI #5160 GUADALAJARA REF908481,151.42,Transporte
473,2026-03-24,CARULLA,162.79,Alimentacion
473,2026-02-06,SORIANA #9202,92.66,Alimentacion
473,2026-07-03,OXXO #3979 BARRANQUILLA,154.0,Alimentacion
473,2026-06-12,DIDI #8634 REF502651,156.14,Transporte
473,2026-03-12,MOVISTAR PLAN CELULAR CALI REF555127,20.72,Servicios
473,2026-07-10,FACTURA ENERGIA ENEL CODENSA #1667,16.51,Servicios
473,2026-05-25,DEPOSITO BANCO AZTECA,87.87,Otros
473,2026-07-06,COURSERA CURSO ONLINE #2292,74.44,Educacion
474,2026-03-02,CINE COLOMBIA #1377,19.51,Ocio
474,2026-04-01,HOMECENTER,161.55,Vivienda
474,2026-05-04,RECARGA OXXO #9634,18.69,Otros
474,2026-07-20,CHEDRAUI MEDELLIN,258.11,Alimentacion
474,2026-02-20,WALMART SUPERCENTER,46.99,Alimentacion
474,2026-06-17,MATRICULA UNAM #5744,290.68,Educacion
474,2026-07-08,EXITO #2237 CALI REF571967,27.66,Alimentacion
474,2026-02-04,DIDI #3658 REF938261,31.63,Transporte
474,2026-06-21,ESTACION SERVICIO PRIMAX,111.78,Transporte
474,2026-04-09,ARRIENDO APARTAMENTO #2287,382.44,Vivienda
474,2026-03-05,FARMACIA CRUZ VERDE,286.2,Salud
474,2026-07-19,EXITO #7819,255.66,Alimentacion
474,2026-05-30,FACTURA ACUEDUCTO QUERETARO,120.25,Servicios
474,2026-04-22,CARULLA #1979 TIJUANA,166.55,Alimentacion
474,2026-04-23,WALMART SUPERCENTER #867,128.29,Alimentacion
474,2026-03-13,TRANSFERENCIA MERCADO PAGO REF309962,70.55,Otros
474,2026-06-03,DAVIPLATA #3075 QUERETARO,171.0,Otros
474,2026-06-15,TRANSFERENCIA NEQUI CARTAGENA,112.49,Otros
474,2026-04-18,PEAJE AUTOPISTA REF910499,125.81,Transporte
474,2026-06-07,BAR RESTAURANTE AMIGOS #7851,33.99,Ocio
474,2026-07-13,DISNEY PLUS CIUDAD DE MEXICO,10.84,Ocio
474,2026-04-06,SUPERAMA,255.75,Alimentacion
474,2026-05-25,ESTACION SERVICIO PRIMAX,72.75,Transporte
474,2026-06-24,IZZI TELECOM,74.75,Servicios
474,2026-05-18,SUPERAMA,39.81,Alimentacion
475,2026-05-13,STEAM VIDEOJUEGOS,27.28,Ocio
475,2026-06-26,UBER #4400 TIJUANA,181.84,Transporte
475,2026-06-05,FACTURA ACUEDUCTO #6316,69.48,Servicios
475,2026-05-20,BODEGA AURRERA #3938 REF522807,113.62,Alimentacion
475,2026-05-10,FACTURA ACUEDUCTO QUERETARO,37.93,Servicios
475,2026-06-08,CABIFY,86.61,Transporte
475,2026-02-11,COMBUSTIBLE TERPEL,184.32,Transporte
475,2026-02-25,BODEGA AURRERA REF994368,104.41,Alimentacion
475,2026-05-05,MOVISTAR PLAN CELULAR #9263 REF602139,143.47,Servicios
475,2026-02-18,ICETEX CREDITO EDUCATIVO REF791327,379.87,Educacion
475,2026-07-10,CINE COLOMBIA TIJUANA,23.11,Ocio
475,2026-02-22,CINE COLOMBIA REF347705,27.16,Ocio
475,2026-02-06,STEAM VIDEOJUEGOS #6051 MONTERREY REF198485,112.83,Ocio
475,2026-02-19,SORIANA #8328,112.12,Alimentacion
475,2026-06-16,ESTACION SERVICIO PRIMAX #6533,10.87,Transporte
475,2026-04-30,PEAJE AUTOPISTA,64.77,Transporte
475,2026-06-09,UBER #4499,129.53,Transporte
476,2026-05-20,DIDI BARRANQUILLA,127.96,Transporte
476,2026-03-20,COMBUSTIBLE TERPEL #2431 PUEBLA,163.84,Transporte
476,2026-05-01,FACTURA CFE CALI,72.9,Servicios
476,2026-07-25,TRANSFERENCIA NEQUI #9503,138.94,Otros
476,2026-07-14,COURSERA CURSO ONLINE #3136 BOGOTA REF423756,164.43,Educacion
476,2026-02-07,FARMACIAS SIMILARES #9801,84.57,Salud
476,2026-04-18,PEAJE AUTOPISTA #9070 CALI,155.8,Transporte
476,2026-02-12,COMBUSTIBLE TERPEL BOGOTA,93.93,Transporte
476,2026-04-29,CINE COLOMBIA #4910,127.67,Ocio
476,2026-04-29,TELMEX INTERNET HOGAR REF327946,62.18,Servicios
477,2026-05-26,SUPERMERCADO D1 #4236 REF864265,69.23,Alimentacion
477,2026-04-11,TRANSMILENIO #7082,49.87,Transporte
477,2026-02-23,COMBUSTIBLE TERPEL #1514 CALI REF177638,95.09,Transporte
477,2026-07-27,TELMEX INTERNET HOGAR,116.99,Servicios
477,2026-02-15,DAVIPLATA #3820 CIUDAD DE MEXICO,112.86,Otros
477,2026-05-02,PAGO INFONAVIT,494.31,Vivienda
477,2026-06-08,CABIFY #9861 CARTAGENA REF648254,66.47,Transporte
477,2026-03-05,FACTURA ENERGIA ENEL CODENSA #2537,79.99,Servicios
477,2026-03-10,DISNEY PLUS,10.55,Ocio
477,2026-07-06,FARMACIAS SIMILARES,248.0,Salud
477,2026-06-15,SUPERAMA,267.37,Alimentacion
477,2026-02-12,CINEPOLIS REF283167,55.86,Ocio
477,2026-04-12,SORIANA #4271,12.85,Alimentacion
477,2026-02-01,TRANSFERENCIA NEQUI TIJUANA REF373363,38.86,Otros
478,2026-06-15,SUPERAMA,188.88,Alimentacion
478,2026-06-03,FACTURA CFE GUADALAJARA,58.58,Servicios
478,2026-03-23,AGENCIA DE VIAJES #9290 REF375341,73.19,Ocio
478,2026-05-25,ESTACION SERVICIO PRIMAX REF476208,39.45,Transporte
478,2026-07-20,JUMBO,127.67,Alimentacion
478,2026-03-21,GASOLINERA PEMEX #1811 TIJUANA,186.24,Transporte
478,2026-02-25,STEAM VIDEOJUEGOS QUERETARO,57.65,Ocio
478,2026-03-04,DISNEY PLUS #1978 REF762579,109.95,Ocio
479,2026-04-19,CINEPOLIS,14.1,Ocio
479,2026-03-01,MOVISTAR PLAN CELULAR #9632,28.33,Servicios
479,2026-06-14,CARULLA,118.14,Alimentacion
479,2026-05-21,FARMACIAS DEL AHORRO #6326,102.03,Salud
479,2026-04-10,WALMART SUPERCENTER #7384 CIUDAD DE MEXICO,250.64,Alimentacion
479,2026-07-14,BAR RESTAURANTE AMIGOS #7362 BARRANQUILLA,51.96,Ocio
479,2026-04-27,FACTURA ACUEDUCTO #6732,117.31,Servicios
479,2026-03-28,ICETEX CREDITO EDUCATIVO #8197 MONTERREY,223.84,Educacion
479,2026-05-09,STEAM VIDEOJUEGOS #4163 QUERETARO,93.01,Ocio
479,2026-03-11,CARULLA TIJUANA,77.63,Alimentacion
479,2026-05-23,SPOTIFY PREMIUM,122.74,Ocio
479,2026-05-14,CARULLA #2217 MEDELLIN,147.82,Alimentacion
479,2026-07-07,SPOTIFY PREMIUM,108.92,Ocio
479,2026-07-14,PLATZI CURSO ONLINE MONTERREY REF874822,161.89,Educacion
479,2026-03-31,WALMART SUPERCENTER,36.05,Alimentacion
479,2026-02-17,FARMACIA CRUZ VERDE CALI,207.01,Salud
479,2026-05-08,CONSULTORIO IMSS #3263,17.21,Salud
479,2026-07-04,GASOLINERA PEMEX CALI,105.06,Transporte
479,2026-03-30,FACTURA CFE #7249 REF101574,41.03,Servicios
479,2026-03-20,EPS SURA COPAGO CUCUTA,193.8,Salud
480,2026-05-22,BAR RESTAURANTE AMIGOS BARRANQUILLA,121.3,Ocio
480,2026-03-08,METROBUS CDMX REF280763,187.99,Transporte
480,2026-05-10,RETIRO CAJERO AUTOMATICO,143.59,Otros
480,2026-06-22,PEAJE AUTOPISTA #2367,69.25,Transporte
480,2026-05-22,TRANSMILENIO #2260,119.0,Transporte
480,2026-07-17,FACTURA CFE #4905,45.23,Servicios
480,2026-06-19,METROBUS CDMX #5772 GUADALAJARA,98.78,Transporte
480,2026-06-28,COMBUSTIBLE TERPEL,106.84,Transporte
481,2026-04-15,SUPERAMA #2922,266.35,Alimentacion
481,2026-06-10,CLARO HOGAR INTERNET,28.59,Servicios
481,2026-04-20,SUPERMERCADO D1 #2885 MONTERREY,120.16,Alimentacion
481,2026-06-06,MOVISTAR PLAN CELULAR,56.47,Servicios
481,2026-06-04,EPS SURA COPAGO CALI,272.95,Salud
481,2026-03-11,CABIFY #6521,183.87,Transporte
481,2026-03-15,SPOTIFY PREMIUM #9001,34.71,Ocio
481,2026-06-29,ADMINISTRACION CONJUNTO RESIDENCIAL TIJUANA,190.59,Vivienda
481,2026-07-11,JUMBO #6574 PUEBLA,173.06,Alimentacion
481,2026-05-31,CARULLA REF216315,97.46,Alimentacion
481,2026-02-07,IZZI TELECOM,105.73,Servicios
481,2026-05-15,RETIRO CAJERO AUTOMATICO,15.46,Otros
481,2026-03-21,SUPERMERCADO D1 #556,44.68,Alimentacion
481,2026-05-27,HOME DEPOT MEXICO,493.19,Vivienda
481,2026-06-10,SUPERMERCADO D1,65.22,Alimentacion
481,2026-04-10,CHEDRAUI #6075,232.97,Alimentacion
481,2026-07-18,DEPOSITO BANCO AZTECA #925,19.96,Otros
481,2026-02-18,COMBUSTIBLE TERPEL,53.1,Transporte
481,2026-04-29,RENTA DEPARTAMENTO #7222,649.28,Vivienda
481,2026-07-08,HOMECENTER,366.54,Vivienda
481,2026-03-25,TELMEX INTERNET HOGAR #3939 CARTAGENA,109.9,Servicios
481,2026-03-02,BODEGA AURRERA MONTERREY,57.49,Alimentacion
481,2026-05-18,HOMECENTER CIUDAD DE MEXICO,454.93,Vivienda
481,2026-03-19,IZZI TELECOM #1816 REF874219,113.02,Servicios
482,2026-05-02,BAR RESTAURANTE AMIGOS #8963 PUEBLA,77.1,Ocio
482,2026-07-02,JUMBO,53.04,Alimentacion
482,2026-02-04,RECARGA OXXO #7417 MEDELLIN,78.46,Otros
482,2026-02-04,RETIRO CAJERO AUTOMATICO #7410,68.38,Otros
482,2026-07-20,METROBUS CDMX,90.18,Transporte
482,2026-02-27,PAGO MULTA TRANSITO,139.39,Otros
482,2026-03-29,FARMACIA CRUZ VERDE REF517924,152.52,Salud
482,2026-03-06,FACTURA ENERGIA ENEL CODENSA #2814,141.94,Servicios
482,2026-07-29,TRANSFERENCIA NEQUI,59.92,Otros
483,2026-02-06,PEAJE AUTOPISTA #2072,209.87,Transporte
483,2026-07-29,ARA TIENDA CUCUTA,90.17,Alimentacion
483,2026-06-05,WALMART SUPERCENTER #1827,239.97,Alimentacion
483,2026-03-22,BODEGA AURRERA #572,185.82,Alimentacion
483,2026-03-09,FACTURA ACUEDUCTO,61.02,Servicios
483,2026-06-27,TRANSFERENCIA MERCADO PAGO #2363,102.4,Otros
483,2026-06-01,PAGO MULTA TRANSITO REF647293,152.89,Otros
483,2026-03-06,RECARGA OXXO,160.17,Otros
483,2026-03-10,EXITO #611 CIUDAD DE MEXICO,51.7,Alimentacion
483,2026-04-23,TRANSMILENIO,77.91,Transporte
483,2026-04-25,CINEPOLIS,46.9,Ocio
483,2026-05-22,TELCEL PLAN CELULAR,20.68,Servicios
483,2026-02-10,SPOTIFY PREMIUM MEDELLIN,79.78,Ocio
483,2026-07-20,SUPERMERCADO D1 #7626 QUERETARO REF628590,232.25,Alimentacion
483,2026-02-17,DISNEY PLUS #5038 CUCUTA REF269200,52.7,Ocio
484,2026-02-11,STEAM VIDEOJUEGOS #5733 REF916398,111.82,Ocio
484,2026-07-14,CARULLA,188.32,Alimentacion
484,2026-04-10,TELCEL PLAN CELULAR CALI,17.41,Servicios
484,2026-03-23,CONSULTORIO IMSS #7321,76.63,Salud
484,2026-04-22,TELCEL PLAN CELULAR #3191,24.38,Servicios
484,2026-07-16,HOMECENTER,435.19,Vivienda
484,2026-03-01,MOVISTAR PLAN CELULAR #8848,117.12,Servicios
484,2026-06-21,SPOTIFY PREMIUM #4856,18.82,Ocio
484,2026-07-27,FACTURA ACUEDUCTO REF905858,128.18,Servicios
484,2026-07-10,COMBUSTIBLE TERPEL,121.1,Transporte
484,2026-07-02,FARMACIA CRUZ VERDE #7815,211.64,Salud
484,2026-02-18,COLEGIATURA COLEGIO PRIVADO CIUDAD DE MEXICO,389.28,Educacion
484,2026-06-14,BODEGA AURRERA REF292332,31.76,Alimentacion
485,2026-04-28,ARA TIENDA #2559 BARRANQUILLA,41.59,Alimentacion
485,2026-06-20,UBER BARRANQUILLA,172.01,Transporte
485,2026-04-10,METROBUS CDMX,106.26,Transporte
485,2026-03-11,CONSULTORIO IMSS BARRANQUILLA REF510974,143.43,Salud
485,2026-06-06,GASOLINERA PEMEX #194,94.78,Transporte
485,2026-02-27,DISNEY PLUS #6257 MONTERREY REF855537,68.65,Ocio
485,2026-03-21,DEPOSITO BANCO AZTECA,170.66,Otros
485,2026-06-16,PAGO MULTA TRANSITO REF180428,103.19,Otros
485,2026-07-03,ADMINISTRACION CONJUNTO RESIDENCIAL QUERETARO,626.59,Vivienda
485,2026-06-18,METROBUS CDMX #2934,46.06,Transporte
485,2026-03-24,FACTURA ACUEDUCTO CIUDAD DE MEXICO REF910304,112.76,Servicios
485,2026-05-27,DAVIPLATA #3102 REF624336,148.08,Otros
485,2026-07-17,CARULLA,186.57,Alimentacion
485,2026-03-25,ARA TIENDA #9316,167.8,Alimentacion
485,2026-04-15,FARMATODO #7988,175.97,Salud
485,2026-03-01,METROBUS CDMX MEDELLIN,182.19,Transporte
485,2026-06-07,FARMACIA CRUZ VERDE GUADALAJARA,249.17,Salud
485,2026-03-01,CINEPOLIS,20.29,Ocio
485,2026-03-11,CONSULTORIO IMSS,256.85,Salud
485,2026-02-22,UBER #2612 QUERETARO,92.81,Transporte
485,2026-05-25,FARMACIAS GUADALAJARA #8502,87.3,Salud
485,2026-03-05,SORIANA,236.14,Alimentacion
485,2026-06-17,RECARGA OXXO #1725 GUADALAJARA,83.44,Otros
485,2026-02-01,AGENCIA DE VIAJES #5665,106.05,Ocio
486,2026-02-12,HOMECENTER,193.52,Vivienda
486,2026-02-08,SUPERMERCADO D1 BARRANQUILLA,84.53,Alimentacion
486,2026-07-28,FARMACIAS GUADALAJARA,237.72,Salud
486,2026-04-02,UBER,40.32,Transporte
486,2026-06-13,ICETEX CREDITO EDUCATIVO #6246,267.68,Educacion
486,2026-04-20,AGENCIA DE VIAJES #1418,119.68,Ocio
486,2026-02-26,DIDI,145.97,Transporte
486,2026-07-03,FACTURA ENERGIA ENEL CODENSA #7747 REF859158,124.49,Servicios
486,2026-02-11,CINEPOLIS MEDELLIN,18.62,Ocio
486,2026-02-25,FARMACIAS DEL AHORRO #3086,86.46,Salud
486,2026-05-16,UBER #5423,188.91,Transporte
486,2026-05-09,SUPERAMA #3042,195.93,Alimentacion
487,2026-07-11,CLARO HOGAR INTERNET CARTAGENA,54.73,Servicios
487,2026-06-13,FACTURA CFE,132.83,Servicios
487,2026-05-28,TRANSMILENIO,169.4,Transporte
487,2026-03-29,COMBUSTIBLE TERPEL #4406 TIJUANA,113.0,Transporte
487,2026-07-23,TRANSMILENIO #2729,36.15,Transporte
487,2026-04-08,CINEPOLIS #3392 REF363138,31.88,Ocio
487,2026-02-26,TELCEL PLAN CELULAR #3041 REF661435,103.59,Servicios
487,2026-04-01,STEAM VIDEOJUEGOS,53.13,Ocio
487,2026-04-13,AGENCIA DE VIAJES,109.56,Ocio
488,2026-03-24,TELCEL PLAN CELULAR #1818,67.07,Servicios
488,2026-07-10,CINEPOLIS REF289468,117.94,Ocio
488,2026-04-04,AGENCIA DE VIAJES,34.87,Ocio
488,2026-03-20,METROBUS CDMX,51.3,Transporte
488,2026-06-13,FARMACIAS GUADALAJARA,291.4,Salud
488,2026-06-19,UBER QUERETARO,15.0,Transporte
488,2026-05-10,RECARGA OXXO #1448 REF964397,143.58,Otros
488,2026-05-04,CABIFY #939,74.27,Transporte
488,2026-03-16,FARMACIAS SIMILARES #6669,25.68,Salud
488,2026-03-11,EXITO PUEBLA REF147277,248.63,Alimentacion
488,2026-05-21,DIDI #1770,37.93,Transporte
488,2026-06-10,RENTA DEPARTAMENTO #6683,425.89,Vivienda
488,2026-03-22,TRANSFERENCIA NEQUI #5489,56.59,Otros
488,2026-05-01,CINE COLOMBIA #1556 CUCUTA,13.15,Ocio
488,2026-02-20,TRANSFERENCIA MERCADO PAGO #9569,18.49,Otros
488,2026-05-10,EXITO,40.04,Alimentacion
488,2026-07-23,CHEDRAUI,28.56,Alimentacion
488,2026-06-09,NETFLIX #8897 REF120536,100.07,Ocio
488,2026-07-28,RECARGA OXXO #6806,92.55,Otros
488,2026-02-01,BAR RESTAURANTE AMIGOS,47.86,Ocio
488,2026-04-17,SPOTIFY PREMIUM #2453,57.3,Ocio
488,2026-06-20,CABIFY,195.79,Transporte
488,2026-04-06,ESTACION SERVICIO PRIMAX #9502 CUCUTA,192.15,Transporte
488,2026-04-21,CABIFY PUEBLA,153.14,Transporte
489,2026-07-19,GASOLINERA PEMEX #3211 BOGOTA REF801511,207.24,Transporte
489,2026-05-17,CONSULTORIO IMSS GUADALAJARA,249.02,Salud
489,2026-05-25,COMBUSTIBLE TERPEL MONTERREY,97.0,Transporte
489,2026-06-10,AGENCIA DE VIAJES MONTERREY,95.91,Ocio
489,2026-06-04,SUPERMERCADO D1 CARTAGENA,80.09,Alimentacion
489,2026-02-18,METROBUS CDMX #1788,30.03,Transporte
489,2026-03-10,SUPERAMA #5808 MEDELLIN,101.63,Alimentacion
489,2026-06-14,FARMACIAS SIMILARES,129.85,Salud
489,2026-06-12,ADMINISTRACION CONJUNTO RESIDENCIAL,158.27,Vivienda
489,2026-02-22,ADMINISTRACION CONJUNTO RESIDENCIAL #6540 MONTERREY,557.4,Vivienda
489,2026-05-01,PAGO INFONAVIT CARTAGENA,329.6,Vivienda
490,2026-07-11,CARULLA,257.07,Alimentacion
490,2026-04-29,UBER #3234,209.75,Transporte
490,2026-03-29,EXITO #9477,106.68,Alimentacion
490,2026-02-12,BODEGA AURRERA,87.69,Alimentacion
490,2026-07-22,SPOTIFY PREMIUM #2521 REF243471,112.29,Ocio
490,2026-07-13,MOVISTAR PLAN CELULAR REF573999,149.81,Servicios
490,2026-07-30,SUPERAMA #4819 REF204147,173.71,Alimentacion
490,2026-07-11,SORIANA,216.74,Alimentacion
491,2026-04-12,DIDI #2972,38.9,Transporte
491,2026-02-17,ADMINISTRACION CONDOMINIO #2429 PUEBLA REF882620,266.49,Vivienda
491,2026-03-26,GASOLINERA PEMEX #1650 REF501344,191.1,Transporte
491,2026-04-17,SUPERMERCADO D1,19.59,Alimentacion
491,2026-03-21,FARMACIA CRUZ VERDE #250,77.64,Salud
491,2026-06-13,CLARO HOGAR INTERNET,56.79,Servicios
491,2026-05-07,HOME DEPOT MEXICO,458.44,Vivienda
491,2026-07-21,WALMART SUPERCENTER GUADALAJARA,148.87,Alimentacion
491,2026-06-28,TRANSMILENIO,53.65,Transporte
491,2026-06-21,CINE COLOMBIA,25.53,Ocio
491,2026-06-20,CINEPOLIS #3937 CIUDAD DE MEXICO,34.6,Ocio
491,2026-06-01,DAVIPLATA #3511,95.43,Otros
491,2026-07-31,HOME DEPOT MEXICO,285.59,Vivienda
491,2026-07-24,SORIANA #8009,256.38,Alimentacion
491,2026-07-10,EXITO,130.6,Alimentacion
491,2026-07-01,DISNEY PLUS #9681,12.35,Ocio
491,2026-07-20,FACTURA ENERGIA ENEL CODENSA #4530 BOGOTA,113.45,Servicios
491,2026-05-27,NETFLIX,46.11,Ocio
491,2026-03-30,BODEGA AURRERA REF654719,179.91,Alimentacion
491,2026-05-09,PAGO MULTA TRANSITO,57.53,Otros
491,2026-03-20,CINEPOLIS #5859 GUADALAJARA,76.34,Ocio
491,2026-05-13,UBER #7222,164.43,Transporte
491,2026-06-24,COLEGIATURA COLEGIO PRIVADO #8188 REF320397,373.0,Educacion
491,2026-05-21,EPS SURA COPAGO,89.42,Salud
492,2026-07-05,EPS SURA COPAGO #6414 CARTAGENA REF633936,52.6,Salud
492,2026-02-02,COLEGIATURA COLEGIO PRIVADO BARRANQUILLA REF122813,210.82,Educacion
492,2026-06-16,WALMART SUPERCENTER #8271,37.72,Alimentacion
492,2026-06-07,JUMBO,99.85,Alimentacion
492,2026-05-03,TRANSMILENIO,39.68,Transporte
492,2026-02-15,CHEDRAUI #4975,175.37,Alimentacion
492,2026-03-16,COMBUSTIBLE TERPEL,199.9,Transporte
492,2026-02-20,CABIFY #7163,209.35,Transporte
492,2026-07-24,FARMATODO #9180,121.94,Salud
492,2026-07-05,IZZI TELECOM,95.87,Servicios
492,2026-02-18,HOME DEPOT MEXICO,578.13,Vivienda
492,2026-04-03,TRANSFERENCIA MERCADO PAGO,29.97,Otros
492,2026-05-04,COMBUSTIBLE TERPEL #486 REF851407,147.91,Transporte
493,2026-06-30,ESTACION SERVICIO PRIMAX #4999,34.22,Transporte
493,2026-07-05,BAR RESTAURANTE AMIGOS,113.08,Ocio
493,2026-04-10,OXXO GUADALAJARA REF627220,138.3,Alimentacion
493,2026-04-16,TRANSFERENCIA MERCADO PAGO #228,107.26,Otros
493,2026-07-19,SPOTIFY PREMIUM #6751 BARRANQUILLA REF509308,76.18,Ocio
493,2026-03-30,ESTACION SERVICIO PRIMAX,92.1,Transporte
493,2026-03-12,COMBUSTIBLE TERPEL #4143 REF525152,48.51,Transporte
493,2026-07-10,FARMATODO,227.36,Salud
493,2026-07-05,NETFLIX REF840582,20.88,Ocio
493,2026-06-26,CHEDRAUI GUADALAJARA,37.01,Alimentacion
493,2026-05-16,SUPERMERCADO D1 #685,194.64,Alimentacion
493,2026-07-11,NETFLIX #4216,31.1,Ocio
493,2026-04-21,ESTACION SERVICIO PRIMAX,71.35,Transporte
493,2026-04-06,CARULLA,133.56,Alimentacion
493,2026-06-08,RECARGA OXXO #8904,86.39,Otros
493,2026-07-04,UBER #4936 REF673808,151.72,Transporte
493,2026-03-05,CARULLA #4889 REF705412,172.09,Alimentacion
493,2026-07-26,CINEPOLIS TIJUANA,85.55,Ocio
493,2026-05-27,HOMECENTER,507.03,Vivienda
494,2026-05-23,OXXO REF715829,221.65,Alimentacion
494,2026-06-02,OXXO BARRANQUILLA,52.81,Alimentacion
494,2026-07-26,FARMACIAS DEL AHORRO GUADALAJARA,16.59,Salud
494,2026-05-04,CONSULTORIO IMSS,27.19,Salud
494,2026-03-30,FACTURA CFE #5036 CALI REF854736,47.95,Servicios
494,2026-04-11,COURSERA CURSO ONLINE #1669 REF894340,67.86,Educacion
494,2026-05-20,TRANSFERENCIA NEQUI #7451,100.67,Otros
494,2026-04-19,JUMBO #2113,233.08,Alimentacion
494,2026-03-11,GASOLINERA PEMEX BOGOTA,157.35,Transporte
494,2026-07-27,SORIANA #4633 QUERETARO,66.06,Alimentacion
494,2026-05-23,FACTURA CFE #7380,68.91,Servicios
494,2026-03-09,ARA TIENDA #4004,142.05,Alimentacion
494,2026-02-23,TRANSFERENCIA NEQUI,147.73,Otros
494,2026-05-07,COURSERA CURSO ONLINE REF269151,339.67,Educacion
494,2026-04-08,DEPOSITO BANCO AZTECA REF290786,164.65,Otros
494,2026-03-21,HOMECENTER REF341230,404.62,Vivienda
494,2026-03-27,CARULLA #7912,190.51,Alimentacion
494,2026-02-07,RECARGA OXXO #5588 CALI,29.01,Otros
494,2026-06-07,RECARGA OXXO #839 BARRANQUILLA REF257605,106.1,Otros
494,2026-03-31,FACTURA CFE #873 TIJUANA,48.57,Servicios
494,2026-06-29,FACTURA CFE #3543 REF156971,73.28,Servicios
494,2026-04-16,SUPERAMA CUCUTA,174.85,Alimentacion
494,2026-05-15,CINE COLOMBIA #5651,37.12,Ocio
495,2026-05-13,STEAM VIDEOJUEGOS CUCUTA,42.01,Ocio
495,2026-03-26,UBER CALI,122.32,Transporte
495,2026-06-22,AGENCIA DE VIAJES,94.36,Ocio
495,2026-07-04,SPOTIFY PREMIUM,96.01,Ocio
495,2026-07-23,DIDI #4095 REF637026,143.31,Transporte
495,2026-04-04,SPOTIFY PREMIUM #1941 REF735008,113.85,Ocio
495,2026-02-09,UBER PUEBLA REF807346,184.02,Transporte
495,2026-03-27,COMBUSTIBLE TERPEL,125.79,Transporte
495,2026-02-06,ESTACION SERVICIO PRIMAX,95.97,Transporte
495,2026-06-04,FACTURA CFE,101.61,Servicios
495,2026-03-09,TRANSMILENIO CARTAGENA,173.64,Transporte
495,2026-07-04,JUMBO,11.47,Alimentacion
495,2026-05-16,PEAJE AUTOPISTA #3600,208.4,Transporte
495,2026-04-29,NETFLIX #7094,27.86,Ocio
495,2026-06-06,TELCEL PLAN CELULAR #4575,78.48,Servicios
495,2026-04-24,JUMBO #5216,236.73,Alimentacion
495,2026-07-06,CINE COLOMBIA TIJUANA REF745008,33.13,Ocio
495,2026-02-18,COOMEVA MEDICINA PREPAGADA,150.89,Salud
495,2026-07-11,CLARO HOGAR INTERNET,32.9,Servicios
495,2026-04-08,TELCEL PLAN CELULAR #4424,68.34,Servicios
495,2026-04-05,BAR RESTAURANTE AMIGOS REF103405,27.14,Ocio
495,2026-07-02,CARULLA,104.54,Alimentacion
495,2026-07-10,CLARO HOGAR INTERNET #9976,65.42,Servicios
495,2026-03-07,AGENCIA DE VIAJES,129.15,Ocio
495,2026-03-06,AGENCIA DE VIAJES #443,129.35,Ocio
495,2026-03-17,BODEGA AURRERA,39.84,Alimentacion
496,2026-05-13,PAGO MULTA TRANSITO #6497 CALI REF565450,47.67,Otros
496,2026-05-08,WALMART SUPERCENTER #2849,206.72,Alimentacion
496,2026-06-06,DEPOSITO BANCO AZTECA,62.62,Otros
496,2026-02-07,FACTURA ENERGIA ENEL CODENSA CUCUTA,139.49,Servicios
496,2026-02-16,ESTACION SERVICIO PRIMAX REF426514,141.34,Transporte
496,2026-03-15,TRANSFERENCIA NEQUI #698 REF258016,84.18,Otros
496,2026-02-18,FACTURA CFE,121.64,Servicios
496,2026-07-29,CABIFY #3835 CARTAGENA REF174758,173.58,Transporte
496,2026-03-05,BAR RESTAURANTE AMIGOS #964 TIJUANA,41.31,Ocio
496,2026-02-10,METROBUS CDMX,77.94,Transporte
496,2026-03-25,SORIANA #8754 CARTAGENA,253.35,Alimentacion
497,2026-05-20,AGENCIA DE VIAJES #1389,102.3,Ocio
497,2026-05-20,COLEGIATURA COLEGIO PRIVADO CALI REF349414,60.0,Educacion
497,2026-06-24,NETFLIX #3446 REF510911,26.58,Ocio
497,2026-07-03,CINE COLOMBIA #6511 CUCUTA,6.54,Ocio
497,2026-04-02,OXXO REF435883,164.35,Alimentacion
497,2026-05-15,SORIANA #8405 QUERETARO,240.55,Alimentacion
497,2026-07-01,NETFLIX CIUDAD DE MEXICO,88.83,Ocio
497,2026-02-20,GASOLINERA PEMEX,206.41,Transporte
497,2026-04-17,COMBUSTIBLE TERPEL #7025,22.61,Transporte
497,2026-05-14,METROBUS CDMX,190.6,Transporte
497,2026-04-22,TELMEX INTERNET HOGAR REF772594,124.9,Servicios
497,2026-07-26,PAGO INFONAVIT REF867060,307.12,Vivienda
497,2026-07-03,OXXO,263.12,Alimentacion
497,2026-06-28,IZZI TELECOM,53.87,Servicios
497,2026-04-07,DEPOSITO BANCO AZTECA CIUDAD DE MEXICO,161.18,Otros
497,2026-03-13,FARMACIA CRUZ VERDE,266.01,Salud
497,2026-07-02,PEAJE AUTOPISTA BARRANQUILLA,161.53,Transporte
497,2026-05-11,FACTURA ENERGIA ENEL CODENSA #6879,91.07,Servicios
497,2026-06-12,TRANSMILENIO,34.0,Transporte
497,2026-06-26,COLEGIATURA COLEGIO PRIVADO PUEBLA REF791714,224.49,Educacion
497,2026-06-15,TRANSFERENCIA NEQUI,70.66,Otros
497,2026-05-15,ARA TIENDA #9450 REF132155,215.98,Alimentacion
497,2026-07-20,IZZI TELECOM,117.35,Servicios
497,2026-02-02,ARRIENDO APARTAMENTO #3391,605.31,Vivienda
497,2026-05-04,CINE COLOMBIA,6.85,Ocio
498,2026-07-25,SUPERMERCADO D1 REF262287,173.71,Alimentacion
498,2026-05-24,ARA TIENDA #4782,266.6,Alimentacion
498,2026-07-11,TELMEX INTERNET HOGAR #7841,68.74,Servicios
498,2026-06-11,ARRIENDO APARTAMENTO,315.95,Vivienda
498,2026-03-14,PAGO MULTA TRANSITO,116.15,Otros
498,2026-02-06,DEPOSITO BANCO AZTECA #3774 MONTERREY REF120209,150.35,Otros
498,2026-04-06,ARA TIENDA,253.56,Alimentacion
498,2026-07-16,COOMEVA MEDICINA PREPAGADA,243.89,Salud
498,2026-04-15,DIDI #4827,95.33,Transporte
498,2026-02-16,SUPERAMA,175.08,Alimentacion
499,2026-07-15,FACTURA CFE PUEBLA REF347416,90.65,Servicios
499,2026-05-05,CONSULTORIO IMSS,128.42,Salud
499,2026-07-22,MOVISTAR PLAN CELULAR MEDELLIN,106.08,Servicios
499,2026-03-30,COLEGIATURA COLEGIO PRIVADO REF107528,45.86,Educacion
499,2026-03-26,SUPERMERCADO D1 TIJUANA,42.22,Alimentacion
499,2026-05-13,METROBUS CDMX REF898105,109.84,Transporte
499,2026-05-24,COMBUSTIBLE TERPEL,77.39,Transporte
499,2026-07-08,WALMART SUPERCENTER #4877 PUEBLA,86.91,Alimentacion
499,2026-06-22,FARMACIAS GUADALAJARA,34.1,Salud
499,2026-07-15,SUPERMERCADO D1 REF732282,242.89,Alimentacion
499,2026-03-02,ESTACION SERVICIO PRIMAX BARRANQUILLA,148.36,Transporte
499,2026-07-24,CABIFY BARRANQUILLA,34.32,Transporte
499,2026-05-10,CLARO HOGAR INTERNET,23.78,Servicios
499,2026-04-14,BAR RESTAURANTE AMIGOS #1017,126.86,Ocio
499,2026-04-03,DAVIPLATA #1185,125.8,Otros
499,2026-04-10,FARMACIAS SIMILARES #7784,133.97,Salud
499,2026-03-27,TELCEL PLAN CELULAR #425,109.73,Servicios
499,2026-05-13,PEAJE AUTOPISTA MEDELLIN,161.27,Transporte
499,2026-03-02,EXITO,212.79,Alimentacion
499,2026-06-20,MOVISTAR PLAN CELULAR #5744 GUADALAJARA,79.51,Servicios
500,2026-03-22,DAVIPLATA,166.33,Otros
500,2026-05-22,EXITO #6924,247.88,Alimentacion
500,2026-03-03,COMBUSTIBLE TERPEL #805,207.84,Transporte
500,2026-05-20,FARMATODO #335 REF152110,264.11,Salud
500,2026-04-10,NETFLIX,129.72,Ocio
500,2026-05-27,CABIFY #2738 QUERETARO,58.94,Transporte
500,2026-06-17,TRANSMILENIO #3246,178.45,Transporte
500,2026-05-31,FACTURA ACUEDUCTO #7969 REF248851,126.11,Servicios
500,2026-04-03,DAVIPLATA BOGOTA,49.26,Otros
500,2026-07-18,ESTACION SERVICIO PRIMAX,29.69,Transporte
500,2026-07-22,DEPOSITO BANCO AZTECA REF512254,176.5,Otros
500,2026-05-15,DIDI #3782,69.2,Transporte
500,2026-06-23,SPOTIFY PREMIUM,113.86,Ocio
500,2026-04-15,DEPOSITO BANCO AZTECA #5267,10.7,Otros
500,2026-07-20,MOVISTAR PLAN CELULAR #3877 BOGOTA,17.84,Servicios
500,2026-03-22,TELMEX INTERNET HOGAR MEDELLIN,77.89,Servicios
500,2026-03-16,ICETEX CREDITO EDUCATIVO #7142 CALI,114.52,Educacion
500,2026-05-28,FACTURA CFE,108.13,Servicios
501,2026-06-09,ADMINISTRACION CONJUNTO RESIDENCIAL #2986,196.72,Vivienda
501,2026-03-12,TELCEL PLAN CELULAR,80.39,Servicios
501,2026-07-27,COMBUSTIBLE TERPEL REF657196,28.17,Transporte
501,2026-02-09,PEAJE AUTOPISTA,35.79,Transporte
501,2026-05-21,CLARO HOGAR INTERNET #6155 CALI,47.35,Servicios
501,2026-03-01,ESTACION SERVICIO PRIMAX,181.91,Transporte
501,2026-04-06,SORIANA #2840 QUERETARO,250.4,Alimentacion
501,2026-07-12,CINE COLOMBIA #190,108.28,Ocio
501,2026-06-05,FARMACIAS SIMILARES BOGOTA,110.21,Salud
501,2026-03-09,CONSULTORIO IMSS,92.65,Salud
501,2026-04-04,CABIFY #5988 CUCUTA,119.83,Transporte
501,2026-03-14,DAVIPLATA #8198 REF965097,132.72,Otros
501,2026-02-17,CABIFY BOGOTA,208.67,Transporte
501,2026-03-15,FACTURA ENERGIA ENEL CODENSA #9502 QUERETARO,32.76,Servicios
501,2026-05-24,ARA TIENDA #839 MONTERREY,22.82,Alimentacion
501,2026-03-29,SUPERAMA,190.53,Alimentacion
501,2026-05-04,COLEGIATURA COLEGIO PRIVADO,337.08,Educacion
501,2026-05-13,OXXO CALI,230.05,Alimentacion
501,2026-05-16,SUPERAMA #2385,186.4,Alimentacion
501,2026-03-28,ARA TIENDA,258.04,Alimentacion
501,2026-06-11,DISNEY PLUS #6916,68.88,Ocio
501,2026-04-29,CLARO HOGAR INTERNET #6140,138.36,Servicios
502,2026-06-02,JUMBO REF875683,36.01,Alimentacion
502,2026-03-08,ARA TIENDA #4563,77.01,Alimentacion
502,2026-06-05,DISNEY PLUS,98.97,Ocio
502,2026-07-29,CHEDRAUI BARRANQUILLA,34.7,Alimentacion
502,2026-07-30,EXITO #429 MEDELLIN,93.4,Alimentacion
502,2026-03-07,CARULLA #5009 CARTAGENA,110.66,Alimentacion
502,2026-05-14,BAR RESTAURANTE AMIGOS #6920,82.82,Ocio
502,2026-05-26,FARMACIAS DEL AHORRO #1072,60.07,Salud
502,2026-07-26,HOME DEPOT MEXICO,580.3,Vivienda
502,2026-03-17,EPS SURA COPAGO,142.55,Salud
502,2026-05-09,BAR RESTAURANTE AMIGOS #7590,119.63,Ocio
502,2026-06-04,FACTURA ENERGIA ENEL CODENSA #2451 REF499344,78.16,Servicios
502,2026-04-16,GASOLINERA PEMEX #5104,65.01,Transporte
502,2026-06-16,SUPERAMA,46.88,Alimentacion
502,2026-03-30,SUPERMERCADO D1 #3752,10.97,Alimentacion
502,2026-07-24,BODEGA AURRERA #2403,148.36,Alimentacion
502,2026-03-10,WALMART SUPERCENTER #5403,37.86,Alimentacion
502,2026-02-16,ADMINISTRACION CONJUNTO RESIDENCIAL #4160 MONTERREY REF471474,345.86,Vivienda
502,2026-07-08,PEAJE AUTOPISTA,127.85,Transporte
502,2026-03-29,SUPERAMA,81.68,Alimentacion
502,2026-05-21,FACTURA CFE PUEBLA,38.66,Servicios
502,2026-07-15,SPOTIFY PREMIUM,101.84,Ocio
503,2026-07-07,COMBUSTIBLE TERPEL #1274,115.74,Transporte
503,2026-07-16,WALMART SUPERCENTER #3198,251.27,Alimentacion
503,2026-05-25,WALMART SUPERCENTER #6501 TIJUANA,121.48,Alimentacion
503,2026-07-17,SUPERAMA #7545,236.15,Alimentacion
503,2026-06-13,FARMACIAS DEL AHORRO TIJUANA,142.95,Salud
503,2026-07-05,TELCEL PLAN CELULAR #2338,147.2,Servicios
503,2026-06-15,FACTURA ACUEDUCTO,144.58,Servicios
503,2026-03-05,CONSULTORIO IMSS #7515 CIUDAD DE MEXICO,108.8,Salud
503,2026-06-03,CLARO HOGAR INTERNET CIUDAD DE MEXICO,134.6,Servicios
503,2026-03-27,CINE COLOMBIA #3396,110.95,Ocio
503,2026-07-17,CARULLA #4097 BOGOTA,64.78,Alimentacion
503,2026-03-15,STEAM VIDEOJUEGOS,83.04,Ocio
504,2026-03-26,ARA TIENDA #3001,126.45,Alimentacion
504,2026-03-28,GASOLINERA PEMEX,71.85,Transporte
504,2026-06-19,SUPERMERCADO D1 #363,140.62,Alimentacion
504,2026-02-23,ADMINISTRACION CONDOMINIO,319.34,Vivienda
504,2026-02-05,SUPERAMA PUEBLA,206.82,Alimentacion
504,2026-02-23,METROBUS CDMX REF329622,118.78,Transporte
504,2026-05-18,TELMEX INTERNET HOGAR MEDELLIN,133.37,Servicios
504,2026-03-16,SORIANA #6877 REF651114,151.32,Alimentacion
504,2026-04-12,DISNEY PLUS REF318653,34.78,Ocio
504,2026-02-17,CARULLA #7297 CALI REF872175,231.28,Alimentacion
504,2026-05-16,METROBUS CDMX,121.44,Transporte
504,2026-06-04,METROBUS CDMX BARRANQUILLA,51.37,Transporte
504,2026-04-06,MATRICULA UNAM,258.82,Educacion
504,2026-04-18,BAR RESTAURANTE AMIGOS #6633 BARRANQUILLA,49.71,Ocio
504,2026-03-03,FACTURA ENERGIA ENEL CODENSA BOGOTA,128.99,Servicios
504,2026-03-11,DISNEY PLUS #3641,61.66,Ocio
504,2026-04-29,SPOTIFY PREMIUM #8138,95.81,Ocio
504,2026-03-12,TRANSFERENCIA NEQUI MONTERREY,26.24,Otros
504,2026-03-07,RETIRO CAJERO AUTOMATICO TIJUANA,77.32,Otros
504,2026-02-06,AGENCIA DE VIAJES #2019,127.91,Ocio
505,2026-07-31,JUMBO,206.82,Alimentacion
505,2026-03-02,JUMBO #4376,204.88,Alimentacion
505,2026-02-15,ARA TIENDA,142.57,Alimentacion
505,2026-02-25,SORIANA,220.81,Alimentacion
505,2026-04-24,ADMINISTRACION CONDOMINIO #2274,368.54,Vivienda
505,2026-06-02,SORIANA,42.21,Alimentacion
505,2026-07-27,TELCEL PLAN CELULAR #6197 CUCUTA,91.2,Servicios
505,2026-07-02,CONSULTORIO IMSS #283 TIJUANA,286.41,Salud
505,2026-05-11,MOVISTAR PLAN CELULAR REF581759,122.05,Servicios
505,2026-07-28,PAGO INFONAVIT TIJUANA,439.35,Vivienda
505,2026-03-16,MATRICULA UNAM,267.55,Educacion
505,2026-04-16,FACTURA ACUEDUCTO CIUDAD DE MEXICO,140.63,Servicios
505,2026-07-25,COMBUSTIBLE TERPEL REF688240,95.67,Transporte
505,2026-02-03,SUPERMERCADO D1 CIUDAD DE MEXICO,96.16,Alimentacion
505,2026-06-15,ESTACION SERVICIO PRIMAX #5988,205.45,Transporte
505,2026-06-06,DAVIPLATA,156.79,Otros
505,2026-05-25,CINE COLOMBIA #9453 TIJUANA,45.38,Ocio
505,2026-07-12,BODEGA AURRERA CIUDAD DE MEXICO,130.58,Alimentacion
505,2026-05-17,GASOLINERA PEMEX,93.02,Transporte
505,2026-07-17,ARA TIENDA,48.76,Alimentacion
505,2026-06-27,IZZI TELECOM #5374 CALI REF750447,144.31,Servicios
505,2026-04-17,DIDI,90.86,Transporte
506,2026-04-18,ARRIENDO APARTAMENTO REF550274,187.17,Vivienda
506,2026-04-08,AGENCIA DE VIAJES #1975 REF183034,41.11,Ocio
506,2026-05-29,AGENCIA DE VIAJES #861 CALI REF779846,83.43,Ocio
506,2026-05-11,TELCEL PLAN CELULAR #2242 CALI REF460352,91.44,Servicios
506,2026-02-14,EXITO BARRANQUILLA,169.16,Alimentacion
506,2026-07-26,CLARO HOGAR INTERNET QUERETARO,89.15,Servicios
506,2026-07-04,JUMBO REF364834,80.99,Alimentacion
506,2026-06-21,ARA TIENDA,73.57,Alimentacion
506,2026-03-10,UBER #6481,37.41,Transporte
506,2026-02-14,JUMBO REF728559,230.76,Alimentacion
506,2026-06-22,PAGO MULTA TRANSITO #7998,114.8,Otros
506,2026-06-11,SUPERAMA REF826083,58.49,Alimentacion
506,2026-04-29,PAGO MULTA TRANSITO #3972,40.13,Otros
506,2026-03-04,ADMINISTRACION CONDOMINIO,586.52,Vivienda
506,2026-03-12,FARMACIA CRUZ VERDE #9525,226.68,Salud
506,2026-03-05,CINE COLOMBIA REF418033,87.42,Ocio
507,2026-03-17,SORIANA #8954 REF503696,120.9,Alimentacion
507,2026-07-06,PAGO MULTA TRANSITO REF727880,41.61,Otros
507,2026-05-06,CHEDRAUI,38.87,Alimentacion
507,2026-03-24,SUPERAMA REF826262,197.92,Alimentacion
507,2026-03-06,TELMEX INTERNET HOGAR #4223,51.11,Servicios
507,2026-06-10,COMBUSTIBLE TERPEL #7678,174.01,Transporte
507,2026-06-12,OXXO #600 MEDELLIN,268.86,Alimentacion
507,2026-05-13,SORIANA,29.92,Alimentacion
507,2026-06-09,FACTURA ACUEDUCTO,78.86,Servicios
507,2026-04-26,FARMACIA CRUZ VERDE #9137,243.59,Salud
507,2026-02-24,ARA TIENDA GUADALAJARA,215.13,Alimentacion
508,2026-04-03,RETIRO CAJERO AUTOMATICO,65.68,Otros
508,2026-05-07,METROBUS CDMX #5288 TIJUANA,194.63,Transporte
508,2026-06-23,RETIRO CAJERO AUTOMATICO #3211 REF337113,55.79,Otros
508,2026-02-02,BODEGA AURRERA #2620 GUADALAJARA,267.16,Alimentacion
508,2026-07-22,ESTACION SERVICIO PRIMAX #894 TIJUANA,144.05,Transporte
508,2026-04-08,WALMART SUPERCENTER,130.51,Alimentacion
508,2026-05-08,ARA TIENDA #6506,169.48,Alimentacion
508,2026-07-30,TRANSMILENIO CUCUTA,64.51,Transporte
508,2026-03-12,PAGO INFONAVIT CARTAGENA,287.09,Vivienda
508,2026-03-02,PAGO INFONAVIT MONTERREY,206.78,Vivienda
508,2026-05-10,CARULLA GUADALAJARA REF800052,39.65,Alimentacion
508,2026-02-23,FARMACIA CRUZ VERDE #8525 REF272351,114.09,Salud
508,2026-05-07,COMBUSTIBLE TERPEL #8355,162.57,Transporte
509,2026-03-16,ESTACION SERVICIO PRIMAX,104.76,Transporte
509,2026-07-01,FARMACIAS GUADALAJARA,199.82,Salud
509,2026-05-17,COMBUSTIBLE TERPEL MONTERREY,15.65,Transporte
509,2026-04-22,AGENCIA DE VIAJES,6.86,Ocio
509,2026-04-18,COURSERA CURSO ONLINE #8781,73.53,Educacion
509,2026-07-05,STEAM VIDEOJUEGOS REF231040,36.46,Ocio
509,2026-05-07,BODEGA AURRERA CIUDAD DE MEXICO,121.68,Alimentacion
509,2026-07-05,DIDI #9169,107.49,Transporte
509,2026-02-06,CARULLA #2236,45.89,Alimentacion
509,2026-02-10,RETIRO CAJERO AUTOMATICO #2861,124.48,Otros
509,2026-05-18,CABIFY #6659,129.23,Transporte
509,2026-03-21,MATRICULA UNIVERSIDAD NACIONAL,135.42,Educacion
509,2026-02-20,TRANSFERENCIA MERCADO PAGO,12.32,Otros
509,2026-03-13,FARMACIA CRUZ VERDE #924,37.13,Salud
509,2026-05-15,CINEPOLIS,53.96,Ocio
509,2026-07-23,FARMACIA CRUZ VERDE #2493,58.88,Salud
509,2026-07-05,STEAM VIDEOJUEGOS TIJUANA,52.1,Ocio
509,2026-03-26,COLEGIATURA COLEGIO PRIVADO BOGOTA,260.57,Educacion
509,2026-07-26,CINE COLOMBIA #8340,73.4,Ocio
509,2026-04-03,BODEGA AURRERA #3423,70.11,Alimentacion
509,2026-03-15,UBER #8180,78.76,Transporte
509,2026-07-05,CABIFY,132.81,Transporte
509,2026-03-10,EPS SURA COPAGO #4172 CARTAGENA,260.34,Salud
509,2026-05-15,CINEPOLIS,99.15,Ocio
509,2026-07-03,FARMACIAS SIMILARES #4609 MEDELLIN REF966969,172.72,Salud
509,2026-05-03,WALMART SUPERCENTER #4549,104.2,Alimentacion
510,2026-07-31,FARMATODO #1255,209.12,Salud
510,2026-03-28,CINE COLOMBIA,9.75,Ocio
510,2026-02-19,BODEGA AURRERA REF418272,167.44,Alimentacion
510,2026-07-21,RENTA DEPARTAMENTO #3217 REF422600,392.39,Vivienda
510,2026-07-26,SUPERMERCADO D1 REF418134,37.5,Alimentacion
510,2026-02-18,CARULLA #5710,82.26,Alimentacion
510,2026-05-22,TRANSFERENCIA NEQUI REF172719,161.35,Otros
510,2026-03-18,COMBUSTIBLE TERPEL #9931 CUCUTA REF267209,120.0,Transporte
510,2026-04-24,COLEGIATURA COLEGIO PRIVADO,180.03,Educacion
510,2026-06-23,PEAJE AUTOPISTA CUCUTA,24.54,Transporte
510,2026-06-13,JUMBO MONTERREY,195.67,Alimentacion
510,2026-04-02,BODEGA AURRERA REF650642,192.74,Alimentacion
510,2026-04-02,PAGO INFONAVIT #5085,457.02,Vivienda
510,2026-06-03,RETIRO CAJERO AUTOMATICO,96.74,Otros
510,2026-07-09,TRANSFERENCIA NEQUI #6488,83.74,Otros
510,2026-03-21,DIDI #5569,128.65,Transporte
510,2026-03-07,COOMEVA MEDICINA PREPAGADA #4438,81.52,Salud
511,2026-06-21,COURSERA CURSO ONLINE #8138 CALI,279.82,Educacion
511,2026-05-29,BODEGA AURRERA CALI,92.03,Alimentacion
511,2026-02-06,JUMBO REF522471,216.05,Alimentacion
511,2026-06-23,FACTURA CFE #5958,32.61,Servicios
511,2026-04-18,HOMECENTER CARTAGENA,531.34,Vivienda
511,2026-06-05,CLARO HOGAR INTERNET #7136 REF389956,24.23,Servicios
511,2026-04-22,FACTURA ACUEDUCTO #5653 REF435590,16.7,Servicios
511,2026-05-16,BODEGA AURRERA #7887,243.54,Alimentacion
511,2026-04-26,SUPERMERCADO D1 #4828 TIJUANA,161.15,Alimentacion
511,2026-07-25,CARULLA CIUDAD DE MEXICO,101.47,Alimentacion
511,2026-04-23,RETIRO CAJERO AUTOMATICO #5106,49.54,Otros
511,2026-07-13,MATRICULA UNIVERSIDAD NACIONAL,256.33,Educacion
511,2026-05-20,TRANSFERENCIA MERCADO PAGO,96.53,Otros
511,2026-04-02,BAR RESTAURANTE AMIGOS,128.95,Ocio
511,2026-05-13,CLARO HOGAR INTERNET #2987 REF634724,147.73,Servicios
511,2026-07-04,FARMATODO #8927,195.98,Salud
511,2026-03-12,OXXO #1830 QUERETARO,125.15,Alimentacion
512,2026-03-04,CINEPOLIS,14.17,Ocio
512,2026-07-08,COMBUSTIBLE TERPEL #9134 GUADALAJARA,49.17,Transporte
512,2026-06-13,FACTURA CFE,80.51,Servicios
512,2026-07-13,OXXO,214.04,Alimentacion
512,2026-04-22,SUPERMERCADO D1 #1316,136.23,Alimentacion
512,2026-07-03,TELCEL PLAN CELULAR CALI REF375603,60.29,Servicios
512,2026-05-16,CABIFY,26.47,Transporte
512,2026-06-26,AGENCIA DE VIAJES #6986,73.79,Ocio
512,2026-07-24,HOME DEPOT MEXICO #4022 CALI,285.63,Vivienda
512,2026-05-08,TRANSMILENIO GUADALAJARA,132.99,Transporte
512,2026-04-29,HOME DEPOT MEXICO #3404,638.59,Vivienda
512,2026-03-09,FACTURA ACUEDUCTO #413,30.03,Servicios
512,2026-04-29,COOMEVA MEDICINA PREPAGADA,75.46,Salud
512,2026-07-26,EXITO #740 CARTAGENA,133.0,Alimentacion
512,2026-03-05,FARMACIAS SIMILARES MONTERREY,291.05,Salud
512,2026-03-25,CABIFY TIJUANA,164.36,Transporte
512,2026-03-28,OXXO CALI,243.54,Alimentacion
512,2026-02-11,CARULLA #8994,96.77,Alimentacion
512,2026-06-15,EPS SURA COPAGO,297.73,Salud
512,2026-04-11,SPOTIFY PREMIUM #8388,17.85,Ocio
512,2026-07-03,TRANSFERENCIA MERCADO PAGO QUERETARO,19.01,Otros
512,2026-06-13,HOMECENTER,577.8,Vivienda
512,2026-06-05,MATRICULA UNIVERSIDAD NACIONAL CUCUTA,372.72,Educacion
512,2026-03-02,RENTA DEPARTAMENTO,195.29,Vivienda
512,2026-06-25,CHEDRAUI CUCUTA,39.49,Alimentacion
512,2026-04-21,METROBUS CDMX,16.63,Transporte
513,2026-04-18,WALMART SUPERCENTER,217.35,Alimentacion
513,2026-03-23,ADMINISTRACION CONDOMINIO REF560047,447.9,Vivienda
513,2026-02-08,BAR RESTAURANTE AMIGOS #1347,44.32,Ocio
513,2026-02-21,RENTA DEPARTAMENTO,430.56,Vivienda
513,2026-03-26,NETFLIX #8967 REF727639,71.69,Ocio
513,2026-07-03,EPS SURA COPAGO,249.68,Salud
513,2026-06-22,TRANSFERENCIA MERCADO PAGO #9679,176.89,Otros
513,2026-03-05,JUMBO,116.87,Alimentacion
513,2026-05-17,ADMINISTRACION CONDOMINIO MONTERREY,531.7,Vivienda
513,2026-05-22,DEPOSITO BANCO AZTECA #9233 CIUDAD DE MEXICO,26.96,Otros
514,2026-04-06,UBER,33.85,Transporte
514,2026-03-01,CARULLA #7049,250.25,Alimentacion
514,2026-06-13,COURSERA CURSO ONLINE #1417,54.13,Educacion
514,2026-03-30,CLARO HOGAR INTERNET,140.55,Servicios
514,2026-02-23,PAGO MULTA TRANSITO #1579,130.21,Otros
514,2026-02-07,METROBUS CDMX #9567,75.94,Transporte
514,2026-03-26,TELMEX INTERNET HOGAR,67.75,Servicios
514,2026-05-24,CARULLA,202.61,Alimentacion
514,2026-02-20,SORIANA #9508,166.38,Alimentacion
514,2026-05-20,RETIRO CAJERO AUTOMATICO #8053,124.18,Otros
514,2026-06-15,RETIRO CAJERO AUTOMATICO #2596 PUEBLA REF501453,76.16,Otros
514,2026-04-06,DIDI,107.56,Transporte
514,2026-03-28,COOMEVA MEDICINA PREPAGADA #3012,297.11,Salud
514,2026-03-25,BODEGA AURRERA #8564 CUCUTA,65.62,Alimentacion
514,2026-02-24,PAGO INFONAVIT #856 GUADALAJARA,358.93,Vivienda
514,2026-02-18,DIDI #6169,68.36,Transporte
514,2026-03-14,METROBUS CDMX CALI,163.02,Transporte
515,2026-07-25,FARMACIAS DEL AHORRO CIUDAD DE MEXICO,148.89,Salud
515,2026-04-22,SPOTIFY PREMIUM #118,37.05,Ocio
515,2026-05-09,CABIFY REF372997,188.25,Transporte
515,2026-02-23,PEAJE AUTOPISTA,108.21,Transporte
515,2026-07-27,SUPERMERCADO D1,165.79,Alimentacion
515,2026-04-07,FARMACIAS GUADALAJARA,42.27,Salud
515,2026-07-31,ESTACION SERVICIO PRIMAX #2320 REF790263,86.58,Transporte
515,2026-03-13,JUMBO CIUDAD DE MEXICO,255.5,Alimentacion
515,2026-03-19,DISNEY PLUS #8285 QUERETARO,78.69,Ocio
515,2026-02-10,COURSERA CURSO ONLINE,154.19,Educacion
515,2026-03-30,AGENCIA DE VIAJES MEDELLIN,83.21,Ocio
515,2026-04-21,ARA TIENDA #6482,246.71,Alimentacion
515,2026-04-18,FARMACIA CRUZ VERDE,93.09,Salud
515,2026-04-14,TELMEX INTERNET HOGAR,83.19,Servicios
515,2026-07-22,EPS SURA COPAGO #2608,288.23,Salud
515,2026-02-03,SPOTIFY PREMIUM CUCUTA,26.55,Ocio
515,2026-03-13,DIDI,153.93,Transporte
515,2026-02-09,JUMBO BARRANQUILLA,169.77,Alimentacion
515,2026-04-03,COLEGIATURA COLEGIO PRIVADO #7373,279.88,Educacion
515,2026-07-03,CINEPOLIS,48.9,Ocio
515,2026-07-09,IZZI TELECOM,57.37,Servicios
515,2026-06-15,TRANSFERENCIA MERCADO PAGO #1534 CUCUTA,126.32,Otros
515,2026-07-21,FACTURA ENERGIA ENEL CODENSA #9721,44.1,Servicios
515,2026-03-25,EPS SURA COPAGO,134.6,Salud
515,2026-05-08,IZZI TELECOM #7898,40.4,Servicios
515,2026-02-08,FACTURA ACUEDUCTO,16.12,Servicios
516,2026-07-10,PEAJE AUTOPISTA #7802,50.19,Transporte
516,2026-04-29,CINE COLOMBIA #2215 REF688609,103.76,Ocio
516,2026-04-22,STEAM VIDEOJUEGOS #3823 MONTERREY,102.96,Ocio
516,2026-05-07,DIDI #3142 MEDELLIN REF508498,32.52,Transporte
516,2026-02-08,MOVISTAR PLAN CELULAR REF200596,138.13,Servicios
516,2026-05-23,DISNEY PLUS #4435,29.33,Ocio
516,2026-07-10,JUMBO #6653,169.37,Alimentacion
516,2026-03-28,TRANSFERENCIA MERCADO PAGO REF719643,177.56,Otros
516,2026-03-12,RECARGA OXXO,160.01,Otros
516,2026-06-16,OXXO #5628 REF330032,258.71,Alimentacion
516,2026-07-16,FARMATODO CARTAGENA,112.64,Salud
516,2026-07-02,FARMATODO TIJUANA REF534017,45.09,Salud
516,2026-06-10,CONSULTORIO IMSS GUADALAJARA,68.68,Salud
516,2026-06-22,PEAJE AUTOPISTA REF378016,110.1,Transporte
516,2026-04-12,HOME DEPOT MEXICO,546.61,Vivienda
516,2026-06-14,UBER REF863092,40.03,Transporte
517,2026-04-12,RECARGA OXXO,144.29,Otros
517,2026-06-25,FARMATODO REF558768,33.31,Salud
517,2026-07-13,HOME DEPOT MEXICO REF552067,247.03,Vivienda
517,2026-05-18,ESTACION SERVICIO PRIMAX #7883 GUADALAJARA REF251990,141.23,Transporte
517,2026-06-14,SUPERMERCADO D1 #1697 CUCUTA REF316530,232.28,Alimentacion
517,2026-06-01,BODEGA AURRERA #3808,75.7,Alimentacion
517,2026-05-29,CINEPOLIS,45.9,Ocio
517,2026-03-30,COURSERA CURSO ONLINE #8556,226.42,Educacion
517,2026-06-16,RETIRO CAJERO AUTOMATICO #7680 MONTERREY,45.97,Otros
517,2026-03-24,AGENCIA DE VIAJES #769,106.39,Ocio
517,2026-03-30,BAR RESTAURANTE AMIGOS PUEBLA REF877242,101.7,Ocio
517,2026-04-06,CONSULTORIO IMSS QUERETARO,56.41,Salud
517,2026-03-03,CONSULTORIO IMSS,147.19,Salud
517,2026-07-14,FACTURA ACUEDUCTO #8676,119.6,Servicios
517,2026-05-07,CHEDRAUI MONTERREY,97.71,Alimentacion
517,2026-06-18,FARMATODO,195.44,Salud
517,2026-03-24,MOVISTAR PLAN CELULAR #779 QUERETARO,21.78,Servicios
517,2026-02-19,PAGO INFONAVIT #1141 MONTERREY,454.34,Vivienda
517,2026-05-22,CONSULTORIO IMSS #122,58.51,Salud
517,2026-03-01,CINE COLOMBIA #9960,108.82,Ocio
517,2026-06-27,DIDI,81.09,Transporte
517,2026-03-23,DAVIPLATA #8224,57.86,Otros
517,2026-04-28,FARMATODO,254.65,Salud
518,2026-07-01,SPOTIFY PREMIUM REF795868,98.87,Ocio
518,2026-05-27,EPS SURA COPAGO #8623,33.22,Salud
518,2026-02-03,FARMACIAS DEL AHORRO #3401 MONTERREY,218.69,Salud
518,2026-02-20,ESTACION SERVICIO PRIMAX #1982 REF149449,115.46,Transporte
518,2026-03-06,GASOLINERA PEMEX #9918,190.17,Transporte
518,2026-07-15,TRANSFERENCIA NEQUI,63.2,Otros
518,2026-05-17,TRANSFERENCIA MERCADO PAGO #7944,107.61,Otros
518,2026-07-01,WALMART SUPERCENTER #6802,140.2,Alimentacion
518,2026-06-11,NETFLIX #4956,66.2,Ocio
518,2026-02-14,FACTURA ENERGIA ENEL CODENSA REF659385,76.57,Servicios
518,2026-02-27,CINE COLOMBIA #4576,30.7,Ocio
518,2026-07-02,HOME DEPOT MEXICO,527.85,Vivienda
518,2026-05-24,ARA TIENDA #6792,127.35,Alimentacion
518,2026-06-30,ARA TIENDA #6904,259.21,Alimentacion
518,2026-03-26,METROBUS CDMX,62.16,Transporte
518,2026-03-09,CONSULTORIO IMSS #2686,209.58,Salud
519,2026-04-14,CINEPOLIS #1920,71.94,Ocio
519,2026-02-28,GASOLINERA PEMEX,56.08,Transporte
519,2026-03-29,TRANSFERENCIA NEQUI CUCUTA,136.44,Otros
519,2026-05-14,DIDI #6177,115.61,Transporte
519,2026-06-23,SORIANA,116.92,Alimentacion
519,2026-02-21,CABIFY,63.76,Transporte
519,2026-03-08,ARRIENDO APARTAMENTO #8962 REF299014,649.35,Vivienda
519,2026-05-02,CINE COLOMBIA REF130592,13.96,Ocio
519,2026-02-11,COURSERA CURSO ONLINE,41.34,Educacion
519,2026-04-13,SORIANA REF671550,66.49,Alimentacion
519,2026-04-12,CARULLA QUERETARO,262.48,Alimentacion
520,2026-07-12,TELMEX INTERNET HOGAR CARTAGENA,30.15,Servicios
520,2026-07-22,CINEPOLIS #8193,76.64,Ocio
520,2026-05-17,CARULLA,213.05,Alimentacion
520,2026-06-04,ARA TIENDA #8724,105.33,Alimentacion
520,2026-06-04,TRANSFERENCIA NEQUI #180,176.24,Otros
520,2026-07-04,ESTACION SERVICIO PRIMAX #9500,96.88,Transporte
520,2026-02-02,OXXO #8858,49.12,Alimentacion
520,2026-02-17,COMBUSTIBLE TERPEL #1507,103.19,Transporte
520,2026-04-26,CINEPOLIS #9519 REF448993,89.88,Ocio
521,2026-05-06,JUMBO #7478,240.5,Alimentacion
521,2026-05-09,MOVISTAR PLAN CELULAR #6415,90.91,Servicios
521,2026-06-08,STEAM VIDEOJUEGOS #3471,36.51,Ocio
521,2026-04-19,EXITO #212 MEDELLIN,258.27,Alimentacion
521,2026-07-20,EPS SURA COPAGO #2993,152.76,Salud
521,2026-03-02,ICETEX CREDITO EDUCATIVO,149.38,Educacion
521,2026-02-12,COMBUSTIBLE TERPEL #2329 REF611812,46.3,Transporte
521,2026-05-15,FACTURA ACUEDUCTO,48.0,Servicios
521,2026-03-27,DIDI,176.57,Transporte
521,2026-04-06,JUMBO TIJUANA,169.75,Alimentacion
521,2026-05-03,FACTURA ACUEDUCTO #6223,138.29,Servicios
521,2026-05-16,FARMACIAS SIMILARES TIJUANA,81.11,Salud
521,2026-03-06,DIDI #1023,34.23,Transporte
521,2026-04-27,CARULLA,11.58,Alimentacion
522,2026-05-16,CARULLA,213.25,Alimentacion
522,2026-05-07,JUMBO,14.01,Alimentacion
522,2026-03-01,PEAJE AUTOPISTA #9327,173.37,Transporte
522,2026-04-04,PAGO MULTA TRANSITO,61.09,Otros
522,2026-07-27,DIDI REF405901,39.93,Transporte
522,2026-05-17,CARULLA REF127574,68.85,Alimentacion
522,2026-05-23,CARULLA #8008,131.83,Alimentacion
522,2026-07-21,CARULLA #1889,120.47,Alimentacion
522,2026-07-10,CINE COLOMBIA #3170 CALI,41.11,Ocio
522,2026-02-10,TELMEX INTERNET HOGAR #8489,38.25,Servicios
522,2026-05-12,IZZI TELECOM #746,117.9,Servicios
522,2026-03-06,CINE COLOMBIA #1225,128.76,Ocio
522,2026-05-11,STEAM VIDEOJUEGOS #6055 REF659428,102.22,Ocio
522,2026-07-05,DEPOSITO BANCO AZTECA #9447,60.31,Otros
522,2026-05-19,ICETEX CREDITO EDUCATIVO #985 MONTERREY,116.8,Educacion
522,2026-07-23,OXXO,66.59,Alimentacion
522,2026-06-22,GASOLINERA PEMEX,37.34,Transporte
522,2026-05-29,COMBUSTIBLE TERPEL,120.27,Transporte
522,2026-05-01,FARMACIAS GUADALAJARA REF442255,187.54,Salud
523,2026-05-04,BAR RESTAURANTE AMIGOS #5666,51.79,Ocio
523,2026-04-23,WALMART SUPERCENTER REF732351,80.74,Alimentacion
523,2026-07-16,METROBUS CDMX #4265,27.66,Transporte
523,2026-05-12,STEAM VIDEOJUEGOS,108.77,Ocio
523,2026-06-15,CARULLA BARRANQUILLA,231.81,Alimentacion
523,2026-06-16,UBER #8134 REF389334,53.95,Transporte
523,2026-05-30,TRANSFERENCIA MERCADO PAGO #4036,21.01,Otros
523,2026-05-04,TRANSMILENIO #2632 REF381884,157.77,Transporte
523,2026-06-13,PEAJE AUTOPISTA #4813,52.31,Transporte
523,2026-04-11,HOME DEPOT MEXICO CIUDAD DE MEXICO,346.72,Vivienda
523,2026-04-27,ADMINISTRACION CONJUNTO RESIDENCIAL #2136,182.07,Vivienda
523,2026-05-26,CONSULTORIO IMSS #3215,79.49,Salud
523,2026-02-21,GASOLINERA PEMEX #3150 REF729715,168.58,Transporte
523,2026-03-11,ICETEX CREDITO EDUCATIVO #2648,326.65,Educacion
523,2026-06-13,SUPERAMA MONTERREY,63.84,Alimentacion
523,2026-03-10,ADMINISTRACION CONDOMINIO #650,317.96,Vivienda
523,2026-04-07,SPOTIFY PREMIUM,21.78,Ocio
523,2026-03-23,HOME DEPOT MEXICO,187.09,Vivienda
523,2026-04-12,FACTURA CFE,148.94,Servicios
523,2026-05-17,PEAJE AUTOPISTA #8823 CALI,141.12,Transporte
523,2026-06-03,NETFLIX #4514 BARRANQUILLA REF724873,72.76,Ocio
523,2026-05-20,PEAJE AUTOPISTA TIJUANA,163.1,Transporte
523,2026-03-21,WALMART SUPERCENTER REF485372,228.42,Alimentacion
523,2026-05-20,WALMART SUPERCENTER,219.75,Alimentacion
524,2026-02-26,RETIRO CAJERO AUTOMATICO #3780 BOGOTA REF855509,44.25,Otros
524,2026-07-03,SUPERAMA,234.63,Alimentacion
524,2026-02-21,STEAM VIDEOJUEGOS #6067 REF199779,45.17,Ocio
524,2026-07-08,AGENCIA DE VIAJES,128.7,Ocio
524,2026-03-27,DIDI BARRANQUILLA,41.54,Transporte
524,2026-07-09,NETFLIX,69.54,Ocio
524,2026-05-22,EXITO #3027,216.14,Alimentacion
524,2026-03-19,MOVISTAR PLAN CELULAR,73.41,Servicios
524,2026-07-08,BAR RESTAURANTE AMIGOS #6192 CARTAGENA,63.51,Ocio
524,2026-04-18,ESTACION SERVICIO PRIMAX #3882,207.27,Transporte
524,2026-06-12,TRANSMILENIO,95.06,Transporte
524,2026-07-24,TRANSFERENCIA MERCADO PAGO BOGOTA REF971481,112.69,Otros
525,2026-04-26,EXITO CALI,59.14,Alimentacion
525,2026-03-04,FARMACIAS SIMILARES REF802339,69.69,Salud
525,2026-03-25,METROBUS CDMX MEDELLIN REF867437,140.65,Transporte
525,2026-03-29,GASOLINERA PEMEX #8030 REF927670,20.74,Transporte
525,2026-04-01,SUPERAMA #4297 QUERETARO,91.49,Alimentacion
525,2026-03-19,SPOTIFY PREMIUM #7962 MEDELLIN,23.68,Ocio
525,2026-03-08,COLEGIATURA COLEGIO PRIVADO,242.57,Educacion
525,2026-03-18,SPOTIFY PREMIUM,87.72,Ocio
525,2026-02-16,CLARO HOGAR INTERNET #9839,112.35,Servicios
525,2026-02-27,HOMECENTER #7728 CUCUTA REF148196,277.62,Vivienda
525,2026-03-02,RENTA DEPARTAMENTO #8520 BARRANQUILLA,194.62,Vivienda
525,2026-06-02,DISNEY PLUS #4886,14.84,Ocio
525,2026-02-13,GASOLINERA PEMEX,95.23,Transporte
526,2026-07-10,BAR RESTAURANTE AMIGOS,112.64,Ocio
526,2026-02-21,WALMART SUPERCENTER #2810,136.47,Alimentacion
526,2026-03-17,STEAM VIDEOJUEGOS,21.81,Ocio
526,2026-03-23,ARA TIENDA #9289,85.25,Alimentacion
526,2026-02-13,CLARO HOGAR INTERNET #3985 REF358368,104.43,Servicios
526,2026-04-30,DISNEY PLUS #4433,81.64,Ocio
526,2026-07-09,TRANSMILENIO #6688 REF958351,116.2,Transporte
526,2026-06-13,COURSERA CURSO ONLINE #2694 BOGOTA,281.11,Educacion
526,2026-04-10,CARULLA #4644 CUCUTA,175.72,Alimentacion
526,2026-02-15,HOME DEPOT MEXICO #4587,590.66,Vivienda
526,2026-04-18,CHEDRAUI TIJUANA REF170446,162.36,Alimentacion
526,2026-03-18,GASOLINERA PEMEX,165.72,Transporte
526,2026-05-02,WALMART SUPERCENTER CIUDAD DE MEXICO,74.66,Alimentacion
526,2026-06-22,ESTACION SERVICIO PRIMAX MONTERREY,145.64,Transporte
526,2026-06-21,ARA TIENDA #1963 REF607206,244.57,Alimentacion
526,2026-05-08,TRANSFERENCIA NEQUI QUERETARO,75.57,Otros
527,2026-07-06,STEAM VIDEOJUEGOS #4721,18.72,Ocio
527,2026-06-04,NETFLIX BOGOTA REF440945,20.22,Ocio
527,2026-07-27,NETFLIX,79.31,Ocio
527,2026-03-02,CONSULTORIO IMSS REF743101,113.29,Salud
527,2026-04-13,SUPERAMA,19.08,Alimentacion
527,2026-02-12,ESTACION SERVICIO PRIMAX #1825,118.33,Transporte
527,2026-02-04,RENTA DEPARTAMENTO GUADALAJARA,343.92,Vivienda
527,2026-07-19,SPOTIFY PREMIUM #8062 CARTAGENA,17.63,Ocio
527,2026-03-13,TELCEL PLAN CELULAR #9059 REF546127,123.26,Servicios
527,2026-06-24,ARA TIENDA,247.92,Alimentacion
527,2026-05-19,TELMEX INTERNET HOGAR #4997 REF453545,117.14,Servicios
528,2026-03-12,FACTURA ENERGIA ENEL CODENSA #9687 REF669604,142.97,Servicios
528,2026-06-10,FACTURA ACUEDUCTO #8131,111.77,Servicios
528,2026-02-24,COMBUSTIBLE TERPEL,186.29,Transporte
528,2026-03-07,DEPOSITO BANCO AZTECA #6235 REF499133,118.58,Otros
528,2026-05-19,COMBUSTIBLE TERPEL #1637,87.53,Transporte
528,2026-04-25,COURSERA CURSO ONLINE #3317,184.66,Educacion
528,2026-02-25,STEAM VIDEOJUEGOS #3702,14.42,Ocio
528,2026-05-04,CONSULTORIO IMSS #1842,23.97,Salud
528,2026-06-17,SUPERMERCADO D1 #4538,190.82,Alimentacion
528,2026-06-13,CHEDRAUI,123.99,Alimentacion
529,2026-02-03,HOME DEPOT MEXICO #941 PUEBLA,375.58,Vivienda
529,2026-06-23,RECARGA OXXO PUEBLA,112.62,Otros
529,2026-03-13,UBER #7076 BOGOTA,189.1,Transporte
529,2026-07-21,TRANSFERENCIA NEQUI #7388 CALI,157.26,Otros
529,2026-04-29,METROBUS CDMX #4592,188.08,Transporte
529,2026-04-02,RENTA DEPARTAMENTO #371 CARTAGENA,285.0,Vivienda
529,2026-03-24,FARMACIAS GUADALAJARA,24.97,Salud
529,2026-03-21,COOMEVA MEDICINA PREPAGADA #6664 REF373002,89.4,Salud
529,2026-03-29,CHEDRAUI PUEBLA,82.46,Alimentacion
529,2026-04-13,JUMBO #1481,246.43,Alimentacion
529,2026-07-24,PAGO INFONAVIT,474.62,Vivienda
530,2026-03-05,OXXO REF323945,62.44,Alimentacion
530,2026-07-22,METROBUS CDMX #9299,71.95,Transporte
530,2026-06-17,DAVIPLATA,50.85,Otros
530,2026-06-06,PLATZI CURSO ONLINE #827 REF701376,159.54,Educacion
530,2026-05-25,FARMATODO #3619,275.68,Salud
530,2026-02-11,FARMACIA CRUZ VERDE,178.91,Salud
530,2026-06-30,EPS SURA COPAGO #9753 REF639048,225.38,Salud
530,2026-03-15,ARRIENDO APARTAMENTO #4663 GUADALAJARA REF962915,395.06,Vivienda
530,2026-05-14,COOMEVA MEDICINA PREPAGADA,23.22,Salud
530,2026-02-28,PEAJE AUTOPISTA #8194,22.84,Transporte
530,2026-05-21,BAR RESTAURANTE AMIGOS REF617186,72.24,Ocio
530,2026-03-16,CINEPOLIS #7298 CALI REF279293,94.85,Ocio
531,2026-02-02,WALMART SUPERCENTER #6777 GUADALAJARA REF830382,208.64,Alimentacion
531,2026-05-16,FARMACIAS DEL AHORRO #6028,297.7,Salud
531,2026-07-25,RENTA DEPARTAMENTO #1490,322.7,Vivienda
531,2026-05-23,SORIANA REF767745,116.87,Alimentacion
531,2026-04-06,FACTURA ACUEDUCTO QUERETARO,37.36,Servicios
531,2026-06-20,ESTACION SERVICIO PRIMAX #6650,50.81,Transporte
531,2026-06-21,CABIFY #9291 CALI,148.68,Transporte
531,2026-06-28,ARA TIENDA #5211 BOGOTA,248.43,Alimentacion
531,2026-07-30,TRANSMILENIO #5953,88.92,Transporte
531,2026-03-07,TELCEL PLAN CELULAR,39.28,Servicios
531,2026-04-05,FARMATODO,96.25,Salud
531,2026-03-08,ADMINISTRACION CONJUNTO RESIDENCIAL REF682597,377.53,Vivienda
531,2026-07-27,BAR RESTAURANTE AMIGOS,41.33,Ocio
531,2026-03-06,JUMBO,70.73,Alimentacion
531,2026-07-13,TELCEL PLAN CELULAR QUERETARO REF757404,114.36,Servicios
531,2026-07-12,CARULLA #505,12.04,Alimentacion
532,2026-06-12,FACTURA CFE REF160088,103.43,Servicios
532,2026-06-05,CINE COLOMBIA GUADALAJARA REF882966,60.73,Ocio
532,2026-02-11,CLARO HOGAR INTERNET #1029,61.79,Servicios
532,2026-07-07,CLARO HOGAR INTERNET #2194,127.85,Servicios
532,2026-02-01,GASOLINERA PEMEX #563 MONTERREY,161.69,Transporte
532,2026-02-01,DISNEY PLUS #4459 BARRANQUILLA,45.16,Ocio
532,2026-03-30,TELMEX INTERNET HOGAR #6788,28.91,Servicios
532,2026-05-31,OXXO #1574 BOGOTA,28.67,Alimentacion
532,2026-05-23,METROBUS CDMX #9574,28.86,Transporte
532,2026-04-26,STEAM VIDEOJUEGOS,77.86,Ocio
532,2026-07-08,IZZI TELECOM #7328,21.97,Servicios
532,2026-05-21,OXXO #9671,97.6,Alimentacion
532,2026-05-27,ADMINISTRACION CONJUNTO RESIDENCIAL #2423 CIUDAD DE MEXICO,526.6,Vivienda
532,2026-05-19,COOMEVA MEDICINA PREPAGADA,98.89,Salud
532,2026-03-22,CLARO HOGAR INTERNET #6638 BOGOTA,118.05,Servicios
532,2026-02-23,BODEGA AURRERA #964,203.82,Alimentacion
532,2026-07-17,ADMINISTRACION CONJUNTO RESIDENCIAL #1337,272.91,Vivienda
532,2026-02-23,ESTACION SERVICIO PRIMAX CIUDAD DE MEXICO,155.76,Transporte
532,2026-05-27,COMBUSTIBLE TERPEL #7617,159.56,Transporte
532,2026-02-13,OXXO #5964 PUEBLA,113.34,Alimentacion
532,2026-05-22,ADMINISTRACION CONJUNTO RESIDENCIAL CARTAGENA REF550685,255.21,Vivienda
533,2026-03-04,SUPERMERCADO D1 TIJUANA,200.86,Alimentacion
533,2026-04-30,TRANSMILENIO QUERETARO,112.99,Transporte
533,2026-03-07,UBER,172.8,Transporte
533,2026-06-06,FARMACIAS DEL AHORRO #7299 CIUDAD DE MEXICO,220.81,Salud
533,2026-06-09,COMBUSTIBLE TERPEL #1513 GUADALAJARA,133.01,Transporte
533,2026-06-10,EXITO CARTAGENA,49.21,Alimentacion
533,2026-02-14,GASOLINERA PEMEX #2084 REF174025,177.19,Transporte
533,2026-04-18,ESTACION SERVICIO PRIMAX #9036 MEDELLIN REF408545,197.18,Transporte
533,2026-06-17,DISNEY PLUS #2036,22.12,Ocio
533,2026-07-21,ARA TIENDA,136.94,Alimentacion
533,2026-06-04,DAVIPLATA #9668,54.01,Otros
533,2026-06-14,SUPERAMA #2020 MEDELLIN,206.18,Alimentacion
533,2026-06-29,GASOLINERA PEMEX,154.33,Transporte
533,2026-06-16,RETIRO CAJERO AUTOMATICO,33.95,Otros
533,2026-04-24,ARA TIENDA,238.03,Alimentacion
533,2026-03-12,JUMBO #1948 REF853558,57.05,Alimentacion
533,2026-04-14,PEAJE AUTOPISTA #7501,169.45,Transporte
534,2026-06-07,SPOTIFY PREMIUM REF347008,73.8,Ocio
534,2026-04-09,ICETEX CREDITO EDUCATIVO,70.78,Educacion
534,2026-04-28,PEAJE AUTOPISTA #152,32.54,Transporte
534,2026-04-13,STEAM VIDEOJUEGOS QUERETARO,14.04,Ocio
534,2026-03-20,BAR RESTAURANTE AMIGOS #3355,97.97,Ocio
534,2026-03-01,NETFLIX CUCUTA REF873475,93.99,Ocio
534,2026-05-12,SUPERMERCADO D1,25.19,Alimentacion
534,2026-02-27,TRANSMILENIO #6716 REF324094,122.05,Transporte
535,2026-03-28,TELCEL PLAN CELULAR #9026,44.4,Servicios
535,2026-06-13,SUPERAMA #1468 QUERETARO,95.07,Alimentacion
535,2026-03-22,TRANSFERENCIA NEQUI GUADALAJARA,116.84,Otros
535,2026-04-16,DEPOSITO BANCO AZTECA #8826 REF468279,39.35,Otros
535,2026-05-14,DIDI #980 TIJUANA,61.73,Transporte
535,2026-03-20,NETFLIX #8995 CUCUTA,63.51,Ocio
535,2026-05-20,ICETEX CREDITO EDUCATIVO REF882310,112.39,Educacion
535,2026-03-21,ADMINISTRACION CONJUNTO RESIDENCIAL,444.32,Vivienda
535,2026-04-22,TRANSMILENIO PUEBLA,194.64,Transporte
535,2026-03-04,TELCEL PLAN CELULAR #2518 MEDELLIN,115.99,Servicios
535,2026-05-27,PEAJE AUTOPISTA,143.29,Transporte
535,2026-02-12,FARMACIAS SIMILARES REF301435,181.08,Salud
535,2026-04-24,SUPERAMA,136.87,Alimentacion
536,2026-04-17,CINEPOLIS TIJUANA REF771867,8.54,Ocio
536,2026-06-30,GASOLINERA PEMEX REF619536,37.41,Transporte
536,2026-03-03,STEAM VIDEOJUEGOS REF885412,26.65,Ocio
536,2026-03-05,TRANSMILENIO #5182,20.88,Transporte
536,2026-07-02,OXXO BARRANQUILLA REF910983,180.73,Alimentacion
536,2026-07-09,CONSULTORIO IMSS CALI,253.55,Salud
536,2026-06-27,TELCEL PLAN CELULAR #2445,65.4,Servicios
536,2026-07-01,FACTURA CFE REF563649,133.07,Servicios
536,2026-03-15,FACTURA ENERGIA ENEL CODENSA #5440 REF284294,43.8,Servicios
536,2026-02-09,TRANSFERENCIA MERCADO PAGO MEDELLIN,65.32,Otros
536,2026-04-09,PLATZI CURSO ONLINE,81.53,Educacion
536,2026-06-30,RENTA DEPARTAMENTO,460.28,Vivienda
536,2026-07-21,TRANSFERENCIA NEQUI,81.38,Otros
537,2026-03-23,DEPOSITO BANCO AZTECA #2771,132.01,Otros
537,2026-03-22,SUPERMERCADO D1 #3688,168.94,Alimentacion
537,2026-04-09,ARA TIENDA,56.42,Alimentacion
537,2026-02-19,COLEGIATURA COLEGIO PRIVADO TIJUANA,166.06,Educacion
537,2026-04-03,JUMBO #4435 CARTAGENA,131.64,Alimentacion
537,2026-02-11,WALMART SUPERCENTER,119.04,Alimentacion
537,2026-02-28,TELMEX INTERNET HOGAR,39.07,Servicios
537,2026-03-12,CHEDRAUI #645 TIJUANA,250.35,Alimentacion
537,2026-06-27,PEAJE AUTOPISTA,162.46,Transporte
537,2026-06-16,EXITO #8324,135.15,Alimentacion
537,2026-02-05,DEPOSITO BANCO AZTECA PUEBLA,125.61,Otros
537,2026-02-06,TRANSFERENCIA MERCADO PAGO #4004 CARTAGENA,162.54,Otros
537,2026-06-09,EXITO,45.41,Alimentacion
537,2026-05-02,SUPERAMA #1501,75.1,Alimentacion
538,2026-02-15,PAGO MULTA TRANSITO PUEBLA,71.07,Otros
538,2026-02-19,PAGO MULTA TRANSITO CARTAGENA,59.76,Otros
538,2026-05-20,PAGO MULTA TRANSITO #9234,39.64,Otros
538,2026-03-21,FARMACIA CRUZ VERDE #367 CIUDAD DE MEXICO,240.6,Salud
538,2026-05-07,COMBUSTIBLE TERPEL #8478 REF578548,201.08,Transporte
538,2026-07-14,HOMECENTER CUCUTA,356.82,Vivienda
538,2026-04-02,BAR RESTAURANTE AMIGOS #5437 MONTERREY,124.05,Ocio
538,2026-05-17,ESTACION SERVICIO PRIMAX #7671 CIUDAD DE MEXICO REF357850,174.76,Transporte
538,2026-03-18,WALMART SUPERCENTER,135.07,Alimentacion
538,2026-02-04,TRANSMILENIO #7911 PUEBLA,144.81,Transporte
538,2026-02-12,CINEPOLIS #432 REF380336,59.37,Ocio
538,2026-07-13,MATRICULA UNIVERSIDAD NACIONAL,234.52,Educacion
538,2026-05-08,TELMEX INTERNET HOGAR #4816 REF440638,22.84,Servicios
538,2026-04-10,CLARO HOGAR INTERNET BOGOTA,109.0,Servicios
538,2026-03-22,DISNEY PLUS #6029 REF131538,11.6,Ocio
538,2026-02-18,ICETEX CREDITO EDUCATIVO MEDELLIN,331.41,Educacion
538,2026-07-17,FACTURA ACUEDUCTO #2187 CUCUTA,126.37,Servicios
538,2026-06-06,TRANSFERENCIA MERCADO PAGO GUADALAJARA,50.3,Otros
538,2026-04-24,BAR RESTAURANTE AMIGOS #7760 MONTERREY,45.46,Ocio
539,2026-05-02,WALMART SUPERCENTER CIUDAD DE MEXICO,36.3,Alimentacion
539,2026-07-07,OXXO #9138 REF831637,215.99,Alimentacion
539,2026-06-12,FACTURA CFE #432 MONTERREY,144.79,Servicios
539,2026-05-03,ESTACION SERVICIO PRIMAX #2499,95.39,Transporte
539,2026-05-26,HOMECENTER #4856 REF360210,406.34,Vivienda
539,2026-03-09,OXXO CIUDAD DE MEXICO,48.18,Alimentacion
539,2026-04-02,SORIANA #3690,153.27,Alimentacion
539,2026-04-18,ARA TIENDA,47.61,Alimentacion
539,2026-05-24,FARMACIAS GUADALAJARA #6805,189.2,Salud
539,2026-02-26,DIDI,196.65,Transporte
539,2026-04-13,RETIRO CAJERO AUTOMATICO,43.27,Otros
539,2026-05-27,ESTACION SERVICIO PRIMAX #4099,162.91,Transporte
539,2026-05-13,FARMACIAS DEL AHORRO TIJUANA,21.7,Salud
539,2026-06-18,PEAJE AUTOPISTA #9866 REF944788,85.1,Transporte
539,2026-05-08,COOMEVA MEDICINA PREPAGADA #7870 BARRANQUILLA,46.56,Salud
539,2026-07-28,ARRIENDO APARTAMENTO REF542415,326.24,Vivienda
539,2026-07-14,RETIRO CAJERO AUTOMATICO,39.5,Otros
539,2026-03-15,CARULLA,107.06,Alimentacion
539,2026-07-20,SUPERAMA REF216194,118.56,Alimentacion
539,2026-05-28,COMBUSTIBLE TERPEL,70.12,Transporte
539,2026-04-02,ARA TIENDA REF525659,180.72,Alimentacion
540,2026-02-06,STEAM VIDEOJUEGOS #1517 BARRANQUILLA,76.45,Ocio
540,2026-05-05,CLARO HOGAR INTERNET #8707 REF526350,76.43,Servicios
540,2026-07-30,GASOLINERA PEMEX BOGOTA,39.93,Transporte
540,2026-04-05,AGENCIA DE VIAJES MEDELLIN,61.22,Ocio
540,2026-04-13,TRANSFERENCIA NEQUI #8407,57.34,Otros
540,2026-03-16,COOMEVA MEDICINA PREPAGADA #4670,283.8,Salud
540,2026-07-13,NETFLIX REF536406,115.51,Ocio
540,2026-06-18,NETFLIX #7827 REF109807,15.49,Ocio
540,2026-05-11,FARMACIAS GUADALAJARA GUADALAJARA,162.25,Salud
540,2026-02-04,TRANSFERENCIA MERCADO PAGO #5509,48.26,Otros
541,2026-04-12,FACTURA CFE #427,78.19,Servicios
541,2026-03-20,PAGO MULTA TRANSITO #9727,46.97,Otros
541,2026-04-10,SPOTIFY PREMIUM #8371 QUERETARO,46.78,Ocio
541,2026-03-16,COMBUSTIBLE TERPEL #9568,201.97,Transporte
541,2026-02-04,IZZI TELECOM CALI,85.21,Servicios
541,2026-04-27,METROBUS CDMX #6759,90.14,Transporte
541,2026-07-30,TRANSFERENCIA MERCADO PAGO #593,98.64,Otros
541,2026-07-24,SUPERAMA #8217,212.54,Alimentacion
541,2026-04-11,ESTACION SERVICIO PRIMAX QUERETARO,78.02,Transporte
541,2026-02-05,SORIANA,56.46,Alimentacion
542,2026-05-09,PEAJE AUTOPISTA BARRANQUILLA REF668503,25.07,Transporte
542,2026-02-12,FARMACIAS DEL AHORRO #148,288.13,Salud
542,2026-02-27,PEAJE AUTOPISTA,97.0,Transporte
542,2026-06-03,CINE COLOMBIA MEDELLIN,82.91,Ocio
542,2026-05-09,EXITO MEDELLIN,183.24,Alimentacion
542,2026-05-28,PLATZI CURSO ONLINE,229.94,Educacion
542,2026-05-13,RECARGA OXXO #5214,44.89,Otros
542,2026-02-13,FACTURA CFE CUCUTA REF859979,116.94,Servicios
542,2026-07-18,TELCEL PLAN CELULAR MEDELLIN,123.51,Servicios
542,2026-06-29,ARA TIENDA #360 GUADALAJARA,153.77,Alimentacion
542,2026-07-25,EXITO #6566 TIJUANA,137.03,Alimentacion
542,2026-02-11,TELMEX INTERNET HOGAR #205,30.38,Servicios
542,2026-06-25,AGENCIA DE VIAJES #8405,15.49,Ocio
542,2026-04-09,COMBUSTIBLE TERPEL #3949 MONTERREY,77.91,Transporte
542,2026-04-22,TRANSFERENCIA NEQUI #9907,62.84,Otros
543,2026-04-11,UBER,184.8,Transporte
543,2026-03-11,MATRICULA UNIVERSIDAD NACIONAL REF489644,357.73,Educacion
543,2026-05-03,GASOLINERA PEMEX,12.19,Transporte
543,2026-06-25,CHEDRAUI,240.44,Alimentacion
543,2026-04-02,UBER #1619,64.3,Transporte
543,2026-04-01,BODEGA AURRERA #4037,20.13,Alimentacion
543,2026-02-15,EXITO,230.43,Alimentacion
543,2026-07-08,DAVIPLATA #4137 TIJUANA,156.86,Otros
543,2026-07-22,TELCEL PLAN CELULAR #9182,95.49,Servicios
543,2026-02-17,TRANSMILENIO,124.89,Transporte
543,2026-02-27,ADMINISTRACION CONDOMINIO #5557 QUERETARO,556.56,Vivienda
543,2026-03-26,TRANSFERENCIA NEQUI #9219 REF665204,143.67,Otros
543,2026-07-24,CLARO HOGAR INTERNET CIUDAD DE MEXICO,135.16,Servicios
543,2026-07-14,RETIRO CAJERO AUTOMATICO #1166,103.97,Otros
543,2026-03-15,FARMATODO CALI,290.78,Salud
544,2026-03-12,MATRICULA UNAM BOGOTA,214.92,Educacion
544,2026-04-04,CHEDRAUI,236.43,Alimentacion
544,2026-02-12,TRANSMILENIO #1325 MEDELLIN,52.69,Transporte
544,2026-02-27,TELCEL PLAN CELULAR,72.56,Servicios
544,2026-07-11,CLARO HOGAR INTERNET #5471 REF263117,141.83,Servicios
544,2026-07-20,COOMEVA MEDICINA PREPAGADA GUADALAJARA,137.14,Salud
544,2026-03-24,FACTURA ENERGIA ENEL CODENSA,63.38,Servicios
544,2026-04-28,STEAM VIDEOJUEGOS QUERETARO,60.07,Ocio
544,2026-04-28,GASOLINERA PEMEX PUEBLA,113.89,Transporte
544,2026-07-30,CHEDRAUI #5629,174.32,Alimentacion
544,2026-07-26,SORIANA #4997 REF348130,218.18,Alimentacion
544,2026-04-30,ADMINISTRACION CONDOMINIO,376.05,Vivienda
544,2026-02-22,SUPERMERCADO D1,222.55,Alimentacion
544,2026-05-26,CLARO HOGAR INTERNET #5688,87.05,Servicios
545,2026-07-04,COOMEVA MEDICINA PREPAGADA #5265,95.55,Salud
545,2026-02-21,ARA TIENDA CARTAGENA,185.09,Alimentacion
545,2026-02-03,ARRIENDO APARTAMENTO #4099,159.17,Vivienda
545,2026-06-30,MATRICULA UNAM #986,308.38,Educacion
545,2026-07-12,HOME DEPOT MEXICO REF259210,282.67,Vivienda
545,2026-02-12,FARMATODO #9697 PUEBLA,103.36,Salud
545,2026-02-28,CONSULTORIO IMSS CUCUTA,165.45,Salud
545,2026-04-14,FACTURA ACUEDUCTO #1450,44.15,Servicios
545,2026-02-12,RETIRO CAJERO AUTOMATICO #8458 PUEBLA,160.36,Otros
545,2026-02-17,FARMATODO CUCUTA,39.33,Salud
545,2026-03-10,FARMACIAS SIMILARES #8985 CARTAGENA,141.65,Salud
545,2026-03-02,OXXO,230.85,Alimentacion
545,2026-05-20,COMBUSTIBLE TERPEL #9217 REF393050,133.17,Transporte
545,2026-03-18,GASOLINERA PEMEX #3370,68.47,Transporte
545,2026-03-04,TELCEL PLAN CELULAR #4578 QUERETARO,71.8,Servicios
546,2026-05-27,SUPERMERCADO D1,224.2,Alimentacion
546,2026-03-12,ICETEX CREDITO EDUCATIVO,99.8,Educacion
546,2026-06-08,JUMBO #8961,25.8,Alimentacion
546,2026-04-22,TRANSFERENCIA NEQUI REF753085,50.32,Otros
546,2026-05-29,PEAJE AUTOPISTA #8698 REF156690,95.22,Transporte
546,2026-05-09,TRANSFERENCIA MERCADO PAGO,134.2,Otros
546,2026-06-17,CHEDRAUI REF892220,172.33,Alimentacion
546,2026-07-13,ADMINISTRACION CONJUNTO RESIDENCIAL #5745 REF802069,268.81,Vivienda
546,2026-02-01,CHEDRAUI #9817,140.85,Alimentacion
546,2026-07-16,DIDI #8610,195.24,Transporte
546,2026-07-07,STEAM VIDEOJUEGOS #905,106.88,Ocio
546,2026-05-06,EXITO CUCUTA,94.03,Alimentacion
546,2026-05-02,TRANSFERENCIA MERCADO PAGO #6276,176.98,Otros
546,2026-05-15,BODEGA AURRERA REF804328,194.24,Alimentacion
546,2026-05-19,DIDI #4545,22.49,Transporte
546,2026-05-10,BAR RESTAURANTE AMIGOS MEDELLIN,9.4,Ocio
546,2026-06-07,UBER #8673,43.68,Transporte
546,2026-04-01,FARMACIA CRUZ VERDE,222.44,Salud
546,2026-02-24,ADMINISTRACION CONJUNTO RESIDENCIAL CIUDAD DE MEXICO,241.87,Vivienda
546,2026-05-28,FACTURA ENERGIA ENEL CODENSA #4605,84.05,Servicios
546,2026-07-18,JUMBO,34.25,Alimentacion
546,2026-06-09,UBER TIJUANA,194.18,Transporte
546,2026-04-02,JUMBO,99.43,Alimentacion
547,2026-05-27,TELCEL PLAN CELULAR MONTERREY,66.77,Servicios
547,2026-03-20,SUPERMERCADO D1 #2135 REF447799,254.46,Alimentacion
547,2026-07-10,DEPOSITO BANCO AZTECA #3500,127.79,Otros
547,2026-04-01,OXXO,235.58,Alimentacion
547,2026-07-27,CINEPOLIS #624,50.81,Ocio
547,2026-04-02,FARMATODO #6973,27.32,Salud
547,2026-05-20,ARA TIENDA MONTERREY,263.32,Alimentacion
547,2026-02-05,AGENCIA DE VIAJES MEDELLIN,7.15,Ocio
547,2026-07-05,PAGO MULTA TRANSITO #5929,171.1,Otros
547,2026-03-10,FARMATODO,120.07,Salud
547,2026-06-02,CONSULTORIO IMSS #3686 PUEBLA,17.88,Salud
547,2026-02-18,ESTACION SERVICIO PRIMAX,147.83,Transporte
547,2026-04-03,CINE COLOMBIA #4688,127.57,Ocio
547,2026-04-06,METROBUS CDMX #7426 BARRANQUILLA,203.13,Transporte
547,2026-06-29,CINE COLOMBIA #9931,25.12,Ocio
547,2026-05-08,SORIANA #1789,57.12,Alimentacion
547,2026-03-02,CABIFY,123.11,Transporte
547,2026-03-15,COMBUSTIBLE TERPEL #1787 QUERETARO,137.46,Transporte
547,2026-03-09,BAR RESTAURANTE AMIGOS #6568 CALI,97.43,Ocio
547,2026-05-10,FARMACIA CRUZ VERDE #2190,66.6,Salud
547,2026-05-20,FARMACIAS DEL AHORRO REF116322,288.32,Salud
547,2026-03-29,EXITO,176.07,Alimentacion
547,2026-04-16,STEAM VIDEOJUEGOS #174 PUEBLA,110.88,Ocio
548,2026-02-09,MOVISTAR PLAN CELULAR REF663592,42.11,Servicios
548,2026-03-27,RENTA DEPARTAMENTO QUERETARO,243.0,Vivienda
548,2026-03-17,NETFLIX,36.84,Ocio
548,2026-03-06,HOME DEPOT MEXICO #368,302.47,Vivienda
548,2026-07-28,CINE COLOMBIA,50.01,Ocio
548,2026-07-11,ARA TIENDA #2234 MONTERREY,119.34,Alimentacion
548,2026-04-21,DISNEY PLUS,17.36,Ocio
548,2026-06-16,CINEPOLIS,10.3,Ocio
548,2026-02-15,SUPERAMA,185.23,Alimentacion
548,2026-03-11,PEAJE AUTOPISTA,117.47,Transporte
548,2026-05-19,DEPOSITO BANCO AZTECA #6233,85.5,Otros
548,2026-06-05,EXITO #9443,174.95,Alimentacion
548,2026-05-20,FACTURA ACUEDUCTO,126.74,Servicios
548,2026-04-04,OXXO MEDELLIN,121.2,Alimentacion
548,2026-05-17,TRANSFERENCIA NEQUI,118.99,Otros
548,2026-04-15,DEPOSITO BANCO AZTECA,172.11,Otros
548,2026-04-03,TRANSMILENIO,177.92,Transporte
548,2026-05-11,ESTACION SERVICIO PRIMAX #2574 CALI REF996677,95.2,Transporte
548,2026-02-15,FARMACIA CRUZ VERDE #190 CALI REF620106,198.74,Salud
548,2026-06-13,SUPERMERCADO D1 REF919689,56.04,Alimentacion
549,2026-06-02,OXXO #6800 CALI,269.7,Alimentacion
549,2026-06-17,STEAM VIDEOJUEGOS #744,77.4,Ocio
549,2026-05-16,FARMACIA CRUZ VERDE #8787 CALI,27.05,Salud
549,2026-05-11,ESTACION SERVICIO PRIMAX #6383 REF489016,127.35,Transporte
549,2026-07-31,IZZI TELECOM #2085,52.07,Servicios
549,2026-03-23,FARMACIAS SIMILARES #1715 REF229890,24.26,Salud
549,2026-03-06,SUPERMERCADO D1 #3775,223.42,Alimentacion
549,2026-07-01,ESTACION SERVICIO PRIMAX #4109 QUERETARO REF890157,65.15,Transporte
550,2026-03-24,CLARO HOGAR INTERNET,90.66,Servicios
550,2026-06-17,DAVIPLATA,165.5,Otros
550,2026-07-08,JUMBO REF989340,185.35,Alimentacion
550,2026-02-07,CARULLA,114.97,Alimentacion
550,2026-02-12,CARULLA #7954,234.22,Alimentacion
550,2026-02-19,FARMATODO,66.6,Salud
550,2026-02-01,ESTACION SERVICIO PRIMAX,118.85,Transporte
550,2026-05-31,BODEGA AURRERA #8903,257.14,Alimentacion
550,2026-07-05,CARULLA,172.6,Alimentacion
550,2026-02-05,JUMBO MEDELLIN,222.41,Alimentacion
550,2026-05-15,COMBUSTIBLE TERPEL #4890 BOGOTA,140.71,Transporte
550,2026-04-25,CLARO HOGAR INTERNET,128.32,Servicios
550,2026-06-13,HOME DEPOT MEXICO,622.24,Vivienda
550,2026-06-09,IZZI TELECOM #6130 QUERETARO,51.84,Servicios
550,2026-05-03,DISNEY PLUS #2168 TIJUANA,26.21,Ocio
550,2026-07-13,METROBUS CDMX CIUDAD DE MEXICO,106.8,Transporte
550,2026-07-07,TRANSFERENCIA NEQUI #5190,129.32,Otros
550,2026-06-10,WALMART SUPERCENTER,69.07,Alimentacion
550,2026-06-11,SUPERMERCADO D1 #9656 REF800078,11.07,Alimentacion
550,2026-04-11,OXXO #9079,99.16,Alimentacion
550,2026-06-27,TRANSFERENCIA MERCADO PAGO #1095,174.71,Otros
550,2026-06-25,EPS SURA COPAGO REF114671,213.07,Salud
550,2026-05-27,ESTACION SERVICIO PRIMAX #6492,90.27,Transporte
550,2026-03-15,COMBUSTIBLE TERPEL #7174 REF459088,48.52,Transporte
550,2026-02-16,ESTACION SERVICIO PRIMAX BOGOTA,81.22,Transporte
550,2026-04-01,EPS SURA COPAGO,63.4,Salud
551,2026-06-24,TELCEL PLAN CELULAR #7653,42.12,Servicios
551,2026-05-01,DISNEY PLUS #8508 CUCUTA,101.78,Ocio
551,2026-04-06,OXXO #3514 TIJUANA REF730571,195.27,Alimentacion
551,2026-07-19,CINE COLOMBIA #925 REF906092,84.37,Ocio
551,2026-03-19,DISNEY PLUS #6051,53.4,Ocio
551,2026-04-11,ARA TIENDA #948,246.35,Alimentacion
551,2026-02-26,UBER #7813,203.91,Transporte
551,2026-02-19,FARMACIA CRUZ VERDE #4960,64.49,Salud
551,2026-04-29,CLARO HOGAR INTERNET CARTAGENA,45.11,Servicios
551,2026-02-03,ESTACION SERVICIO PRIMAX #8722 MEDELLIN,115.13,Transporte
551,2026-06-28,CINEPOLIS,16.41,Ocio
551,2026-04-05,OXXO #9493,123.48,Alimentacion
551,2026-06-05,PLATZI CURSO ONLINE #9924,243.17,Educacion
551,2026-07-26,JUMBO,145.74,Alimentacion
551,2026-05-20,CINEPOLIS,46.36,Ocio
551,2026-07-15,SORIANA #9160,151.04,Alimentacion
551,2026-06-19,WALMART SUPERCENTER REF207259,259.29,Alimentacion
551,2026-05-30,OXXO,63.56,Alimentacion
552,2026-04-13,DIDI #6143,122.97,Transporte
552,2026-06-10,RETIRO CAJERO AUTOMATICO #4939,129.57,Otros
552,2026-02-20,COMBUSTIBLE TERPEL #6595 REF798671,50.5,Transporte
552,2026-05-25,UBER,143.65,Transporte
552,2026-06-24,HOME DEPOT MEXICO,241.24,Vivienda
552,2026-06-23,MOVISTAR PLAN CELULAR,97.82,Servicios
552,2026-06-30,METROBUS CDMX MEDELLIN,92.39,Transporte
552,2026-05-12,FARMACIAS SIMILARES,201.33,Salud
552,2026-03-23,RENTA DEPARTAMENTO #6611 CIUDAD DE MEXICO,647.53,Vivienda
552,2026-04-05,METROBUS CDMX #1012,197.56,Transporte
553,2026-06-03,CLARO HOGAR INTERNET #9678,142.48,Servicios
553,2026-05-04,TRANSMILENIO #2920,132.15,Transporte
553,2026-04-08,PEAJE AUTOPISTA #8236,153.17,Transporte
553,2026-07-17,FACTURA ACUEDUCTO #3635 CUCUTA,117.87,Servicios
553,2026-02-07,CHEDRAUI,78.33,Alimentacion
553,2026-02-05,ARA TIENDA #5585 CARTAGENA,21.76,Alimentacion
553,2026-03-15,FARMATODO #6039,15.53,Salud
553,2026-05-13,FACTURA ENERGIA ENEL CODENSA,62.34,Servicios
553,2026-02-10,PEAJE AUTOPISTA REF648421,58.29,Transporte
553,2026-07-25,PAGO INFONAVIT #6510,181.16,Vivienda
553,2026-06-28,SORIANA CALI,56.68,Alimentacion
553,2026-02-21,BAR RESTAURANTE AMIGOS #2453,20.56,Ocio
553,2026-04-11,CHEDRAUI #6445,247.87,Alimentacion
553,2026-07-20,TRANSMILENIO TIJUANA,38.05,Transporte
553,2026-02-11,ADMINISTRACION CONJUNTO RESIDENCIAL #8207,418.82,Vivienda
554,2026-05-02,TELCEL PLAN CELULAR #4340,90.82,Servicios
554,2026-06-21,IZZI TELECOM REF264019,108.53,Servicios
554,2026-05-06,CABIFY PUEBLA,116.42,Transporte
554,2026-05-23,CLARO HOGAR INTERNET #4401 REF551393,73.62,Servicios
554,2026-07-25,DISNEY PLUS #5035,53.42,Ocio
554,2026-03-10,STEAM VIDEOJUEGOS,110.21,Ocio
554,2026-05-31,OXXO BOGOTA,67.04,Alimentacion
554,2026-05-29,FARMACIAS GUADALAJARA #6944 REF302659,224.25,Salud
554,2026-06-10,FACTURA ENERGIA ENEL CODENSA,117.26,Servicios
554,2026-03-13,BAR RESTAURANTE AMIGOS #9416 REF747846,57.4,Ocio
554,2026-07-28,HOMECENTER #9471 BOGOTA,298.65,Vivienda
554,2026-04-24,PAGO INFONAVIT,385.27,Vivienda
554,2026-05-24,SUPERAMA REF410948,34.24,Alimentacion
554,2026-07-06,SORIANA #6748,21.94,Alimentacion
554,2026-07-09,EXITO #5471 CARTAGENA REF539730,39.02,Alimentacion
554,2026-07-30,FACTURA ENERGIA ENEL CODENSA #8536,40.26,Servicios
554,2026-03-20,METROBUS CDMX,110.84,Transporte
554,2026-06-18,IZZI TELECOM #4246,129.63,Servicios
554,2026-02-28,TRANSMILENIO CUCUTA,57.13,Transporte
555,2026-02-06,CINE COLOMBIA #4708,129.5,Ocio
555,2026-05-05,PEAJE AUTOPISTA,111.63,Transporte
555,2026-03-02,PAGO MULTA TRANSITO BOGOTA,68.68,Otros
555,2026-02-08,FARMACIAS GUADALAJARA #1327,67.98,Salud
555,2026-04-14,PEAJE AUTOPISTA #4934,10.96,Transporte
555,2026-04-10,ARA TIENDA #1910 MEDELLIN,142.37,Alimentacion
555,2026-06-11,TELCEL PLAN CELULAR #1562,90.0,Servicios
555,2026-04-22,COLEGIATURA COLEGIO PRIVADO,334.35,Educacion
555,2026-07-23,STEAM VIDEOJUEGOS #1082,68.07,Ocio
555,2026-02-25,TRANSFERENCIA NEQUI #2057,165.8,Otros
555,2026-06-12,WALMART SUPERCENTER #2127,173.3,Alimentacion
555,2026-02-24,CHEDRAUI #2934 CARTAGENA,228.49,Alimentacion
555,2026-06-14,CARULLA #8862,48.56,Alimentacion
555,2026-04-08,AGENCIA DE VIAJES,111.92,Ocio
555,2026-06-02,JUMBO #5173,185.54,Alimentacion
555,2026-02-02,RECARGA OXXO,38.94,Otros
555,2026-04-11,EXITO #9556,59.34,Alimentacion
555,2026-06-04,CINEPOLIS #5390,120.81,Ocio
555,2026-04-30,METROBUS CDMX,16.44,Transporte
555,2026-07-11,RECARGA OXXO CIUDAD DE MEXICO REF811875,88.63,Otros
555,2026-06-15,SUPERAMA #4074,91.5,Alimentacion
555,2026-05-20,ARA TIENDA,182.92,Alimentacion
556,2026-05-23,BAR RESTAURANTE AMIGOS CARTAGENA REF859754,94.51,Ocio
556,2026-03-19,MATRICULA UNIVERSIDAD NACIONAL #8416,66.04,Educacion
556,2026-07-06,FARMACIAS DEL AHORRO #9184,92.08,Salud
556,2026-06-21,TELCEL PLAN CELULAR,21.3,Servicios
556,2026-03-27,CARULLA,122.41,Alimentacion
556,2026-03-30,AGENCIA DE VIAJES #4431,108.43,Ocio
556,2026-03-29,DIDI REF127610,14.93,Transporte
556,2026-05-18,EXITO #8375,185.58,Alimentacion
556,2026-03-19,DEPOSITO BANCO AZTECA TIJUANA,168.52,Otros
557,2026-05-03,METROBUS CDMX #4452,30.07,Transporte
557,2026-05-27,OXXO #8486,48.55,Alimentacion
557,2026-05-20,EXITO MONTERREY REF913847,192.53,Alimentacion
557,2026-03-23,IZZI TELECOM,112.98,Servicios
557,2026-07-19,CINE COLOMBIA #2065,89.28,Ocio
557,2026-06-05,ARRIENDO APARTAMENTO,318.04,Vivienda
557,2026-04-30,ICETEX CREDITO EDUCATIVO,88.67,Educacion
557,2026-07-24,CONSULTORIO IMSS,180.52,Salud
557,2026-04-17,RECARGA OXXO #7949 MONTERREY,92.23,Otros
557,2026-05-16,FARMACIAS GUADALAJARA #8710,222.72,Salud
557,2026-04-29,MOVISTAR PLAN CELULAR,74.58,Servicios
557,2026-02-05,SORIANA #7369,98.05,Alimentacion
557,2026-03-12,PEAJE AUTOPISTA #7375,68.7,Transporte
558,2026-03-05,SUPERMERCADO D1 REF374801,94.62,Alimentacion
558,2026-03-24,OXXO #7442 PUEBLA REF782437,183.74,Alimentacion
558,2026-04-23,SPOTIFY PREMIUM MONTERREY,94.61,Ocio
558,2026-07-15,FARMACIAS SIMILARES,180.64,Salud
558,2026-07-15,CINEPOLIS,124.84,Ocio
558,2026-02-10,METROBUS CDMX,14.29,Transporte
558,2026-06-16,FACTURA ENERGIA ENEL CODENSA #6839 CALI,114.72,Servicios
558,2026-02-07,PAGO MULTA TRANSITO #622 CARTAGENA,172.99,Otros
558,2026-05-07,IZZI TELECOM,131.41,Servicios
558,2026-07-24,BAR RESTAURANTE AMIGOS #7640,25.99,Ocio
558,2026-05-22,SUPERMERCADO D1 TIJUANA,94.97,Alimentacion
558,2026-03-24,DIDI #4601,44.49,Transporte
558,2026-05-03,DAVIPLATA REF811338,112.22,Otros
558,2026-04-15,BODEGA AURRERA #3433,195.17,Alimentacion
558,2026-02-20,PAGO INFONAVIT,308.54,Vivienda
558,2026-04-15,SUPERMERCADO D1 REF720977,150.27,Alimentacion
558,2026-05-30,SUPERMERCADO D1 #8449 GUADALAJARA,189.64,Alimentacion
559,2026-05-12,EPS SURA COPAGO #3214,82.07,Salud
559,2026-04-23,COURSERA CURSO ONLINE CIUDAD DE MEXICO REF701193,234.07,Educacion
559,2026-07-15,ADMINISTRACION CONDOMINIO,628.44,Vivienda
559,2026-04-24,SPOTIFY PREMIUM #7337,114.88,Ocio
559,2026-04-20,WALMART SUPERCENTER BOGOTA,115.17,Alimentacion
559,2026-07-08,CHEDRAUI,85.79,Alimentacion
559,2026-05-21,SPOTIFY PREMIUM,34.3,Ocio
559,2026-07-20,FARMACIAS DEL AHORRO #2239,166.77,Salud
559,2026-03-08,MOVISTAR PLAN CELULAR #9196,30.42,Servicios
559,2026-03-13,CINE COLOMBIA #5103 MONTERREY,73.66,Ocio
559,2026-06-16,COMBUSTIBLE TERPEL #6037,10.27,Transporte
559,2026-05-12,BAR RESTAURANTE AMIGOS,45.48,Ocio
559,2026-05-05,OXXO #9283,67.18,Alimentacion
559,2026-07-09,ICETEX CREDITO EDUCATIVO,389.21,Educacion
559,2026-04-21,ICETEX CREDITO EDUCATIVO CUCUTA REF281612,297.72,Educacion
559,2026-05-19,FACTURA ENERGIA ENEL CODENSA,62.2,Servicios
559,2026-04-03,NETFLIX MONTERREY,16.61,Ocio
559,2026-04-01,BODEGA AURRERA REF431001,144.37,Alimentacion
559,2026-06-20,COLEGIATURA COLEGIO PRIVADO #4313,105.04,Educacion
559,2026-04-08,BAR RESTAURANTE AMIGOS #2848 CARTAGENA REF635326,72.05,Ocio
559,2026-04-13,CARULLA,227.19,Alimentacion
559,2026-06-23,PLATZI CURSO ONLINE #1176,255.92,Educacion
559,2026-02-25,CABIFY #3686,136.76,Transporte
560,2026-04-15,UBER #6892,137.27,Transporte
560,2026-07-14,FARMACIA CRUZ VERDE REF149283,157.53,Salud
560,2026-04-29,TRANSFERENCIA MERCADO PAGO,27.56,Otros
560,2026-06-28,STEAM VIDEOJUEGOS #8417,29.71,Ocio
560,2026-07-05,COURSERA CURSO ONLINE #4276,204.86,Educacion
560,2026-05-03,SPOTIFY PREMIUM,115.95,Ocio
560,2026-04-02,RECARGA OXXO,106.29,Otros
560,2026-03-24,TRANSFERENCIA MERCADO PAGO #9279,125.86,Otros
560,2026-04-13,FARMACIAS GUADALAJARA,111.62,Salud
561,2026-05-04,CINEPOLIS #7684 CARTAGENA,42.0,Ocio
561,2026-07-27,DEPOSITO BANCO AZTECA REF151226,65.45,Otros
561,2026-07-20,CHEDRAUI PUEBLA,259.84,Alimentacion
561,2026-07-22,UBER,46.54,Transporte
561,2026-04-16,COOMEVA MEDICINA PREPAGADA,103.7,Salud
561,2026-03-03,MATRICULA UNIVERSIDAD NACIONAL,216.21,Educacion
561,2026-06-06,SUPERMERCADO D1,234.39,Alimentacion
561,2026-04-02,CINE COLOMBIA #7039 CUCUTA REF388422,57.08,Ocio
561,2026-04-18,CARULLA REF488184,203.4,Alimentacion
561,2026-03-03,HOME DEPOT MEXICO PUEBLA REF506537,578.19,Vivienda
561,2026-06-02,ARA TIENDA #955,90.6,Alimentacion
561,2026-07-24,ESTACION SERVICIO PRIMAX #8446,88.55,Transporte
561,2026-07-03,BODEGA AURRERA,102.7,Alimentacion
561,2026-05-08,EXITO #9735,226.54,Alimentacion
562,2026-05-20,WALMART SUPERCENTER CIUDAD DE MEXICO,121.99,Alimentacion
562,2026-02-06,PEAJE AUTOPISTA REF447366,110.34,Transporte
562,2026-06-07,FACTURA ACUEDUCTO REF327084,136.66,Servicios
562,2026-06-04,AGENCIA DE VIAJES #2231 REF899313,37.6,Ocio
562,2026-04-02,IZZI TELECOM #1618,132.16,Servicios
562,2026-03-29,WALMART SUPERCENTER #4711 CARTAGENA,177.5,Alimentacion
562,2026-02-23,TRANSMILENIO #1947,14.07,Transporte
562,2026-02-24,CHEDRAUI #2691,198.4,Alimentacion
562,2026-04-02,HOMECENTER GUADALAJARA,167.78,Vivienda
562,2026-06-09,CONSULTORIO IMSS,299.25,Salud
562,2026-03-26,FACTURA ENERGIA ENEL CODENSA #5234,132.81,Servicios
562,2026-06-19,DISNEY PLUS #6157 CUCUTA,42.17,Ocio
562,2026-04-07,PAGO INFONAVIT,278.71,Vivienda
562,2026-04-26,JUMBO #7903 REF266731,109.17,Alimentacion
562,2026-04-16,HOMECENTER TIJUANA,328.08,Vivienda
562,2026-03-23,NETFLIX #1679,51.54,Ocio
562,2026-07-27,GASOLINERA PEMEX PUEBLA,73.66,Transporte
562,2026-07-23,STEAM VIDEOJUEGOS #7835 CIUDAD DE MEXICO,82.64,Ocio
562,2026-06-28,CHEDRAUI #9516,52.71,Alimentacion
562,2026-07-14,TRANSMILENIO REF517012,179.2,Transporte
562,2026-05-17,BODEGA AURRERA REF124125,221.22,Alimentacion
562,2026-02-05,IZZI TELECOM,79.33,Servicios
562,2026-07-16,ESTACION SERVICIO PRIMAX #4576,180.55,Transporte
562,2026-07-12,WALMART SUPERCENTER #2740 REF503958,74.26,Alimentacion
562,2026-02-23,WALMART SUPERCENTER #9917 MEDELLIN,14.57,Alimentacion
562,2026-05-25,MOVISTAR PLAN CELULAR #9210,98.59,Servicios
563,2026-02-07,AGENCIA DE VIAJES,100.51,Ocio
563,2026-06-07,TELMEX INTERNET HOGAR QUERETARO REF413487,26.31,Servicios
563,2026-07-21,EPS SURA COPAGO GUADALAJARA,60.8,Salud
563,2026-04-16,CINEPOLIS,96.65,Ocio
563,2026-03-28,DISNEY PLUS,58.92,Ocio
563,2026-03-14,CONSULTORIO IMSS,142.1,Salud
563,2026-05-05,CABIFY REF560477,71.72,Transporte
563,2026-02-15,TELMEX INTERNET HOGAR,96.99,Servicios
563,2026-07-30,WALMART SUPERCENTER QUERETARO,58.14,Alimentacion
563,2026-06-16,BODEGA AURRERA #2737 CIUDAD DE MEXICO,173.0,Alimentacion
563,2026-04-16,SUPERAMA #2917,55.19,Alimentacion
563,2026-03-25,FARMACIAS DEL AHORRO REF998896,33.19,Salud
563,2026-06-16,CLARO HOGAR INTERNET MONTERREY,59.6,Servicios
563,2026-05-04,CABIFY REF178148,56.23,Transporte
563,2026-07-10,SUPERMERCADO D1 #7158,241.14,Alimentacion
563,2026-05-04,IZZI TELECOM #9628,22.42,Servicios
563,2026-05-09,CINE COLOMBIA #6905 REF118193,27.08,Ocio
563,2026-07-09,CLARO HOGAR INTERNET BOGOTA REF765947,89.08,Servicios
563,2026-07-27,SPOTIFY PREMIUM,65.13,Ocio
563,2026-05-25,NETFLIX CALI REF242822,10.73,Ocio
563,2026-07-23,TELCEL PLAN CELULAR #2191 REF181194,15.98,Servicios
563,2026-07-23,GASOLINERA PEMEX #871,207.61,Transporte
563,2026-04-27,SPOTIFY PREMIUM #7661 MONTERREY REF942529,87.35,Ocio
563,2026-05-15,FACTURA ACUEDUCTO CARTAGENA REF834145,64.33,Servicios
563,2026-07-02,SUPERMERCADO D1,132.31,Alimentacion
564,2026-06-12,UBER #8640 GUADALAJARA,53.0,Transporte
564,2026-05-20,AGENCIA DE VIAJES #235,9.65,Ocio
564,2026-07-03,CINE COLOMBIA #1860 REF487841,22.6,Ocio
564,2026-03-27,GASOLINERA PEMEX #8915,193.46,Transporte
564,2026-05-17,DIDI #9373,101.89,Transporte
564,2026-06-03,CINE COLOMBIA #9867 CALI,14.71,Ocio
564,2026-07-17,COURSERA CURSO ONLINE #7849,384.9,Educacion
564,2026-05-14,TRANSMILENIO,185.8,Transporte
564,2026-07-14,NETFLIX,99.34,Ocio
564,2026-05-23,TRANSFERENCIA MERCADO PAGO #7009 TIJUANA,168.69,Otros
564,2026-05-08,RECARGA OXXO,47.42,Otros
564,2026-04-02,SPOTIFY PREMIUM #6180,109.55,Ocio
564,2026-04-12,MATRICULA UNAM,283.75,Educacion
564,2026-07-23,RENTA DEPARTAMENTO #6488 BOGOTA,584.88,Vivienda
564,2026-03-25,CHEDRAUI #5816 CIUDAD DE MEXICO,217.2,Alimentacion
564,2026-04-03,BODEGA AURRERA REF856183,100.09,Alimentacion
564,2026-02-27,HOME DEPOT MEXICO REF549708,537.2,Vivienda
564,2026-07-16,OXXO #4369,78.24,Alimentacion
564,2026-06-01,FARMACIAS DEL AHORRO BARRANQUILLA,108.65,Salud
564,2026-06-06,FARMACIAS DEL AHORRO #9965 CIUDAD DE MEXICO REF908874,45.75,Salud
564,2026-06-02,STEAM VIDEOJUEGOS #8657 CUCUTA,121.88,Ocio
564,2026-05-06,BODEGA AURRERA,85.66,Alimentacion
564,2026-04-02,ADMINISTRACION CONDOMINIO REF583552,410.31,Vivienda
564,2026-02-16,MATRICULA UNAM #6154,171.75,Educacion
565,2026-03-25,CARULLA #2009 TIJUANA,108.32,Alimentacion
565,2026-03-05,PEAJE AUTOPISTA #7656,159.55,Transporte
565,2026-04-02,ARA TIENDA #1042,247.35,Alimentacion
565,2026-07-30,WALMART SUPERCENTER BOGOTA,206.28,Alimentacion
565,2026-04-24,TRANSFERENCIA NEQUI BARRANQUILLA,48.61,Otros
565,2026-06-15,FACTURA ENERGIA ENEL CODENSA #130,134.92,Servicios
565,2026-03-01,FARMACIAS GUADALAJARA,125.46,Salud
565,2026-05-25,METROBUS CDMX GUADALAJARA,125.25,Transporte
565,2026-02-08,TRANSFERENCIA MERCADO PAGO #4494,151.34,Otros
565,2026-04-10,FARMATODO #2339 GUADALAJARA,68.69,Salud
565,2026-06-12,FARMACIA CRUZ VERDE CUCUTA,238.59,Salud
565,2026-03-19,FARMATODO MEDELLIN,184.91,Salud
565,2026-05-11,PLATZI CURSO ONLINE #4333,360.0,Educacion
565,2026-05-17,ARA TIENDA #7469,54.71,Alimentacion
565,2026-06-06,IZZI TELECOM #5744,71.79,Servicios
565,2026-06-05,RETIRO CAJERO AUTOMATICO #608 BARRANQUILLA,151.58,Otros
565,2026-06-25,TRANSFERENCIA NEQUI #2471 REF136099,13.27,Otros
565,2026-06-17,FACTURA ACUEDUCTO,30.15,Servicios
565,2026-03-07,SUPERAMA,267.55,Alimentacion
565,2026-02-28,METROBUS CDMX #7676 MONTERREY,66.08,Transporte
566,2026-05-30,EXITO,125.04,Alimentacion
566,2026-06-08,PEAJE AUTOPISTA #9648 QUERETARO REF790871,41.09,Transporte
566,2026-03-11,WALMART SUPERCENTER #230,164.94,Alimentacion
566,2026-04-05,CHEDRAUI CUCUTA,75.14,Alimentacion
566,2026-07-03,BODEGA AURRERA #3329,96.8,Alimentacion
566,2026-05-31,BAR RESTAURANTE AMIGOS #8410 MONTERREY,63.91,Ocio
566,2026-04-07,FARMACIAS SIMILARES,22.63,Salud
566,2026-05-25,WALMART SUPERCENTER #1006,33.9,Alimentacion
566,2026-04-15,SPOTIFY PREMIUM,90.74,Ocio
566,2026-02-12,COMBUSTIBLE TERPEL,95.79,Transporte
566,2026-02-05,TRANSMILENIO #3099,182.96,Transporte
566,2026-04-07,PLATZI CURSO ONLINE REF578892,285.5,Educacion
566,2026-05-12,WALMART SUPERCENTER,12.11,Alimentacion
566,2026-03-16,NETFLIX,82.09,Ocio
566,2026-02-06,PEAJE AUTOPISTA #1099 QUERETARO,28.74,Transporte
566,2026-03-01,GASOLINERA PEMEX #154 CALI,166.19,Transporte
566,2026-04-18,AGENCIA DE VIAJES PUEBLA,128.94,Ocio
566,2026-02-17,BODEGA AURRERA MONTERREY,148.11,Alimentacion
566,2026-04-13,FACTURA ENERGIA ENEL CODENSA #1768 PUEBLA,107.18,Servicios
566,2026-07-04,WALMART SUPERCENTER #2120,71.7,Alimentacion
566,2026-07-02,DISNEY PLUS REF578137,59.7,Ocio
566,2026-04-11,TELCEL PLAN CELULAR,130.57,Servicios
567,2026-03-05,GASOLINERA PEMEX #3108,195.55,Transporte
567,2026-04-30,EXITO #7350 GUADALAJARA REF413943,34.56,Alimentacion
567,2026-03-12,ESTACION SERVICIO PRIMAX #1389,84.16,Transporte
567,2026-02-10,IZZI TELECOM #5028 CARTAGENA,110.71,Servicios
567,2026-05-29,SUPERAMA #1170,68.76,Alimentacion
567,2026-07-19,BAR RESTAURANTE AMIGOS PUEBLA,87.05,Ocio
567,2026-06-16,OXXO #7492,52.7,Alimentacion
567,2026-07-24,CONSULTORIO IMSS TIJUANA REF483723,30.95,Salud
567,2026-05-19,COOMEVA MEDICINA PREPAGADA #6861,49.49,Salud
567,2026-04-01,FARMACIAS DEL AHORRO,280.05,Salud
567,2026-07-02,CINEPOLIS #2872,73.97,Ocio
567,2026-03-09,ADMINISTRACION CONDOMINIO,548.17,Vivienda
567,2026-02-06,FARMACIAS SIMILARES,109.81,Salud
567,2026-07-03,GASOLINERA PEMEX #2951 REF624194,128.53,Transporte
567,2026-05-19,BAR RESTAURANTE AMIGOS,66.87,Ocio
567,2026-06-07,CABIFY,199.15,Transporte
567,2026-03-04,ADMINISTRACION CONJUNTO RESIDENCIAL #757,523.79,Vivienda
567,2026-05-23,TELMEX INTERNET HOGAR,113.62,Servicios
567,2026-07-09,MATRICULA UNAM BOGOTA,42.38,Educacion
567,2026-05-23,COMBUSTIBLE TERPEL,119.93,Transporte
567,2026-02-04,BODEGA AURRERA,131.42,Alimentacion
568,2026-03-12,BODEGA AURRERA,155.15,Alimentacion
568,2026-07-02,STEAM VIDEOJUEGOS MONTERREY,112.67,Ocio
568,2026-07-02,CINEPOLIS BARRANQUILLA,108.89,Ocio
568,2026-04-20,OXXO,83.33,Alimentacion
568,2026-05-25,COMBUSTIBLE TERPEL #7022,119.55,Transporte
568,2026-04-10,SPOTIFY PREMIUM #6593 BOGOTA,15.4,Ocio
568,2026-05-14,OXXO #9291 CIUDAD DE MEXICO REF360220,247.97,Alimentacion
568,2026-02-24,JUMBO #8412,115.11,Alimentacion
568,2026-07-13,CARULLA #2893 REF108243,112.36,Alimentacion
568,2026-03-13,UBER #9800,70.55,Transporte
568,2026-04-30,CARULLA #7829 REF980121,129.77,Alimentacion
568,2026-03-03,OXXO #2314,75.46,Alimentacion
568,2026-06-30,CARULLA,107.46,Alimentacion
568,2026-02-14,FARMATODO,242.98,Salud
568,2026-03-16,FARMACIA CRUZ VERDE CALI,252.76,Salud
568,2026-04-24,HOME DEPOT MEXICO #2839,302.09,Vivienda
568,2026-06-26,SUPERAMA,131.94,Alimentacion
568,2026-06-21,CINEPOLIS GUADALAJARA REF245131,114.23,Ocio
569,2026-06-01,ADMINISTRACION CONJUNTO RESIDENCIAL CUCUTA,200.79,Vivienda
569,2026-05-08,SORIANA #3652 CALI,100.23,Alimentacion
569,2026-03-18,METROBUS CDMX,117.65,Transporte
569,2026-02-22,SUPERAMA #1273,220.94,Alimentacion
569,2026-03-06,FARMATODO REF879898,76.69,Salud
569,2026-06-04,CLARO HOGAR INTERNET #2430 CALI,123.4,Servicios
569,2026-06-23,METROBUS CDMX #2350,89.93,Transporte
569,2026-07-22,BODEGA AURRERA #8129,59.12,Alimentacion
569,2026-04-28,EPS SURA COPAGO,231.31,Salud
569,2026-03-01,DAVIPLATA,25.45,Otros
569,2026-04-04,GASOLINERA PEMEX PUEBLA,112.95,Transporte
569,2026-05-28,RENTA DEPARTAMENTO #9310 CUCUTA,181.94,Vivienda
569,2026-02-18,CINE COLOMBIA #5883,49.55,Ocio
569,2026-07-04,MOVISTAR PLAN CELULAR #5675 PUEBLA REF180053,96.15,Servicios
569,2026-04-25,PAGO MULTA TRANSITO #1965 CIUDAD DE MEXICO,104.54,Otros
569,2026-07-04,TELCEL PLAN CELULAR #5867 REF600890,69.63,Servicios
569,2026-06-03,PAGO MULTA TRANSITO #1522,82.94,Otros
570,2026-03-12,SORIANA #6193 REF451512,146.95,Alimentacion
570,2026-04-10,COMBUSTIBLE TERPEL BARRANQUILLA REF344333,117.57,Transporte
570,2026-04-06,SUPERAMA #2198 MEDELLIN,212.99,Alimentacion
570,2026-07-21,OXXO,91.82,Alimentacion
570,2026-03-11,MATRICULA UNAM,205.72,Educacion
570,2026-04-17,TELCEL PLAN CELULAR #112 REF752717,145.77,Servicios
570,2026-03-23,FARMACIAS SIMILARES,206.56,Salud
570,2026-02-22,DAVIPLATA REF277266,36.14,Otros
570,2026-06-29,STEAM VIDEOJUEGOS REF118878,21.65,Ocio
570,2026-03-08,FACTURA CFE CUCUTA,42.58,Servicios
570,2026-05-18,CHEDRAUI #2205,209.35,Alimentacion
570,2026-07-28,RECARGA OXXO #2156 MEDELLIN,60.21,Otros
570,2026-04-22,DEPOSITO BANCO AZTECA #3330 CUCUTA,13.64,Otros
570,2026-05-13,ADMINISTRACION CONDOMINIO #1701,622.09,Vivienda
570,2026-04-24,DEPOSITO BANCO AZTECA #1310,38.85,Otros
571,2026-03-01,PAGO INFONAVIT #2512 CIUDAD DE MEXICO,355.45,Vivienda
571,2026-07-31,DISNEY PLUS #407 BOGOTA REF577441,74.38,Ocio
571,2026-03-17,SUPERMERCADO D1 #310,73.3,Alimentacion
571,2026-02-23,TRANSMILENIO QUERETARO,20.44,Transporte
571,2026-06-07,ESTACION SERVICIO PRIMAX,197.84,Transporte
571,2026-05-23,CINE COLOMBIA #2737 REF871659,28.34,Ocio
571,2026-07-26,SUPERMERCADO D1 #6996 BOGOTA,61.58,Alimentacion
571,2026-03-17,IZZI TELECOM #9253,78.78,Servicios
571,2026-04-30,SUPERMERCADO D1 REF202100,137.82,Alimentacion
571,2026-02-28,FARMACIA CRUZ VERDE,20.25,Salud
571,2026-02-09,CINEPOLIS,23.49,Ocio
571,2026-02-09,FACTURA ENERGIA ENEL CODENSA,66.05,Servicios
571,2026-05-07,DIDI BOGOTA REF425014,146.75,Transporte
571,2026-05-21,BODEGA AURRERA,69.39,Alimentacion
571,2026-03-30,ARA TIENDA #4005 MEDELLIN,119.98,Alimentacion
571,2026-04-26,EPS SURA COPAGO,173.84,Salud
572,2026-07-21,SUPERMERCADO D1,14.62,Alimentacion
572,2026-03-22,CINEPOLIS,9.19,Ocio
572,2026-05-19,CHEDRAUI,135.57,Alimentacion
572,2026-04-11,COOMEVA MEDICINA PREPAGADA MEDELLIN,99.99,Salud
572,2026-06-04,IZZI TELECOM,129.09,Servicios
572,2026-04-27,CONSULTORIO IMSS #2764 TIJUANA,186.61,Salud
572,2026-03-22,CINE COLOMBIA #9925 BOGOTA REF322012,61.74,Ocio
572,2026-03-20,FACTURA ACUEDUCTO #9422,70.07,Servicios
572,2026-05-06,SUPERAMA #3902,139.28,Alimentacion
572,2026-05-18,DISNEY PLUS #2420,10.05,Ocio
572,2026-05-22,ADMINISTRACION CONJUNTO RESIDENCIAL #5049 MEDELLIN,596.4,Vivienda
572,2026-05-06,ADMINISTRACION CONJUNTO RESIDENCIAL #188,649.15,Vivienda
572,2026-03-29,CONSULTORIO IMSS #6716 TIJUANA REF230302,66.72,Salud
572,2026-02-24,JUMBO #559,41.3,Alimentacion
573,2026-07-06,ADMINISTRACION CONJUNTO RESIDENCIAL,374.84,Vivienda
573,2026-04-22,DIDI #7176 REF257295,132.57,Transporte
573,2026-07-05,IZZI TELECOM #9264,107.92,Servicios
573,2026-07-02,DIDI,112.55,Transporte
573,2026-02-17,CHEDRAUI,133.67,Alimentacion
573,2026-05-15,PLATZI CURSO ONLINE,266.91,Educacion
573,2026-02-18,EPS SURA COPAGO,173.88,Salud
573,2026-04-17,ICETEX CREDITO EDUCATIVO GUADALAJARA,266.48,Educacion
573,2026-05-18,FACTURA CFE,97.74,Servicios
573,2026-06-18,CONSULTORIO IMSS #4924 GUADALAJARA,219.97,Salud
573,2026-06-21,CARULLA #6430,177.13,Alimentacion
573,2026-06-17,COURSERA CURSO ONLINE GUADALAJARA REF376790,219.9,Educacion
573,2026-05-12,RETIRO CAJERO AUTOMATICO,125.91,Otros
573,2026-04-01,SUPERAMA #1112,126.87,Alimentacion
573,2026-07-19,CHEDRAUI #9121 BOGOTA,72.83,Alimentacion
573,2026-03-29,EXITO #4498 BOGOTA,10.37,Alimentacion
573,2026-04-30,NETFLIX REF193277,75.0,Ocio
573,2026-02-25,TRANSFERENCIA NEQUI #9000,110.41,Otros
573,2026-03-11,UBER #7133,204.41,Transporte
573,2026-03-14,SORIANA #9861,103.98,Alimentacion
573,2026-02-06,SORIANA #6348 CIUDAD DE MEXICO REF741778,112.47,Alimentacion
573,2026-07-15,COURSERA CURSO ONLINE,100.67,Educacion
573,2026-04-01,ESTACION SERVICIO PRIMAX #6674,24.11,Transporte
573,2026-07-01,PAGO MULTA TRANSITO #2791 REF418098,141.38,Otros
574,2026-07-16,AGENCIA DE VIAJES,117.0,Ocio
574,2026-07-17,FARMACIA CRUZ VERDE,260.55,Salud
574,2026-02-10,TRANSMILENIO,42.81,Transporte
574,2026-02-16,SUPERAMA #3281,16.75,Alimentacion
574,2026-03-27,HOME DEPOT MEXICO #864 REF316578,194.99,Vivienda
574,2026-04-02,MATRICULA UNIVERSIDAD NACIONAL #739 REF358460,132.46,Educacion
574,2026-02-26,SORIANA #8899 MEDELLIN,262.79,Alimentacion
574,2026-07-26,TELCEL PLAN CELULAR #331 CIUDAD DE MEXICO,90.4,Servicios
574,2026-05-21,WALMART SUPERCENTER MEDELLIN,107.05,Alimentacion
574,2026-02-14,CINE COLOMBIA QUERETARO,116.09,Ocio
574,2026-02-03,FACTURA ACUEDUCTO #815 MONTERREY,76.17,Servicios
574,2026-05-07,DISNEY PLUS #2932 CARTAGENA,44.4,Ocio
574,2026-02-19,GASOLINERA PEMEX BARRANQUILLA,198.24,Transporte
574,2026-07-25,ARRIENDO APARTAMENTO REF502480,574.76,Vivienda
574,2026-04-25,ARA TIENDA #9637,229.35,Alimentacion
575,2026-05-29,ADMINISTRACION CONDOMINIO #4120,295.48,Vivienda
575,2026-06-05,GASOLINERA PEMEX #2927,168.87,Transporte
575,2026-07-07,SORIANA #4472,137.52,Alimentacion
575,2026-02-19,GASOLINERA PEMEX #1671,17.96,Transporte
575,2026-02-15,SPOTIFY PREMIUM #1890,100.38,Ocio
575,2026-04-10,CONSULTORIO IMSS,63.04,Salud
575,2026-04-10,FACTURA ENERGIA ENEL CODENSA #8991 REF460701,100.25,Servicios
575,2026-05-25,PAGO MULTA TRANSITO #8799,24.56,Otros
575,2026-07-18,ADMINISTRACION CONDOMINIO,623.43,Vivienda
575,2026-07-27,MATRICULA UNAM #6531 REF920414,134.4,Educacion
576,2026-02-04,CARULLA,38.61,Alimentacion
576,2026-07-24,METROBUS CDMX #5183,121.97,Transporte
576,2026-05-07,WALMART SUPERCENTER #2421,74.2,Alimentacion
576,2026-02-20,UBER #6189 CALI,205.43,Transporte
576,2026-05-22,SORIANA,217.11,Alimentacion
576,2026-03-26,SUPERMERCADO D1,117.38,Alimentacion
576,2026-03-18,METROBUS CDMX,40.27,Transporte
576,2026-05-24,JUMBO,214.19,Alimentacion
577,2026-02-15,HOME DEPOT MEXICO BOGOTA,307.16,Vivienda
577,2026-05-24,CHEDRAUI MEDELLIN,32.01,Alimentacion
577,2026-05-04,SUPERMERCADO D1 #3058,130.78,Alimentacion
577,2026-06-18,CINEPOLIS #3311,98.51,Ocio
577,2026-05-27,TRANSMILENIO #3730,54.33,Transporte
577,2026-06-29,METROBUS CDMX REF454003,53.98,Transporte
577,2026-06-27,BODEGA AURRERA,256.28,Alimentacion
577,2026-07-11,BODEGA AURRERA #1173 REF335696,258.08,Alimentacion
577,2026-07-29,JUMBO #9635,267.52,Alimentacion
577,2026-02-12,BODEGA AURRERA,219.99,Alimentacion
577,2026-06-03,CINE COLOMBIA #2949 TIJUANA REF965775,28.52,Ocio
577,2026-02-17,CINEPOLIS #2834,31.5,Ocio
577,2026-03-16,SUPERMERCADO D1,98.46,Alimentacion
577,2026-03-07,PEAJE AUTOPISTA MEDELLIN REF406822,73.63,Transporte
577,2026-05-21,DAVIPLATA,172.61,Otros
578,2026-03-29,EXITO MEDELLIN,34.68,Alimentacion
578,2026-06-11,SORIANA,92.9,Alimentacion
578,2026-03-23,BODEGA AURRERA #4550 MEDELLIN,268.13,Alimentacion
578,2026-05-31,ARRIENDO APARTAMENTO REF586883,489.21,Vivienda
578,2026-02-16,COLEGIATURA COLEGIO PRIVADO #9508,298.78,Educacion
578,2026-07-27,FACTURA ENERGIA ENEL CODENSA #2562 MONTERREY,43.74,Servicios
578,2026-04-28,UBER,25.76,Transporte
578,2026-07-10,EXITO #2558,81.99,Alimentacion
578,2026-02-25,METROBUS CDMX #7593,59.78,Transporte
578,2026-02-20,DAVIPLATA #3541,49.87,Otros
578,2026-07-03,FACTURA ACUEDUCTO,41.02,Servicios
578,2026-03-06,DEPOSITO BANCO AZTECA MEDELLIN,107.71,Otros
578,2026-05-22,ARA TIENDA #508,95.31,Alimentacion
578,2026-04-20,DISNEY PLUS MONTERREY,107.54,Ocio
579,2026-07-08,DEPOSITO BANCO AZTECA #8873 REF151854,176.21,Otros
579,2026-03-12,DEPOSITO BANCO AZTECA GUADALAJARA,144.4,Otros
579,2026-07-02,RENTA DEPARTAMENTO #5982,395.06,Vivienda
579,2026-03-14,STEAM VIDEOJUEGOS #9389 BARRANQUILLA REF340825,15.82,Ocio
579,2026-02-13,UBER #6403,128.49,Transporte
579,2026-06-18,HOME DEPOT MEXICO GUADALAJARA REF608614,529.38,Vivienda
579,2026-07-01,COMBUSTIBLE TERPEL #3234,48.14,Transporte
579,2026-02-27,CARULLA BOGOTA REF727543,157.73,Alimentacion
579,2026-05-23,BODEGA AURRERA,221.69,Alimentacion
579,2026-03-20,BAR RESTAURANTE AMIGOS #1465 CUCUTA,101.03,Ocio
579,2026-02-06,CHEDRAUI PUEBLA REF160678,218.78,Alimentacion
579,2026-02-26,WALMART SUPERCENTER,238.62,Alimentacion
579,2026-05-22,DIDI #5057,197.54,Transporte
579,2026-06-12,TRANSFERENCIA MERCADO PAGO,78.94,Otros
579,2026-06-11,RECARGA OXXO GUADALAJARA,106.69,Otros
579,2026-02-04,STEAM VIDEOJUEGOS #686,103.83,Ocio
579,2026-03-15,NETFLIX,92.14,Ocio
579,2026-05-15,SORIANA,268.84,Alimentacion
579,2026-07-14,UBER,12.74,Transporte
579,2026-03-10,EXITO,102.33,Alimentacion
579,2026-07-13,AGENCIA DE VIAJES #3092,40.13,Ocio
580,2026-02-26,WALMART SUPERCENTER #1700,75.74,Alimentacion
580,2026-05-07,FARMACIAS DEL AHORRO #4220 TIJUANA,194.23,Salud
580,2026-05-20,BAR RESTAURANTE AMIGOS,100.27,Ocio
580,2026-06-18,PAGO INFONAVIT #2716,588.24,Vivienda
580,2026-05-22,TRANSFERENCIA NEQUI,154.86,Otros
580,2026-07-13,SUPERMERCADO D1 #8643,260.87,Alimentacion
580,2026-07-22,BODEGA AURRERA #7309 QUERETARO,161.16,Alimentacion
580,2026-07-02,SUPERMERCADO D1,246.25,Alimentacion
580,2026-05-15,CABIFY REF696086,171.7,Transporte
580,2026-02-19,CHEDRAUI,242.61,Alimentacion
581,2026-07-03,OXXO #4945,85.83,Alimentacion
581,2026-02-07,SORIANA,42.05,Alimentacion
581,2026-02-26,FARMACIAS DEL AHORRO CIUDAD DE MEXICO,244.64,Salud
581,2026-04-04,JUMBO,12.4,Alimentacion
581,2026-07-31,METROBUS CDMX #6477,72.5,Transporte
581,2026-03-04,IZZI TELECOM #8056 REF779415,38.55,Servicios
581,2026-03-22,CLARO HOGAR INTERNET #557 REF876656,94.52,Servicios
581,2026-04-29,TELCEL PLAN CELULAR #8831,49.32,Servicios
581,2026-06-12,TELCEL PLAN CELULAR #6084,49.96,Servicios
581,2026-06-15,CARULLA,136.97,Alimentacion
581,2026-05-18,DIDI #5338,140.54,Transporte
581,2026-04-27,TRANSMILENIO #2786 REF881756,34.26,Transporte
581,2026-06-24,ARRIENDO APARTAMENTO #8293 CUCUTA,237.76,Vivienda
581,2026-05-18,FACTURA ENERGIA ENEL CODENSA REF642541,48.37,Servicios
581,2026-03-18,METROBUS CDMX CALI,204.75,Transporte
581,2026-02-27,PAGO INFONAVIT #1881,348.58,Vivienda
581,2026-05-27,AGENCIA DE VIAJES,79.87,Ocio
581,2026-02-03,STEAM VIDEOJUEGOS,35.19,Ocio
581,2026-04-03,WALMART SUPERCENTER CARTAGENA,137.52,Alimentacion
581,2026-05-31,MOVISTAR PLAN CELULAR,25.01,Servicios
581,2026-06-18,JUMBO #6616,19.03,Alimentacion
581,2026-03-05,SUPERMERCADO D1,131.87,Alimentacion
581,2026-07-10,CONSULTORIO IMSS REF209490,128.62,Salud
581,2026-02-28,CHEDRAUI #6989,45.59,Alimentacion
581,2026-04-12,IZZI TELECOM,107.83,Servicios
581,2026-03-28,CONSULTORIO IMSS,297.98,Salud
582,2026-06-06,OXXO #6056 REF566811,143.15,Alimentacion
582,2026-06-26,ARRIENDO APARTAMENTO MEDELLIN,289.53,Vivienda
582,2026-02-26,WALMART SUPERCENTER #7377,51.9,Alimentacion
582,2026-05-28,DEPOSITO BANCO AZTECA #3687 CIUDAD DE MEXICO,82.47,Otros
582,2026-07-08,COLEGIATURA COLEGIO PRIVADO #4341 GUADALAJARA,74.13,Educacion
582,2026-02-15,TRANSFERENCIA MERCADO PAGO BARRANQUILLA,128.83,Otros
582,2026-04-01,EXITO #2175,128.62,Alimentacion
582,2026-03-25,PAGO MULTA TRANSITO #4531 TIJUANA,100.29,Otros
582,2026-02-26,ESTACION SERVICIO PRIMAX,39.28,Transporte
582,2026-03-11,EPS SURA COPAGO,54.83,Salud
582,2026-03-09,EPS SURA COPAGO,181.27,Salud
582,2026-06-07,FACTURA ACUEDUCTO,147.98,Servicios
582,2026-07-11,DIDI MEDELLIN,29.25,Transporte
582,2026-03-03,ADMINISTRACION CONJUNTO RESIDENCIAL,292.87,Vivienda
582,2026-02-13,EPS SURA COPAGO GUADALAJARA,262.8,Salud
582,2026-03-28,ADMINISTRACION CONJUNTO RESIDENCIAL,186.14,Vivienda
583,2026-04-16,SUPERMERCADO D1 #5131 REF792547,89.51,Alimentacion
583,2026-05-05,CONSULTORIO IMSS #1525 CALI,267.17,Salud
583,2026-07-22,IZZI TELECOM,112.71,Servicios
583,2026-04-11,MATRICULA UNAM #6753 QUERETARO,276.15,Educacion
583,2026-07-24,OXXO,217.67,Alimentacion
583,2026-04-22,TELCEL PLAN CELULAR #2028 QUERETARO REF521349,49.71,Servicios
583,2026-06-25,ARRIENDO APARTAMENTO,459.02,Vivienda
583,2026-07-18,TELMEX INTERNET HOGAR #5911 REF720796,77.11,Servicios
583,2026-02-21,JUMBO MONTERREY REF549954,213.43,Alimentacion
583,2026-06-06,UBER,71.85,Transporte
583,2026-02-20,CLARO HOGAR INTERNET #3815 REF874060,101.83,Servicios
583,2026-03-30,CABIFY REF266042,186.44,Transporte
583,2026-07-17,BAR RESTAURANTE AMIGOS,55.27,Ocio
583,2026-05-26,PEAJE AUTOPISTA #7504,23.32,Transporte
583,2026-07-27,IZZI TELECOM CALI,84.67,Servicios
583,2026-04-17,SPOTIFY PREMIUM #5478 REF123478,48.25,Ocio
583,2026-02-09,GASOLINERA PEMEX #8697,144.45,Transporte
583,2026-07-06,EXITO,257.27,Alimentacion
583,2026-04-16,UBER CARTAGENA,107.12,Transporte
583,2026-07-07,BODEGA AURRERA #4157,131.21,Alimentacion
583,2026-07-16,ESTACION SERVICIO PRIMAX,140.92,Transporte
583,2026-04-13,DEPOSITO BANCO AZTECA #6093 CARTAGENA REF178226,27.59,Otros
584,2026-03-01,CLARO HOGAR INTERNET #5521,140.69,Servicios
584,2026-07-07,TELCEL PLAN CELULAR #5053 BARRANQUILLA,89.65,Servicios
584,2026-03-20,DEPOSITO BANCO AZTECA,128.41,Otros
584,2026-02-15,FACTURA ENERGIA ENEL CODENSA,95.56,Servicios
584,2026-07-02,RENTA DEPARTAMENTO #6774,211.37,Vivienda
584,2026-04-30,MOVISTAR PLAN CELULAR,145.02,Servicios
584,2026-03-29,SPOTIFY PREMIUM #2945,20.36,Ocio
584,2026-03-09,JUMBO #7870,76.27,Alimentacion
584,2026-03-24,ESTACION SERVICIO PRIMAX #9975 BOGOTA,172.73,Transporte
584,2026-06-02,ADMINISTRACION CONJUNTO RESIDENCIAL,459.3,Vivienda
584,2026-03-03,UBER CALI,177.63,Transporte
584,2026-07-15,CARULLA,144.09,Alimentacion
584,2026-06-07,SUPERAMA,108.02,Alimentacion
585,2026-05-09,SORIANA #3013 REF688921,240.91,Alimentacion
585,2026-03-22,COMBUSTIBLE TERPEL REF259652,104.71,Transporte
585,2026-07-24,CINEPOLIS #1363,98.32,Ocio
585,2026-05-07,EXITO #6257,219.21,Alimentacion
585,2026-04-08,GASOLINERA PEMEX,157.3,Transporte
585,2026-05-01,FACTURA ACUEDUCTO BOGOTA,139.92,Servicios
585,2026-03-24,OXXO,126.18,Alimentacion
585,2026-05-28,ARRIENDO APARTAMENTO REF815628,236.56,Vivienda
585,2026-03-25,HOME DEPOT MEXICO #6336 QUERETARO,173.91,Vivienda
585,2026-03-29,PAGO INFONAVIT #6399 MEDELLIN,273.23,Vivienda
585,2026-03-11,OXXO #2190 MEDELLIN,47.23,Alimentacion
585,2026-05-24,CINE COLOMBIA #8360 PUEBLA,74.74,Ocio
585,2026-02-19,HOMECENTER,242.47,Vivienda
585,2026-03-28,RENTA DEPARTAMENTO #3118,169.47,Vivienda
585,2026-06-12,EXITO #2385,19.36,Alimentacion
585,2026-07-09,DEPOSITO BANCO AZTECA #632,151.37,Otros
585,2026-05-29,TELCEL PLAN CELULAR #9854 REF818888,94.85,Servicios
586,2026-07-30,TELCEL PLAN CELULAR #6360 MEDELLIN REF905780,118.06,Servicios
586,2026-06-30,JUMBO,121.63,Alimentacion
586,2026-04-24,FARMACIA CRUZ VERDE,260.57,Salud
586,2026-05-08,CHEDRAUI #5472 REF479701,49.19,Alimentacion
586,2026-04-18,TRANSMILENIO CIUDAD DE MEXICO,65.77,Transporte
586,2026-04-06,RECARGA OXXO,25.89,Otros
586,2026-07-30,STEAM VIDEOJUEGOS,31.36,Ocio
586,2026-03-03,SPOTIFY PREMIUM,34.84,Ocio
586,2026-04-23,COMBUSTIBLE TERPEL #389,193.53,Transporte
586,2026-07-07,DEPOSITO BANCO AZTECA #2295,23.28,Otros
586,2026-05-31,CARULLA #4164 GUADALAJARA,121.13,Alimentacion
586,2026-02-22,SUPERMERCADO D1 #8030,148.42,Alimentacion
586,2026-07-17,CONSULTORIO IMSS,271.13,Salud
586,2026-04-11,SPOTIFY PREMIUM #2656,129.71,Ocio
586,2026-02-20,DISNEY PLUS #8737 REF985202,99.17,Ocio
586,2026-07-12,TRANSMILENIO #4739 REF946261,204.16,Transporte
586,2026-07-21,FACTURA ENERGIA ENEL CODENSA #5715,121.26,Servicios
586,2026-05-14,PEAJE AUTOPISTA #3692,202.64,Transporte
587,2026-03-11,CHEDRAUI #6241 CUCUTA,81.08,Alimentacion
587,2026-06-14,ADMINISTRACION CONJUNTO RESIDENCIAL,438.7,Vivienda
587,2026-06-02,CINE COLOMBIA #9641,121.69,Ocio
587,2026-05-24,SUPERAMA #1145 REF538887,19.1,Alimentacion
587,2026-06-07,FARMACIAS SIMILARES #906,234.23,Salud
587,2026-04-14,FACTURA ENERGIA ENEL CODENSA #1099,112.57,Servicios
587,2026-06-16,GASOLINERA PEMEX,202.79,Transporte
587,2026-07-16,UBER #4138,196.14,Transporte
587,2026-07-01,DISNEY PLUS MEDELLIN REF596706,100.28,Ocio
587,2026-05-18,TRANSMILENIO #8139 QUERETARO,114.08,Transporte
587,2026-03-05,PAGO INFONAVIT #5706 QUERETARO,252.13,Vivienda
587,2026-04-15,ADMINISTRACION CONJUNTO RESIDENCIAL,422.62,Vivienda
587,2026-04-29,BODEGA AURRERA #7801 PUEBLA,208.99,Alimentacion
587,2026-04-13,CARULLA #4041,242.87,Alimentacion
587,2026-02-10,FARMACIAS SIMILARES #9849 CALI,240.07,Salud
587,2026-03-28,FARMACIAS GUADALAJARA #7461,70.65,Salud
588,2026-04-11,ICETEX CREDITO EDUCATIVO #3514,131.76,Educacion
588,2026-05-16,ARA TIENDA #1142,259.58,Alimentacion
588,2026-07-17,TRANSMILENIO CARTAGENA,85.82,Transporte
588,2026-06-15,CHEDRAUI BARRANQUILLA,12.49,Alimentacion
588,2026-02-22,WALMART SUPERCENTER,83.8,Alimentacion
588,2026-03-21,SUPERAMA #5058 TIJUANA REF806835,41.02,Alimentacion
588,2026-05-19,METROBUS CDMX CALI,30.56,Transporte
588,2026-02-21,PEAJE AUTOPISTA #2811,25.5,Transporte
588,2026-07-24,COMBUSTIBLE TERPEL,128.65,Transporte
588,2026-07-15,COOMEVA MEDICINA PREPAGADA,68.96,Salud
588,2026-05-25,SPOTIFY PREMIUM,50.16,Ocio
588,2026-05-28,IZZI TELECOM BOGOTA REF433173,131.37,Servicios
588,2026-06-29,MOVISTAR PLAN CELULAR,72.29,Servicios
588,2026-05-14,SORIANA #3143 GUADALAJARA REF765107,248.08,Alimentacion
588,2026-03-06,FARMACIAS GUADALAJARA,156.91,Salud
588,2026-06-15,DAVIPLATA #4687,77.8,Otros
589,2026-06-15,WALMART SUPERCENTER #7848,215.51,Alimentacion
589,2026-05-31,SORIANA BARRANQUILLA,248.23,Alimentacion
589,2026-04-23,FARMATODO #4794,125.68,Salud
589,2026-03-25,WALMART SUPERCENTER #6051,165.07,Alimentacion
589,2026-07-16,ESTACION SERVICIO PRIMAX,110.14,Transporte
589,2026-03-11,JUMBO #4229 PUEBLA,265.22,Alimentacion
589,2026-06-08,ESTACION SERVICIO PRIMAX #1251 BOGOTA,176.22,Transporte
589,2026-02-16,CARULLA CIUDAD DE MEXICO REF898063,247.05,Alimentacion
589,2026-06-09,PAGO MULTA TRANSITO #1598,53.24,Otros
589,2026-03-21,RETIRO CAJERO AUTOMATICO TIJUANA,141.33,Otros
589,2026-06-25,MOVISTAR PLAN CELULAR #1643 CARTAGENA,50.84,Servicios
589,2026-02-25,FACTURA ACUEDUCTO #1005,43.18,Servicios
589,2026-07-22,AGENCIA DE VIAJES #256,123.03,Ocio
589,2026-07-17,TRANSMILENIO,13.86,Transporte
590,2026-06-08,UBER,13.13,Transporte
590,2026-06-08,TELCEL PLAN CELULAR #4058,23.69,Servicios
590,2026-04-30,DIDI TIJUANA,29.93,Transporte
590,2026-07-18,CLARO HOGAR INTERNET #5024,71.56,Servicios
590,2026-02-12,CINE COLOMBIA #7690,106.85,Ocio
590,2026-06-29,FACTURA ENERGIA ENEL CODENSA REF735452,134.9,Servicios
590,2026-04-16,TRANSMILENIO PUEBLA,58.96,Transporte
590,2026-07-22,SUPERMERCADO D1 #649 REF910344,159.34,Alimentacion
590,2026-03-22,OXXO #7892,209.77,Alimentacion
590,2026-06-04,SUPERMERCADO D1 #5218,85.1,Alimentacion
590,2026-02-12,PAGO MULTA TRANSITO,79.53,Otros
590,2026-02-04,ADMINISTRACION CONJUNTO RESIDENCIAL #5854 CIUDAD DE MEXICO,411.99,Vivienda
590,2026-02-20,METROBUS CDMX,36.97,Transporte
590,2026-06-25,CONSULTORIO IMSS,22.4,Salud
590,2026-03-06,NETFLIX #7363,24.1,Ocio
590,2026-07-09,ADMINISTRACION CONDOMINIO #6721,463.43,Vivienda
590,2026-05-23,WALMART SUPERCENTER #2486 REF746137,29.14,Alimentacion
590,2026-06-05,COLEGIATURA COLEGIO PRIVADO,96.14,Educacion
590,2026-04-21,DIDI #2406,77.57,Transporte
590,2026-02-19,ESTACION SERVICIO PRIMAX #7860,25.57,Transporte
591,2026-07-30,FARMACIAS DEL AHORRO #8885 MONTERREY,155.2,Salud
591,2026-04-23,NETFLIX BOGOTA,107.82,Ocio
591,2026-05-02,PEAJE AUTOPISTA CARTAGENA,91.2,Transporte
591,2026-05-03,PLATZI CURSO ONLINE MEDELLIN,394.26,Educacion
591,2026-03-06,UBER #551 REF670524,164.1,Transporte
591,2026-04-18,IZZI TELECOM,145.4,Servicios
591,2026-05-29,SUPERMERCADO D1 #8592,143.72,Alimentacion
591,2026-06-08,CARULLA,133.16,Alimentacion
591,2026-04-13,MOVISTAR PLAN CELULAR #2157,116.99,Servicios
591,2026-03-18,CINEPOLIS #6401 MONTERREY,115.04,Ocio
591,2026-05-11,CINE COLOMBIA #9087 REF560094,125.52,Ocio
591,2026-07-15,EXITO GUADALAJARA,94.38,Alimentacion
591,2026-02-05,NETFLIX,104.84,Ocio
591,2026-03-09,TRANSMILENIO #2095,52.13,Transporte
591,2026-03-13,TRANSMILENIO,119.11,Transporte
591,2026-07-12,MOVISTAR PLAN CELULAR,39.28,Servicios
591,2026-02-28,CHEDRAUI REF579088,100.32,Alimentacion
591,2026-03-22,CARULLA #5431,252.15,Alimentacion
591,2026-06-24,TRANSFERENCIA MERCADO PAGO PUEBLA REF852268,34.84,Otros
591,2026-04-30,CINEPOLIS TIJUANA REF898374,84.05,Ocio
591,2026-06-01,CABIFY #3480,128.59,Transporte
591,2026-02-07,CHEDRAUI #868 GUADALAJARA REF959942,41.39,Alimentacion
591,2026-05-27,METROBUS CDMX,75.2,Transporte
591,2026-05-16,BODEGA AURRERA REF612177,156.38,Alimentacion
591,2026-06-18,CABIFY BOGOTA REF743869,47.44,Transporte
591,2026-03-12,TELMEX INTERNET HOGAR,123.08,Servicios
592,2026-03-26,TRANSFERENCIA NEQUI #135,174.71,Otros
592,2026-05-26,CINE COLOMBIA TIJUANA,91.83,Ocio
592,2026-02-16,BODEGA AURRERA #6698 TIJUANA,196.98,Alimentacion
592,2026-07-01,FARMATODO CUCUTA,175.37,Salud
592,2026-06-14,FACTURA ENERGIA ENEL CODENSA QUERETARO,146.57,Servicios
592,2026-07-26,TELMEX INTERNET HOGAR #1407,108.0,Servicios
592,2026-07-28,RECARGA OXXO #3538,162.16,Otros
592,2026-07-06,FARMACIA CRUZ VERDE #6862 GUADALAJARA,214.32,Salud
592,2026-04-27,OXXO CUCUTA,201.13,Alimentacion
592,2026-02-07,SUPERAMA #3467 REF600656,85.51,Alimentacion
592,2026-06-21,SPOTIFY PREMIUM MEDELLIN,42.93,Ocio
592,2026-03-31,STEAM VIDEOJUEGOS,102.87,Ocio
593,2026-07-10,FACTURA ACUEDUCTO #5229 CALI REF296353,126.98,Servicios
593,2026-07-20,RENTA DEPARTAMENTO BARRANQUILLA,451.36,Vivienda
593,2026-06-14,FARMACIAS SIMILARES,68.27,Salud
593,2026-05-23,SUPERAMA,150.93,Alimentacion
593,2026-05-29,CARULLA #9872,83.45,Alimentacion
593,2026-02-26,FARMACIA CRUZ VERDE MONTERREY,107.19,Salud
593,2026-05-30,COOMEVA MEDICINA PREPAGADA CUCUTA REF871255,115.19,Salud
593,2026-04-28,IZZI TELECOM #501,23.55,Servicios
593,2026-03-26,JUMBO,266.35,Alimentacion
593,2026-07-08,ARA TIENDA,18.2,Alimentacion
594,2026-07-31,UBER PUEBLA,32.79,Transporte
594,2026-03-11,TRANSFERENCIA MERCADO PAGO #3443 MEDELLIN,121.67,Otros
594,2026-07-15,NETFLIX #1226 CALI,40.0,Ocio
594,2026-04-14,TELCEL PLAN CELULAR #9770,18.89,Servicios
594,2026-04-23,FACTURA ENERGIA ENEL CODENSA PUEBLA,71.0,Servicios
594,2026-07-25,BAR RESTAURANTE AMIGOS,59.19,Ocio
594,2026-06-06,BODEGA AURRERA CUCUTA,131.47,Alimentacion
594,2026-03-06,FACTURA CFE,110.15,Servicios
594,2026-04-18,WALMART SUPERCENTER #8088 GUADALAJARA REF450600,90.3,Alimentacion
594,2026-03-03,DIDI #2599 BARRANQUILLA,73.06,Transporte
594,2026-03-01,ESTACION SERVICIO PRIMAX REF658853,22.11,Transporte
595,2026-05-28,CINE COLOMBIA REF312027,63.66,Ocio
595,2026-05-28,BODEGA AURRERA #2680 BARRANQUILLA,142.94,Alimentacion
595,2026-07-19,WALMART SUPERCENTER #7480,175.45,Alimentacion
595,2026-06-09,OXXO,181.6,Alimentacion
595,2026-03-04,CLARO HOGAR INTERNET #7919 TIJUANA REF684124,54.01,Servicios
595,2026-07-16,TELCEL PLAN CELULAR,34.0,Servicios
595,2026-07-05,SORIANA,50.72,Alimentacion
595,2026-05-28,PAGO INFONAVIT,469.7,Vivienda
596,2026-06-07,BODEGA AURRERA #9094,233.79,Alimentacion
596,2026-02-06,PEAJE AUTOPISTA,13.08,Transporte
596,2026-06-23,AGENCIA DE VIAJES #5502,18.4,Ocio
596,2026-04-28,TRANSFERENCIA NEQUI REF857353,25.74,Otros
596,2026-07-19,METROBUS CDMX REF999550,152.52,Transporte
596,2026-03-01,MOVISTAR PLAN CELULAR #9092,24.39,Servicios
596,2026-05-30,BODEGA AURRERA #3715,139.05,Alimentacion
596,2026-02-03,TRANSFERENCIA NEQUI #8937,90.36,Otros
596,2026-04-28,BODEGA AURRERA #4233,90.78,Alimentacion
596,2026-07-17,EXITO QUERETARO,236.31,Alimentacion
596,2026-02-16,COOMEVA MEDICINA PREPAGADA REF529313,63.57,Salud
596,2026-07-28,EPS SURA COPAGO #4335,115.45,Salud
596,2026-04-29,TRANSFERENCIA MERCADO PAGO,141.61,Otros
596,2026-05-01,CARULLA #3915,17.91,Alimentacion
596,2026-05-06,SUPERAMA #6072,184.97,Alimentacion
596,2026-07-30,RENTA DEPARTAMENTO REF978904,558.2,Vivienda
596,2026-05-30,WALMART SUPERCENTER #5353,252.39,Alimentacion
597,2026-04-07,JUMBO #9857 GUADALAJARA REF793927,34.5,Alimentacion
597,2026-06-03,PAGO MULTA TRANSITO,63.58,Otros
597,2026-06-28,CABIFY #3294,185.04,Transporte
597,2026-07-22,SUPERMERCADO D1 QUERETARO,100.26,Alimentacion
597,2026-03-20,METROBUS CDMX MEDELLIN,122.38,Transporte
597,2026-05-05,COOMEVA MEDICINA PREPAGADA,138.51,Salud
597,2026-02-05,COOMEVA MEDICINA PREPAGADA #5559,145.79,Salud
597,2026-07-16,OXXO #3673,262.09,Alimentacion
597,2026-07-08,TRANSFERENCIA MERCADO PAGO REF743112,60.35,Otros
597,2026-06-12,SPOTIFY PREMIUM REF875770,83.42,Ocio
597,2026-05-14,UBER #6887 REF358372,94.01,Transporte
597,2026-02-10,UBER,22.23,Transporte
597,2026-06-11,OXXO,137.23,Alimentacion
597,2026-03-19,SUPERAMA TIJUANA,221.47,Alimentacion
597,2026-05-06,OXXO #9698,35.68,Alimentacion
597,2026-02-24,SPOTIFY PREMIUM #8578,13.7,Ocio
598,2026-07-18,METROBUS CDMX #5031 CALI,172.39,Transporte
598,2026-05-17,ARA TIENDA #7689 MONTERREY,221.45,Alimentacion
598,2026-03-15,TRANSFERENCIA MERCADO PAGO BARRANQUILLA,119.26,Otros
598,2026-05-23,TRANSFERENCIA MERCADO PAGO #2408,87.86,Otros
598,2026-05-31,TRANSMILENIO #7560,182.94,Transporte
598,2026-07-29,CINEPOLIS REF980862,120.75,Ocio
598,2026-03-03,CHEDRAUI #279,16.19,Alimentacion
598,2026-04-06,RECARGA OXXO #9357,18.76,Otros
598,2026-03-29,AGENCIA DE VIAJES #435,124.84,Ocio
598,2026-04-28,COOMEVA MEDICINA PREPAGADA CALI,93.99,Salud
598,2026-07-02,CINEPOLIS #9338 CALI REF177728,114.17,Ocio
598,2026-07-14,OXXO,111.09,Alimentacion
598,2026-05-14,BAR RESTAURANTE AMIGOS REF933376,19.89,Ocio
598,2026-03-11,BODEGA AURRERA #8225 BARRANQUILLA REF530992,30.92,Alimentacion
598,2026-06-08,PEAJE AUTOPISTA,41.3,Transporte
598,2026-05-13,FACTURA ACUEDUCTO,48.74,Servicios
598,2026-02-18,ARA TIENDA #4784,137.01,Alimentacion
598,2026-02-22,TRANSFERENCIA NEQUI #8942 BOGOTA,129.25,Otros
598,2026-03-03,CINE COLOMBIA #6754,128.3,Ocio
599,2026-05-29,ICETEX CREDITO EDUCATIVO #5023,28.29,Educacion
599,2026-07-24,FARMACIAS SIMILARES #9501 REF676952,15.49,Salud
599,2026-03-30,CLARO HOGAR INTERNET #5299 CALI,28.18,Servicios
599,2026-03-18,RECARGA OXXO #2383 REF898955,27.26,Otros
599,2026-07-15,ARRIENDO APARTAMENTO,502.45,Vivienda
599,2026-03-24,OXXO REF616106,63.28,Alimentacion
599,2026-02-17,WALMART SUPERCENTER #5354 CARTAGENA,242.63,Alimentacion
599,2026-06-10,STEAM VIDEOJUEGOS #1271,121.08,Ocio
599,2026-04-21,RECARGA OXXO,175.9,Otros
599,2026-03-29,JUMBO #1090,254.16,Alimentacion
599,2026-02-22,CINEPOLIS #5686 GUADALAJARA,38.99,Ocio
599,2026-07-21,EXITO,142.54,Alimentacion
599,2026-05-04,TRANSMILENIO #210 MONTERREY,45.09,Transporte
599,2026-06-21,MOVISTAR PLAN CELULAR #5068 BOGOTA,123.84,Servicios
599,2026-05-17,JUMBO #257 MONTERREY,240.99,Alimentacion
599,2026-07-26,STEAM VIDEOJUEGOS #1333 GUADALAJARA REF452537,111.41,Ocio
599,2026-02-05,CINE COLOMBIA #975,59.17,Ocio
599,2026-04-24,AGENCIA DE VIAJES #1163,99.83,Ocio
599,2026-03-03,CINEPOLIS REF232039,17.2,Ocio
599,2026-03-20,SUPERMERCADO D1 #8117,20.46,Alimentacion
599,2026-06-27,WALMART SUPERCENTER #7803,205.84,Alimentacion
599,2026-05-28,BODEGA AURRERA #9583,120.59,Alimentacion
599,2026-06-25,DISNEY PLUS,129.44,Ocio
600,2026-05-03,WALMART SUPERCENTER #7736,31.31,Alimentacion
600,2026-03-22,SUPERAMA #6951,122.22,Alimentacion
600,2026-04-16,CHEDRAUI #7118 REF738627,225.36,Alimentacion
600,2026-03-18,SPOTIFY PREMIUM #409 BOGOTA,64.18,Ocio
600,2026-04-09,FACTURA ACUEDUCTO REF422060,126.95,Servicios
600,2026-03-11,UBER #4832,155.94,Transporte
600,2026-05-14,NETFLIX #8137 PUEBLA,31.18,Ocio
600,2026-06-28,TRANSFERENCIA MERCADO PAGO,171.31,Otros
601,2026-06-02,JUMBO #1013,60.16,Alimentacion
601,2026-05-17,DAVIPLATA #2851 CIUDAD DE MEXICO,44.66,Otros
601,2026-06-25,TRANSFERENCIA MERCADO PAGO,41.8,Otros
601,2026-05-20,CLARO HOGAR INTERNET,81.02,Servicios
601,2026-05-01,CINE COLOMBIA,104.74,Ocio
601,2026-07-24,PAGO INFONAVIT #5226 MONTERREY,434.49,Vivienda
601,2026-07-24,UBER CUCUTA,188.64,Transporte
601,2026-03-07,MATRICULA UNAM BARRANQUILLA,263.7,Educacion
601,2026-06-30,DISNEY PLUS CALI,91.17,Ocio
601,2026-02-13,COOMEVA MEDICINA PREPAGADA,205.27,Salud
601,2026-03-17,SUPERAMA,126.86,Alimentacion
601,2026-04-11,AGENCIA DE VIAJES,91.17,Ocio
601,2026-07-24,SUPERAMA #1101,28.12,Alimentacion
601,2026-03-04,FARMACIAS DEL AHORRO #496,260.06,Salud
601,2026-05-30,HOME DEPOT MEXICO #7669,538.91,Vivienda
601,2026-04-19,CINE COLOMBIA,35.65,Ocio
601,2026-02-12,EPS SURA COPAGO #9052,233.89,Salud
601,2026-05-24,DISNEY PLUS REF858328,6.58,Ocio
601,2026-06-14,MOVISTAR PLAN CELULAR #1570,44.33,Servicios
601,2026-07-09,FARMACIA CRUZ VERDE,33.56,Salud
601,2026-04-01,SPOTIFY PREMIUM,102.53,Ocio
602,2026-07-29,IZZI TELECOM,26.35,Servicios
602,2026-06-05,DAVIPLATA REF310238,40.83,Otros
602,2026-06-29,DEPOSITO BANCO AZTECA #6296 MEDELLIN REF733281,90.89,Otros
602,2026-07-13,NETFLIX #9141,86.7,Ocio
602,2026-04-12,TELCEL PLAN CELULAR,34.69,Servicios
602,2026-03-02,IZZI TELECOM #8745,40.01,Servicios
602,2026-05-02,FACTURA ACUEDUCTO MEDELLIN,42.6,Servicios
602,2026-03-29,UBER,57.74,Transporte
602,2026-05-24,TRANSFERENCIA NEQUI GUADALAJARA REF955744,48.51,Otros
602,2026-05-30,NETFLIX,54.39,Ocio
602,2026-05-08,WALMART SUPERCENTER #8021 CALI REF826504,179.99,Alimentacion
602,2026-04-24,FARMACIAS SIMILARES #921,139.84,Salud
602,2026-03-25,PAGO INFONAVIT MONTERREY,537.99,Vivienda
602,2026-04-11,EPS SURA COPAGO,219.99,Salud
602,2026-05-25,ARA TIENDA,42.9,Alimentacion
602,2026-03-04,ADMINISTRACION CONDOMINIO #3145 CUCUTA,174.42,Vivienda
602,2026-04-18,ARA TIENDA PUEBLA,238.26,Alimentacion
602,2026-04-28,JUMBO #9291 BARRANQUILLA REF119079,30.76,Alimentacion
603,2026-06-18,TELCEL PLAN CELULAR #9858 GUADALAJARA,65.16,Servicios
603,2026-07-25,AGENCIA DE VIAJES #7210,42.11,Ocio
603,2026-04-05,COOMEVA MEDICINA PREPAGADA #7624 REF209611,58.44,Salud
603,2026-05-15,BAR RESTAURANTE AMIGOS REF548163,22.26,Ocio
603,2026-06-22,DISNEY PLUS #4383,21.54,Ocio
603,2026-03-07,EXITO,39.67,Alimentacion
603,2026-05-16,DIDI REF316678,58.1,Transporte
603,2026-04-25,JUMBO,89.73,Alimentacion
603,2026-04-08,COOMEVA MEDICINA PREPAGADA #9420,289.05,Salud
603,2026-02-22,BAR RESTAURANTE AMIGOS #185,77.31,Ocio
603,2026-07-24,BAR RESTAURANTE AMIGOS #4238 PUEBLA,128.45,Ocio
603,2026-02-11,CABIFY #1493,84.49,Transporte
603,2026-06-16,ARRIENDO APARTAMENTO #6212,378.81,Vivienda
603,2026-05-26,CLARO HOGAR INTERNET #9195 CUCUTA,58.82,Servicios
603,2026-02-26,FACTURA ENERGIA ENEL CODENSA GUADALAJARA,39.69,Servicios
603,2026-07-18,ARA TIENDA,47.22,Alimentacion
603,2026-02-09,CHEDRAUI,255.72,Alimentacion
603,2026-07-09,ADMINISTRACION CONJUNTO RESIDENCIAL,643.41,Vivienda
604,2026-07-14,BODEGA AURRERA #5234 MEDELLIN REF983521,34.52,Alimentacion
604,2026-04-16,BODEGA AURRERA #8188,121.31,Alimentacion
604,2026-05-13,DISNEY PLUS,127.91,Ocio
604,2026-05-20,RENTA DEPARTAMENTO #1993,314.42,Vivienda
604,2026-07-31,AGENCIA DE VIAJES,114.55,Ocio
604,2026-05-25,SPOTIFY PREMIUM REF276105,110.4,Ocio
604,2026-07-06,CHEDRAUI #6856,257.54,Alimentacion
604,2026-05-30,TELCEL PLAN CELULAR,121.66,Servicios
604,2026-05-15,AGENCIA DE VIAJES #2112 GUADALAJARA,87.45,Ocio
605,2026-05-29,MATRICULA UNIVERSIDAD NACIONAL #7367,353.08,Educacion
605,2026-04-28,SORIANA #4525 REF604199,193.7,Alimentacion
605,2026-06-11,NETFLIX #2388 PUEBLA,100.06,Ocio
605,2026-05-01,UBER #115,114.64,Transporte
605,2026-03-13,DIDI #1022 GUADALAJARA,194.85,Transporte
605,2026-03-10,ESTACION SERVICIO PRIMAX,175.01,Transporte
605,2026-07-13,TRANSMILENIO #2072,178.78,Transporte
605,2026-02-09,EXITO CARTAGENA REF889018,184.98,Alimentacion
606,2026-04-18,MATRICULA UNIVERSIDAD NACIONAL #5454 REF658659,266.91,Educacion
606,2026-06-26,OXXO REF503262,105.16,Alimentacion
606,2026-04-10,DAVIPLATA,61.69,Otros
606,2026-02-12,COMBUSTIBLE TERPEL REF276172,11.71,Transporte
606,2026-05-04,COOMEVA MEDICINA PREPAGADA,252.58,Salud
606,2026-07-03,BODEGA AURRERA #5461,32.73,Alimentacion
606,2026-03-04,SPOTIFY PREMIUM #9192 REF781937,83.84,Ocio
606,2026-04-29,RENTA DEPARTAMENTO,402.04,Vivienda
606,2026-04-06,METROBUS CDMX,115.34,Transporte
606,2026-04-24,IZZI TELECOM,140.11,Servicios
606,2026-02-28,NETFLIX,8.95,Ocio
606,2026-06-06,TELCEL PLAN CELULAR #2443 CIUDAD DE MEXICO,119.41,Servicios
606,2026-04-26,COURSERA CURSO ONLINE,44.52,Educacion
606,2026-03-24,FARMACIA CRUZ VERDE #5503,25.87,Salud
606,2026-06-30,CABIFY,95.96,Transporte
606,2026-03-05,EPS SURA COPAGO #927,32.98,Salud
606,2026-02-03,DAVIPLATA,144.15,Otros
606,2026-02-11,STEAM VIDEOJUEGOS #2935,71.2,Ocio
606,2026-07-22,ADMINISTRACION CONJUNTO RESIDENCIAL #365,164.52,Vivienda
606,2026-04-02,UBER REF802705,18.1,Transporte
606,2026-03-16,CLARO HOGAR INTERNET REF841474,97.71,Servicios
606,2026-07-16,FACTURA ENERGIA ENEL CODENSA,123.83,Servicios
607,2026-05-31,DISNEY PLUS #3279,81.63,Ocio
607,2026-07-11,UBER,135.66,Transporte
607,2026-06-25,CONSULTORIO IMSS #1242 CALI REF867673,224.22,Salud
607,2026-02-10,TRANSFERENCIA NEQUI #6561 MEDELLIN,115.55,Otros
607,2026-03-08,FACTURA ACUEDUCTO,145.85,Servicios
607,2026-05-07,CHEDRAUI #4673 REF846465,61.29,Alimentacion
607,2026-06-26,CINE COLOMBIA #7252,123.89,Ocio
607,2026-04-14,DIDI #2594,117.67,Transporte
607,2026-04-08,MATRICULA UNAM,276.98,Educacion
607,2026-07-10,DIDI #3554,29.89,Transporte
607,2026-02-17,OXXO CALI,108.95,Alimentacion
607,2026-05-30,BAR RESTAURANTE AMIGOS #3302 MEDELLIN,101.17,Ocio
607,2026-07-08,MOVISTAR PLAN CELULAR #2721 CUCUTA,110.43,Servicios
607,2026-04-09,CINEPOLIS #4682,10.02,Ocio
607,2026-05-31,ESTACION SERVICIO PRIMAX,119.32,Transporte
607,2026-04-25,FARMACIAS GUADALAJARA,40.16,Salud
607,2026-04-07,ESTACION SERVICIO PRIMAX #2278,209.17,Transporte
607,2026-04-22,FARMACIA CRUZ VERDE REF424058,270.73,Salud
607,2026-06-03,TRANSMILENIO,14.22,Transporte
607,2026-02-04,WALMART SUPERCENTER,233.25,Alimentacion
607,2026-03-18,SUPERAMA #741 REF282905,249.05,Alimentacion
607,2026-04-23,JUMBO,101.92,Alimentacion
607,2026-03-06,COMBUSTIBLE TERPEL #955,153.9,Transporte
607,2026-07-24,CINE COLOMBIA #9257,60.26,Ocio
607,2026-05-13,DIDI #1938,141.05,Transporte
607,2026-03-15,BAR RESTAURANTE AMIGOS #3570 REF555174,47.54,Ocio
608,2026-06-11,AGENCIA DE VIAJES,67.08,Ocio
608,2026-04-09,BAR RESTAURANTE AMIGOS,73.03,Ocio
608,2026-07-27,JUMBO MONTERREY,258.69,Alimentacion
608,2026-03-06,MOVISTAR PLAN CELULAR #8375 CUCUTA,134.71,Servicios
608,2026-02-07,ADMINISTRACION CONDOMINIO QUERETARO,234.73,Vivienda
608,2026-06-04,FACTURA ENERGIA ENEL CODENSA #6754,78.88,Servicios
608,2026-04-23,PAGO INFONAVIT,635.65,Vivienda
608,2026-02-01,CABIFY,84.47,Transporte
608,2026-07-29,NETFLIX #728,51.45,Ocio
608,2026-05-07,FARMACIAS DEL AHORRO,70.58,Salud
608,2026-07-20,EXITO #9339,39.72,Alimentacion
608,2026-04-16,IZZI TELECOM #4547 REF206731,114.94,Servicios
608,2026-05-30,HOMECENTER,535.02,Vivienda
608,2026-04-28,HOME DEPOT MEXICO,634.51,Vivienda
608,2026-04-04,RECARGA OXXO #9588 REF933582,141.48,Otros
608,2026-03-05,ICETEX CREDITO EDUCATIVO REF999323,116.26,Educacion
608,2026-03-06,IZZI TELECOM,20.42,Servicios
608,2026-07-03,BAR RESTAURANTE AMIGOS,128.18,Ocio
608,2026-03-23,FARMACIA CRUZ VERDE MONTERREY,112.03,Salud
608,2026-02-25,CINEPOLIS,44.0,Ocio
608,2026-03-21,METROBUS CDMX #3811,191.19,Transporte
608,2026-07-07,NETFLIX,78.14,Ocio
609,2026-03-06,CLARO HOGAR INTERNET #749 CALI,67.72,Servicios
609,2026-03-15,FARMACIA CRUZ VERDE #6890,164.36,Salud
609,2026-07-31,DISNEY PLUS CIUDAD DE MEXICO,119.35,Ocio
609,2026-07-22,AGENCIA DE VIAJES,126.67,Ocio
609,2026-04-05,FARMATODO #4183 CALI,89.72,Salud
609,2026-02-09,ADMINISTRACION CONDOMINIO,256.43,Vivienda
609,2026-02-25,FACTURA ACUEDUCTO #3111,25.87,Servicios
609,2026-06-03,CINEPOLIS CUCUTA,75.22,Ocio
609,2026-05-13,ADMINISTRACION CONDOMINIO,156.8,Vivienda
610,2026-07-14,STEAM VIDEOJUEGOS #6129,32.38,Ocio
610,2026-05-13,FACTURA ACUEDUCTO #271 BARRANQUILLA,24.71,Servicios
610,2026-07-13,FACTURA ACUEDUCTO #3252 REF451178,111.62,Servicios
610,2026-02-02,MOVISTAR PLAN CELULAR #3855 TIJUANA,67.74,Servicios
610,2026-04-30,METROBUS CDMX,163.22,Transporte
610,2026-04-03,ESTACION SERVICIO PRIMAX #1056 REF164910,99.06,Transporte
610,2026-05-18,ADMINISTRACION CONDOMINIO,323.0,Vivienda
610,2026-05-06,MATRICULA UNIVERSIDAD NACIONAL REF153985,194.2,Educacion
610,2026-06-27,CINEPOLIS,98.57,Ocio
610,2026-06-21,DISNEY PLUS REF374276,117.78,Ocio
611,2026-03-01,SORIANA,104.01,Alimentacion
611,2026-02-28,CINEPOLIS CALI,121.56,Ocio
611,2026-06-09,GASOLINERA PEMEX REF329552,136.12,Transporte
611,2026-04-29,HOMECENTER,617.08,Vivienda
611,2026-07-03,EPS SURA COPAGO MONTERREY REF612443,230.79,Salud
611,2026-02-25,GASOLINERA PEMEX #7294,30.69,Transporte
611,2026-04-06,CLARO HOGAR INTERNET REF778036,46.21,Servicios
611,2026-05-01,COMBUSTIBLE TERPEL #5503,88.83,Transporte
611,2026-04-14,RETIRO CAJERO AUTOMATICO #5404,38.92,Otros
611,2026-07-28,BAR RESTAURANTE AMIGOS TIJUANA,66.86,Ocio
611,2026-04-03,GASOLINERA PEMEX,104.27,Transporte
611,2026-03-29,CLARO HOGAR INTERNET CARTAGENA,144.09,Servicios
611,2026-05-19,PEAJE AUTOPISTA REF754672,96.75,Transporte
611,2026-06-08,CINE COLOMBIA,103.2,Ocio
611,2026-05-23,TELCEL PLAN CELULAR,142.16,Servicios
611,2026-04-05,STEAM VIDEOJUEGOS,114.62,Ocio
611,2026-02-22,SPOTIFY PREMIUM,31.08,Ocio
611,2026-04-06,DIDI #733,109.21,Transporte
611,2026-05-28,GASOLINERA PEMEX #8427 CALI,79.55,Transporte
611,2026-06-05,DAVIPLATA CARTAGENA REF726984,77.98,Otros
611,2026-06-13,TRANSFERENCIA NEQUI,71.34,Otros
611,2026-05-06,FACTURA ENERGIA ENEL CODENSA #7553 MONTERREY,126.56,Servicios
611,2026-04-03,COOMEVA MEDICINA PREPAGADA #7235 CIUDAD DE MEXICO,143.86,Salud
611,2026-05-04,PLATZI CURSO ONLINE QUERETARO,221.39,Educacion
611,2026-07-29,CLARO HOGAR INTERNET #9825,147.63,Servicios
612,2026-03-10,RETIRO CAJERO AUTOMATICO #6915,65.61,Otros
612,2026-04-16,CINE COLOMBIA CALI,46.13,Ocio
612,2026-06-02,FACTURA ENERGIA ENEL CODENSA,95.76,Servicios
612,2026-06-20,PAGO INFONAVIT #9580 REF670081,241.78,Vivienda
612,2026-04-17,CABIFY REF893399,66.98,Transporte
612,2026-06-17,EXITO,118.32,Alimentacion
612,2026-03-18,GASOLINERA PEMEX #8175,80.73,Transporte
612,2026-03-24,FACTURA ACUEDUCTO,85.86,Servicios
612,2026-03-29,EXITO #2775 REF584133,165.91,Alimentacion
612,2026-03-16,CHEDRAUI CALI,157.33,Alimentacion
612,2026-05-23,CINEPOLIS #9023,86.77,Ocio
612,2026-05-09,WALMART SUPERCENTER BOGOTA,90.01,Alimentacion
612,2026-02-18,RECARGA OXXO #231,31.49,Otros
612,2026-02-19,ESTACION SERVICIO PRIMAX #4978,162.16,Transporte
612,2026-07-22,PEAJE AUTOPISTA REF383541,180.16,Transporte
612,2026-03-23,CINE COLOMBIA #4953,37.13,Ocio
613,2026-06-25,OXXO #7960 BOGOTA,197.58,Alimentacion
613,2026-05-27,PAGO INFONAVIT REF312749,180.99,Vivienda
613,2026-06-02,AGENCIA DE VIAJES #4160 GUADALAJARA,63.54,Ocio
613,2026-02-09,PEAJE AUTOPISTA,175.53,Transporte
613,2026-02-09,AGENCIA DE VIAJES,61.4,Ocio
613,2026-07-06,EPS SURA COPAGO REF838766,57.49,Salud
613,2026-05-12,IZZI TELECOM,147.98,Servicios
613,2026-03-21,MOVISTAR PLAN CELULAR,135.05,Servicios
613,2026-02-08,DISNEY PLUS GUADALAJARA REF518466,101.41,Ocio
613,2026-07-23,TRANSFERENCIA MERCADO PAGO,79.96,Otros
613,2026-07-16,CINEPOLIS,27.98,Ocio
613,2026-02-11,METROBUS CDMX #2392 MONTERREY REF156041,198.28,Transporte
613,2026-07-27,SORIANA,148.41,Alimentacion
613,2026-03-03,WALMART SUPERCENTER REF368395,231.61,Alimentacion
613,2026-02-14,DEPOSITO BANCO AZTECA #2979,68.16,Otros
614,2026-02-14,SUPERAMA,212.63,Alimentacion
614,2026-02-09,CINEPOLIS,49.37,Ocio
614,2026-07-17,ESTACION SERVICIO PRIMAX #5525,206.51,Transporte
614,2026-06-19,RETIRO CAJERO AUTOMATICO #3582 TIJUANA,40.73,Otros
614,2026-06-22,SUPERAMA,163.66,Alimentacion
614,2026-05-16,CABIFY #1938,27.94,Transporte
614,2026-07-28,FARMACIAS GUADALAJARA,224.15,Salud
614,2026-07-05,FARMACIA CRUZ VERDE #7814 CUCUTA,298.5,Salud
614,2026-06-15,UBER,173.83,Transporte
614,2026-07-31,TELMEX INTERNET HOGAR #213,90.02,Servicios
614,2026-07-29,DIDI,106.95,Transporte
614,2026-02-01,TRANSFERENCIA MERCADO PAGO REF572110,151.96,Otros
614,2026-02-08,BAR RESTAURANTE AMIGOS #2541,122.0,Ocio
614,2026-02-13,DIDI #8937,207.84,Transporte
614,2026-02-10,CABIFY #4084 GUADALAJARA,89.31,Transporte
614,2026-07-06,TELCEL PLAN CELULAR #4230,148.77,Servicios
614,2026-04-29,FACTURA CFE #7088,36.05,Servicios
614,2026-07-18,BODEGA AURRERA #7370 REF986679,75.92,Alimentacion
614,2026-07-24,CINEPOLIS,16.13,Ocio
614,2026-06-30,FARMACIAS GUADALAJARA #3121,92.45,Salud
614,2026-07-13,CINE COLOMBIA,100.99,Ocio
614,2026-05-11,FARMACIAS DEL AHORRO MEDELLIN REF400496,258.08,Salud
615,2026-05-12,DIDI REF576937,178.26,Transporte
615,2026-07-29,BODEGA AURRERA #2474 MEDELLIN,186.07,Alimentacion
615,2026-06-10,METROBUS CDMX #5085 REF706254,149.56,Transporte
615,2026-04-12,SUPERAMA #3423,149.34,Alimentacion
615,2026-06-07,CINEPOLIS #7053,115.65,Ocio
615,2026-03-01,PEAJE AUTOPISTA CUCUTA,60.4,Transporte
615,2026-03-12,RECARGA OXXO #7592 CALI,74.8,Otros
615,2026-04-04,OXXO MEDELLIN,212.19,Alimentacion
615,2026-03-01,TRANSMILENIO GUADALAJARA REF991876,108.55,Transporte
615,2026-04-18,ESTACION SERVICIO PRIMAX,187.84,Transporte
615,2026-02-09,DAVIPLATA #2126 CIUDAD DE MEXICO REF794127,68.89,Otros
615,2026-06-24,SPOTIFY PREMIUM #3740,51.17,Ocio
615,2026-02-28,EXITO,241.07,Alimentacion
616,2026-07-21,FARMATODO #4971,237.07,Salud
616,2026-04-23,RENTA DEPARTAMENTO #4105,245.37,Vivienda
616,2026-04-23,SPOTIFY PREMIUM,91.75,Ocio
616,2026-03-01,MATRICULA UNIVERSIDAD NACIONAL #2935,250.99,Educacion
616,2026-07-31,ARA TIENDA GUADALAJARA,57.98,Alimentacion
616,2026-07-22,TRANSMILENIO #3245 CIUDAD DE MEXICO,64.64,Transporte
616,2026-07-10,HOMECENTER #8124,354.49,Vivienda
616,2026-06-14,ADMINISTRACION CONDOMINIO,499.62,Vivienda
617,2026-07-22,SUPERMERCADO D1 #8385,214.62,Alimentacion
617,2026-04-11,TRANSMILENIO #5741,76.85,Transporte
617,2026-03-07,COOMEVA MEDICINA PREPAGADA,266.16,Salud
617,2026-03-20,MATRICULA UNAM #8405,255.59,Educacion
617,2026-02-27,RENTA DEPARTAMENTO #9813,561.18,Vivienda
617,2026-04-26,SUPERMERCADO D1 #954 PUEBLA REF784807,152.03,Alimentacion
617,2026-07-13,STEAM VIDEOJUEGOS #6373 GUADALAJARA REF822499,32.3,Ocio
617,2026-07-03,STEAM VIDEOJUEGOS #7698 MONTERREY,72.8,Ocio
617,2026-06-09,COMBUSTIBLE TERPEL,84.22,Transporte
618,2026-05-22,TRANSMILENIO #4816 MEDELLIN,178.34,Transporte
618,2026-02-16,PEAJE AUTOPISTA #5724 TIJUANA,167.8,Transporte
618,2026-02-23,CINEPOLIS #7274,46.28,Ocio
618,2026-07-09,TRANSFERENCIA MERCADO PAGO #9645 REF135362,101.06,Otros
618,2026-06-15,PEAJE AUTOPISTA #2851 GUADALAJARA,37.42,Transporte
618,2026-04-25,DIDI,117.7,Transporte
618,2026-04-20,ESTACION SERVICIO PRIMAX CARTAGENA,39.18,Transporte
618,2026-07-05,ESTACION SERVICIO PRIMAX #577 CARTAGENA,120.61,Transporte
618,2026-04-16,FARMACIA CRUZ VERDE,199.89,Salud
618,2026-02-18,COMBUSTIBLE TERPEL #8022,88.04,Transporte
618,2026-06-07,SORIANA #8907,139.62,Alimentacion
618,2026-02-26,NETFLIX,114.46,Ocio
618,2026-04-14,CINE COLOMBIA #2360,18.57,Ocio
618,2026-07-15,SPOTIFY PREMIUM #8283,103.97,Ocio
618,2026-07-03,BAR RESTAURANTE AMIGOS #208,26.34,Ocio
618,2026-06-11,ESTACION SERVICIO PRIMAX #787 GUADALAJARA REF442500,17.34,Transporte
618,2026-07-11,COMBUSTIBLE TERPEL #3503,47.11,Transporte
618,2026-05-09,NETFLIX TIJUANA,100.63,Ocio
618,2026-03-18,HOMECENTER #1879,352.56,Vivienda
618,2026-05-25,NETFLIX,114.07,Ocio
618,2026-06-11,SUPERMERCADO D1 #4438,146.42,Alimentacion
618,2026-06-17,SUPERMERCADO D1 TIJUANA,15.79,Alimentacion
619,2026-02-20,EPS SURA COPAGO #3423 BOGOTA,231.96,Salud
619,2026-07-28,SUPERMERCADO D1 #8149,258.1,Alimentacion
619,2026-05-25,DEPOSITO BANCO AZTECA,73.14,Otros
619,2026-04-09,TRANSMILENIO #8513 BOGOTA,175.88,Transporte
619,2026-03-29,HOME DEPOT MEXICO,245.4,Vivienda
619,2026-06-11,DIDI #5096,171.44,Transporte
619,2026-03-22,TRANSMILENIO,141.5,Transporte
619,2026-02-07,METROBUS CDMX #1243,48.55,Transporte
619,2026-06-07,ARA TIENDA REF510722,88.65,Alimentacion
619,2026-04-27,STEAM VIDEOJUEGOS #459,21.47,Ocio
619,2026-05-19,CARULLA #7941,109.57,Alimentacion
619,2026-04-17,PLATZI CURSO ONLINE,101.37,Educacion
619,2026-06-29,EPS SURA COPAGO #4050 BARRANQUILLA,198.54,Salud
619,2026-02-24,FARMACIA CRUZ VERDE #3971 CALI,298.43,Salud
620,2026-07-27,OXXO #2230 BARRANQUILLA,79.92,Alimentacion
620,2026-02-27,AGENCIA DE VIAJES #1242 CALI,12.0,Ocio
620,2026-04-17,FACTURA CFE,70.17,Servicios
620,2026-02-20,METROBUS CDMX,20.52,Transporte
620,2026-07-08,UBER,120.1,Transporte
620,2026-05-18,CONSULTORIO IMSS #717 PUEBLA REF688048,102.58,Salud
620,2026-07-08,CABIFY #9026 CUCUTA,116.72,Transporte
620,2026-05-18,COOMEVA MEDICINA PREPAGADA,53.27,Salud
620,2026-06-28,EPS SURA COPAGO REF888589,280.8,Salud
620,2026-06-15,NETFLIX,116.82,Ocio
620,2026-02-04,EXITO REF979186,59.4,Alimentacion
620,2026-06-20,WALMART SUPERCENTER #3571 CIUDAD DE MEXICO REF840632,99.3,Alimentacion
620,2026-05-15,SUPERAMA MONTERREY,169.51,Alimentacion
620,2026-06-28,ARA TIENDA #3835,34.88,Alimentacion
620,2026-03-28,RENTA DEPARTAMENTO #673,327.28,Vivienda
620,2026-04-05,TRANSMILENIO,60.22,Transporte
620,2026-03-13,IZZI TELECOM,138.59,Servicios
620,2026-06-02,CINE COLOMBIA CALI,111.56,Ocio
620,2026-05-13,PLATZI CURSO ONLINE,242.44,Educacion
620,2026-02-03,JUMBO #3943,145.29,Alimentacion
620,2026-06-10,DISNEY PLUS,121.34,Ocio
620,2026-05-20,IZZI TELECOM #9703 CALI,140.88,Servicios
621,2026-05-07,FARMACIAS GUADALAJARA #3733 REF671564,268.1,Salud
621,2026-04-19,SUPERMERCADO D1 BARRANQUILLA,235.91,Alimentacion
621,2026-04-28,PEAJE AUTOPISTA,81.45,Transporte
621,2026-06-27,DIDI #7915 REF976274,188.21,Transporte
621,2026-02-11,ADMINISTRACION CONDOMINIO #4015,446.84,Vivienda
621,2026-05-25,CINEPOLIS #3896,105.74,Ocio
621,2026-03-12,CARULLA #8958,121.13,Alimentacion
621,2026-06-24,WALMART SUPERCENTER QUERETARO,39.48,Alimentacion
621,2026-04-17,SUPERAMA #3108,122.77,Alimentacion
621,2026-05-04,SUPERAMA #7483 CUCUTA,128.9,Alimentacion
621,2026-04-06,PAGO MULTA TRANSITO #4696,103.66,Otros
621,2026-05-25,HOME DEPOT MEXICO #802,202.79,Vivienda
621,2026-04-15,HOMECENTER #7469 CUCUTA,645.7,Vivienda
621,2026-04-14,FACTURA CFE,47.96,Servicios
621,2026-06-22,IZZI TELECOM #1139,41.8,Servicios
621,2026-04-08,IZZI TELECOM QUERETARO,86.12,Servicios
621,2026-06-24,FARMATODO #4954,168.1,Salud
621,2026-03-09,EPS SURA COPAGO,140.35,Salud
621,2026-07-06,FACTURA ENERGIA ENEL CODENSA #8986,119.21,Servicios
621,2026-05-08,GASOLINERA PEMEX,113.33,Transporte
621,2026-07-16,ESTACION SERVICIO PRIMAX #2959,131.94,Transporte
621,2026-06-21,ESTACION SERVICIO PRIMAX #9213 QUERETARO REF846486,154.75,Transporte
621,2026-04-12,FARMACIAS GUADALAJARA,22.13,Salud
621,2026-04-06,CABIFY #9611,124.13,Transporte
621,2026-06-04,UBER,186.84,Transporte
622,2026-07-03,RECARGA OXXO,21.09,Otros
622,2026-06-28,RETIRO CAJERO AUTOMATICO,156.1,Otros
622,2026-04-12,PEAJE AUTOPISTA,183.69,Transporte
622,2026-04-09,CHEDRAUI,132.74,Alimentacion
622,2026-04-24,SORIANA,143.69,Alimentacion
622,2026-02-24,FARMATODO #1175,253.2,Salud
622,2026-06-16,JUMBO #6519 QUERETARO,202.03,Alimentacion
622,2026-03-03,ADMINISTRACION CONDOMINIO #573,282.57,Vivienda
622,2026-05-21,PLATZI CURSO ONLINE,31.34,Educacion
622,2026-07-04,ARA TIENDA CARTAGENA,134.72,Alimentacion
622,2026-05-23,MOVISTAR PLAN CELULAR TIJUANA,130.95,Servicios
622,2026-05-05,WALMART SUPERCENTER,242.92,Alimentacion
622,2026-07-17,FARMATODO #5112 CALI,287.52,Salud
622,2026-06-29,BAR RESTAURANTE AMIGOS,114.95,Ocio
622,2026-05-15,PLATZI CURSO ONLINE #3266 MEDELLIN,242.52,Educacion
622,2026-05-20,EPS SURA COPAGO,141.71,Salud
622,2026-04-08,ARA TIENDA #2319,211.46,Alimentacion
622,2026-02-25,SPOTIFY PREMIUM #7941 REF514879,97.48,Ocio
622,2026-07-14,SUPERAMA #2257 REF396300,149.92,Alimentacion
622,2026-02-09,COURSERA CURSO ONLINE #2589,57.75,Educacion
622,2026-02-22,EXITO #2764 PUEBLA,250.78,Alimentacion
622,2026-07-22,SUPERMERCADO D1,128.46,Alimentacion
622,2026-03-06,CINEPOLIS BOGOTA,50.42,Ocio
623,2026-06-15,ESTACION SERVICIO PRIMAX #8125 MONTERREY,47.34,Transporte
623,2026-03-11,DIDI CIUDAD DE MEXICO,91.28,Transporte
623,2026-07-27,BAR RESTAURANTE AMIGOS #6422,96.32,Ocio
623,2026-06-21,UBER #6443 QUERETARO,203.09,Transporte
623,2026-03-10,CINE COLOMBIA #8092,106.16,Ocio
623,2026-07-12,FACTURA ACUEDUCTO,141.95,Servicios
623,2026-05-03,FARMATODO QUERETARO,55.07,Salud
623,2026-02-06,COOMEVA MEDICINA PREPAGADA MEDELLIN REF248240,35.29,Salud
623,2026-03-18,HOME DEPOT MEXICO #4784,428.85,Vivienda
623,2026-07-26,COOMEVA MEDICINA PREPAGADA,97.73,Salud
624,2026-04-01,SPOTIFY PREMIUM #754,78.76,Ocio
624,2026-04-04,SPOTIFY PREMIUM #8511 REF746016,60.41,Ocio
624,2026-07-24,COMBUSTIBLE TERPEL BOGOTA,99.34,Transporte
624,2026-05-18,TELMEX INTERNET HOGAR #7074,63.97,Servicios
624,2026-06-22,MATRICULA UNAM BOGOTA REF398016,31.35,Educacion
624,2026-02-12,CINE COLOMBIA #8103 MONTERREY,70.26,Ocio
624,2026-03-19,METROBUS CDMX #4964 MEDELLIN,77.05,Transporte
624,2026-02-12,PAGO INFONAVIT #8963,150.66,Vivienda
624,2026-04-24,CABIFY #7633 MONTERREY,71.59,Transporte
624,2026-06-08,CONSULTORIO IMSS #9940 REF992535,94.41,Salud
624,2026-03-01,SPOTIFY PREMIUM CUCUTA REF430404,54.18,Ocio
624,2026-03-22,TELMEX INTERNET HOGAR #6700 BOGOTA,32.8,Servicios
624,2026-05-31,METROBUS CDMX #7205,111.54,Transporte
624,2026-07-18,ICETEX CREDITO EDUCATIVO REF290561,284.67,Educacion
624,2026-07-02,CARULLA #9978,173.85,Alimentacion
624,2026-03-23,TELMEX INTERNET HOGAR,123.51,Servicios
624,2026-06-05,DAVIPLATA #3260,86.84,Otros
624,2026-04-15,FACTURA CFE,85.08,Servicios
624,2026-06-22,FACTURA ENERGIA ENEL CODENSA CUCUTA,124.4,Servicios
624,2026-06-15,PAGO INFONAVIT #3533,363.85,Vivienda
624,2026-04-03,ARA TIENDA #5438,192.42,Alimentacion
624,2026-02-15,TELMEX INTERNET HOGAR,73.67,Servicios
624,2026-06-23,OXXO,118.61,Alimentacion
624,2026-04-03,BODEGA AURRERA #7330,207.65,Alimentacion
624,2026-03-25,AGENCIA DE VIAJES #262,26.85,Ocio
624,2026-06-28,CHEDRAUI #745,98.03,Alimentacion
625,2026-05-30,BAR RESTAURANTE AMIGOS #5180,103.33,Ocio
625,2026-03-27,COMBUSTIBLE TERPEL #1175,82.9,Transporte
625,2026-02-16,ARRIENDO APARTAMENTO #8684 QUERETARO,644.38,Vivienda
625,2026-06-09,ARA TIENDA REF991786,164.4,Alimentacion
625,2026-02-10,EXITO #6004,113.84,Alimentacion
625,2026-04-21,OXXO #9188 CALI,227.24,Alimentacion
625,2026-06-06,CARULLA,199.77,Alimentacion
625,2026-06-11,DEPOSITO BANCO AZTECA REF647053,137.38,Otros
625,2026-04-24,WALMART SUPERCENTER #9450 REF834446,61.0,Alimentacion
625,2026-04-18,CINE COLOMBIA,63.54,Ocio
625,2026-06-14,COOMEVA MEDICINA PREPAGADA,260.62,Salud
625,2026-05-12,COMBUSTIBLE TERPEL #218 CUCUTA,110.81,Transporte
625,2026-06-14,FACTURA ACUEDUCTO,107.27,Servicios
625,2026-06-02,GASOLINERA PEMEX,127.59,Transporte
625,2026-03-11,CABIFY #5914 REF263560,178.47,Transporte
625,2026-02-20,UBER #3739,66.91,Transporte
625,2026-03-12,SPOTIFY PREMIUM,76.93,Ocio
625,2026-03-01,EPS SURA COPAGO #803 GUADALAJARA,50.12,Salud
625,2026-02-16,ARA TIENDA #5870,189.45,Alimentacion
625,2026-06-23,FARMACIAS DEL AHORRO BARRANQUILLA,223.61,Salud
625,2026-03-24,TRANSMILENIO CARTAGENA,18.57,Transporte
626,2026-05-24,DEPOSITO BANCO AZTECA #7370 CUCUTA,135.53,Otros
626,2026-04-22,SORIANA #5980 REF796307,211.3,Alimentacion
626,2026-02-08,WALMART SUPERCENTER REF895915,167.83,Alimentacion
626,2026-04-30,ICETEX CREDITO EDUCATIVO,33.51,Educacion
626,2026-06-20,PAGO INFONAVIT #9964,615.51,Vivienda
626,2026-03-25,RENTA DEPARTAMENTO #7233,493.12,Vivienda
626,2026-06-15,CINE COLOMBIA #6471 BOGOTA REF783799,9.27,Ocio
626,2026-07-08,AGENCIA DE VIAJES,107.35,Ocio
626,2026-05-01,JUMBO #8201,62.07,Alimentacion
626,2026-07-16,CARULLA BOGOTA,160.6,Alimentacion
626,2026-06-22,TRANSFERENCIA NEQUI #5367,89.33,Otros
626,2026-07-24,METROBUS CDMX #1892 REF264129,93.97,Transporte
626,2026-07-21,RENTA DEPARTAMENTO TIJUANA,594.86,Vivienda
626,2026-07-31,DAVIPLATA TIJUANA,84.35,Otros
626,2026-07-16,FARMATODO #7639,36.47,Salud
626,2026-06-11,PAGO MULTA TRANSITO,170.93,Otros
626,2026-02-03,BAR RESTAURANTE AMIGOS #5335 CALI,120.07,Ocio
626,2026-07-05,COURSERA CURSO ONLINE #4833,281.66,Educacion
626,2026-04-22,CINE COLOMBIA #2832 REF940912,63.49,Ocio
627,2026-02-27,UBER MEDELLIN,42.1,Transporte
627,2026-02-02,HOME DEPOT MEXICO #5239 BARRANQUILLA,188.46,Vivienda
627,2026-07-12,SORIANA #5383,63.32,Alimentacion
627,2026-03-14,PAGO INFONAVIT #1372,507.74,Vivienda
627,2026-06-05,FACTURA ENERGIA ENEL CODENSA REF690272,124.21,Servicios
627,2026-04-04,COMBUSTIBLE TERPEL,100.51,Transporte
627,2026-04-25,COURSERA CURSO ONLINE #7197 CARTAGENA,214.96,Educacion
627,2026-03-11,TRANSFERENCIA NEQUI #9563,15.55,Otros
627,2026-06-21,CARULLA CARTAGENA,28.02,Alimentacion
627,2026-07-29,CARULLA,76.97,Alimentacion
628,2026-07-10,FACTURA CFE #1255,114.37,Servicios
628,2026-02-26,EXITO #584,143.37,Alimentacion
628,2026-06-26,STEAM VIDEOJUEGOS #5305,97.33,Ocio
628,2026-07-02,COURSERA CURSO ONLINE #4873 CUCUTA,365.23,Educacion
628,2026-03-02,RETIRO CAJERO AUTOMATICO,166.58,Otros
628,2026-06-28,PEAJE AUTOPISTA #2305 TIJUANA,117.02,Transporte
628,2026-04-21,CONSULTORIO IMSS,160.78,Salud
628,2026-06-05,SUPERMERCADO D1 #9849 TIJUANA,79.08,Alimentacion
628,2026-07-28,FARMACIA CRUZ VERDE #6940 REF249413,281.7,Salud
628,2026-03-07,PEAJE AUTOPISTA #2749,101.58,Transporte
628,2026-06-23,STEAM VIDEOJUEGOS,20.95,Ocio
628,2026-06-22,TRANSFERENCIA NEQUI #6269 BOGOTA,83.56,Otros
629,2026-04-27,COMBUSTIBLE TERPEL REF234431,198.7,Transporte
629,2026-03-03,FARMACIAS GUADALAJARA #868,235.41,Salud
629,2026-05-18,CLARO HOGAR INTERNET TIJUANA,128.25,Servicios
629,2026-05-06,IZZI TELECOM BOGOTA,64.53,Servicios
629,2026-07-03,ESTACION SERVICIO PRIMAX #5515 BARRANQUILLA REF994168,162.17,Transporte
629,2026-03-08,ESTACION SERVICIO PRIMAX,107.07,Transporte
629,2026-05-25,FARMACIAS DEL AHORRO #9406,72.31,Salud
629,2026-06-24,RETIRO CAJERO AUTOMATICO #5032,31.15,Otros
629,2026-04-19,CINEPOLIS #8321,48.13,Ocio
629,2026-07-17,SUPERAMA #8752,45.76,Alimentacion
629,2026-07-08,PAGO MULTA TRANSITO #9181 REF535732,179.71,Otros
629,2026-04-12,DISNEY PLUS REF487598,11.15,Ocio
629,2026-06-11,RENTA DEPARTAMENTO REF530846,370.57,Vivienda
629,2026-05-02,CABIFY,100.42,Transporte
629,2026-03-22,ARRIENDO APARTAMENTO #5394,300.32,Vivienda
629,2026-03-04,STEAM VIDEOJUEGOS,76.42,Ocio
629,2026-05-14,STEAM VIDEOJUEGOS,23.75,Ocio
629,2026-06-12,OXXO #4945 MEDELLIN REF918942,213.82,Alimentacion
629,2026-05-15,MATRICULA UNAM REF211321,149.67,Educacion
629,2026-06-27,TRANSMILENIO #2247 REF402156,128.27,Transporte
629,2026-03-07,FACTURA ENERGIA ENEL CODENSA #1747,111.61,Servicios
629,2026-05-15,PEAJE AUTOPISTA #344 REF635413,187.81,Transporte
629,2026-03-01,COMBUSTIBLE TERPEL CARTAGENA REF382427,177.16,Transporte
629,2026-06-12,ARA TIENDA #3911,168.16,Alimentacion
630,2026-06-10,HOMECENTER BOGOTA,451.42,Vivienda
630,2026-04-17,WALMART SUPERCENTER,269.95,Alimentacion
630,2026-04-19,MOVISTAR PLAN CELULAR,81.55,Servicios
630,2026-03-25,EXITO,64.21,Alimentacion
630,2026-03-05,EXITO,52.34,Alimentacion
630,2026-05-02,FARMACIAS DEL AHORRO #3559,27.07,Salud
630,2026-04-20,METROBUS CDMX #1291,121.76,Transporte
630,2026-07-13,MOVISTAR PLAN CELULAR PUEBLA,88.52,Servicios
630,2026-07-10,FACTURA ACUEDUCTO #212 REF690958,42.71,Servicios
631,2026-07-02,OXXO #8086,209.95,Alimentacion
631,2026-04-10,UBER #8599,143.55,Transporte
631,2026-05-20,FARMACIAS SIMILARES #1414,258.61,Salud
631,2026-05-19,PLATZI CURSO ONLINE #5761,377.21,Educacion
631,2026-02-28,CHEDRAUI,160.8,Alimentacion
631,2026-07-02,CINEPOLIS CALI,34.68,Ocio
631,2026-04-29,NETFLIX,54.83,Ocio
631,2026-05-09,GASOLINERA PEMEX,161.66,Transporte
632,2026-07-10,CHEDRAUI #5090,139.91,Alimentacion
632,2026-05-25,EXITO #6188 BARRANQUILLA REF863852,204.15,Alimentacion
632,2026-06-01,GASOLINERA PEMEX #3557 CALI,122.53,Transporte
632,2026-06-14,DISNEY PLUS #1725 PUEBLA,15.41,Ocio
632,2026-07-23,DISNEY PLUS #3771 BOGOTA,28.2,Ocio
632,2026-06-22,SPOTIFY PREMIUM #1461 REF252610,32.42,Ocio
632,2026-07-10,DIDI #9160 CALI,61.57,Transporte
632,2026-06-15,OXXO,157.0,Alimentacion
632,2026-02-03,CARULLA,141.03,Alimentacion
632,2026-07-24,EPS SURA COPAGO REF405498,72.9,Salud
632,2026-03-17,FACTURA ACUEDUCTO REF966848,24.12,Servicios
632,2026-05-24,TRANSMILENIO GUADALAJARA,44.29,Transporte
632,2026-05-12,SPOTIFY PREMIUM GUADALAJARA,128.05,Ocio
632,2026-02-14,CHEDRAUI #2758,131.82,Alimentacion
632,2026-03-29,PAGO MULTA TRANSITO CALI,157.45,Otros
632,2026-02-28,TELMEX INTERNET HOGAR,129.58,Servicios
633,2026-07-21,BODEGA AURRERA #969 MEDELLIN,211.02,Alimentacion
633,2026-05-16,CARULLA #1838,35.98,Alimentacion
633,2026-06-03,CHEDRAUI,239.11,Alimentacion
633,2026-07-31,NETFLIX #2033,43.03,Ocio
633,2026-07-17,CHEDRAUI,180.14,Alimentacion
633,2026-03-05,TELCEL PLAN CELULAR,80.81,Servicios
633,2026-07-03,ESTACION SERVICIO PRIMAX,83.26,Transporte
633,2026-07-18,AGENCIA DE VIAJES #4297 CIUDAD DE MEXICO,85.68,Ocio
633,2026-03-19,PEAJE AUTOPISTA #9101,199.5,Transporte
633,2026-06-27,CINEPOLIS,10.16,Ocio
633,2026-03-23,COMBUSTIBLE TERPEL,193.77,Transporte
633,2026-05-18,UBER #7028,131.82,Transporte
633,2026-04-09,CABIFY #3008,171.46,Transporte
633,2026-05-23,ADMINISTRACION CONJUNTO RESIDENCIAL REF978667,341.94,Vivienda
633,2026-07-09,CHEDRAUI,132.68,Alimentacion
633,2026-03-21,SORIANA,235.9,Alimentacion
633,2026-05-05,DIDI #5438,92.97,Transporte
634,2026-03-24,AGENCIA DE VIAJES #4833,77.83,Ocio
634,2026-06-16,COURSERA CURSO ONLINE QUERETARO,78.74,Educacion
634,2026-04-01,EPS SURA COPAGO #3127,141.94,Salud
634,2026-04-01,EXITO #5821 CUCUTA,102.32,Alimentacion
634,2026-03-24,PAGO INFONAVIT #8851,397.83,Vivienda
634,2026-03-25,CARULLA MONTERREY,236.29,Alimentacion
634,2026-07-02,DISNEY PLUS #5784,101.98,Ocio
634,2026-04-06,FARMATODO REF492351,38.94,Salud
634,2026-07-03,MOVISTAR PLAN CELULAR BOGOTA REF199787,135.19,Servicios
634,2026-06-22,RECARGA OXXO MONTERREY,90.2,Otros
634,2026-07-29,IZZI TELECOM,115.42,Servicios
634,2026-02-20,ARA TIENDA #5977 CARTAGENA,46.41,Alimentacion
634,2026-02-11,WALMART SUPERCENTER MONTERREY,184.39,Alimentacion
634,2026-02-25,FACTURA CFE #7479 MEDELLIN,46.9,Servicios
634,2026-04-13,SPOTIFY PREMIUM #5397 REF737983,59.8,Ocio
634,2026-07-02,FARMACIA CRUZ VERDE,19.81,Salud
634,2026-03-11,RETIRO CAJERO AUTOMATICO #4503,35.77,Otros
634,2026-05-30,WALMART SUPERCENTER,33.94,Alimentacion
634,2026-04-30,FARMACIAS GUADALAJARA #7436,83.33,Salud
634,2026-05-23,JUMBO REF871065,36.0,Alimentacion
634,2026-06-22,CONSULTORIO IMSS,212.19,Salud
634,2026-07-25,DISNEY PLUS #7588 REF100450,8.63,Ocio
634,2026-02-28,HOME DEPOT MEXICO #6275 REF621379,458.87,Vivienda
634,2026-05-06,AGENCIA DE VIAJES #1900,22.59,Ocio
634,2026-06-19,UBER #6055 MEDELLIN,199.03,Transporte
634,2026-02-14,FACTURA ACUEDUCTO #8575 CALI,140.97,Servicios
635,2026-02-04,TELMEX INTERNET HOGAR #1439 REF945443,25.37,Servicios
635,2026-04-01,GASOLINERA PEMEX CUCUTA,88.59,Transporte
635,2026-07-20,COURSERA CURSO ONLINE CIUDAD DE MEXICO,276.22,Educacion
635,2026-05-08,CHEDRAUI #6251 REF937502,132.17,Alimentacion
635,2026-06-03,ADMINISTRACION CONJUNTO RESIDENCIAL #2123,341.86,Vivienda
635,2026-02-18,BAR RESTAURANTE AMIGOS,19.89,Ocio
635,2026-03-07,ADMINISTRACION CONJUNTO RESIDENCIAL #7140 CIUDAD DE MEXICO,272.47,Vivienda
635,2026-06-19,JUMBO PUEBLA REF711019,36.04,Alimentacion
635,2026-05-22,ESTACION SERVICIO PRIMAX #5327,171.5,Transporte
635,2026-07-25,CHEDRAUI #1054,45.16,Alimentacion
635,2026-03-05,UBER REF611504,129.07,Transporte
635,2026-05-03,CINEPOLIS #7820,47.84,Ocio
635,2026-05-06,FARMACIAS DEL AHORRO #9836,79.4,Salud
635,2026-05-11,ICETEX CREDITO EDUCATIVO #8823,264.8,Educacion
635,2026-04-09,PEAJE AUTOPISTA #2155 BOGOTA,101.4,Transporte
635,2026-02-11,DIDI #1228,90.03,Transporte
636,2026-06-06,DISNEY PLUS,8.34,Ocio
636,2026-06-01,SUPERAMA #2604,131.13,Alimentacion
636,2026-02-25,IZZI TELECOM #7657,22.79,Servicios
636,2026-02-26,FARMACIAS GUADALAJARA #3837 REF774067,68.13,Salud
636,2026-06-29,BODEGA AURRERA #9124,155.73,Alimentacion
636,2026-05-21,BAR RESTAURANTE AMIGOS CUCUTA,113.27,Ocio
636,2026-03-30,SPOTIFY PREMIUM #2537 REF440763,115.35,Ocio
636,2026-02-19,ESTACION SERVICIO PRIMAX REF553991,23.99,Transporte
636,2026-07-30,SORIANA REF649842,118.97,Alimentacion
636,2026-02-26,STEAM VIDEOJUEGOS #675 REF757467,77.88,Ocio
636,2026-03-06,TELCEL PLAN CELULAR #8055,34.85,Servicios
636,2026-04-06,COOMEVA MEDICINA PREPAGADA #207,233.15,Salud
636,2026-07-03,ARA TIENDA GUADALAJARA,203.5,Alimentacion
636,2026-04-15,OXXO,244.87,Alimentacion
636,2026-07-06,FACTURA ACUEDUCTO #3153 CALI,16.15,Servicios
636,2026-02-21,DISNEY PLUS,32.09,Ocio
636,2026-04-18,PAGO INFONAVIT MEDELLIN REF765054,563.59,Vivienda
636,2026-05-16,NETFLIX,88.82,Ocio
637,2026-06-04,JUMBO #9665,176.49,Alimentacion
637,2026-06-02,COMBUSTIBLE TERPEL,103.66,Transporte
637,2026-07-22,UBER REF311776,181.6,Transporte
637,2026-07-02,CHEDRAUI #9362 REF692691,99.02,Alimentacion
637,2026-02-28,CINE COLOMBIA #2120 REF243663,38.33,Ocio
637,2026-07-15,PAGO MULTA TRANSITO,177.43,Otros
637,2026-05-29,TELMEX INTERNET HOGAR #1631 CALI,138.0,Servicios
637,2026-02-10,SUPERMERCADO D1 REF327709,17.54,Alimentacion
637,2026-03-19,CLARO HOGAR INTERNET #8222,119.05,Servicios
637,2026-05-02,RENTA DEPARTAMENTO GUADALAJARA REF467130,205.17,Vivienda
637,2026-03-05,COOMEVA MEDICINA PREPAGADA #3518,22.83,Salud
637,2026-07-27,METROBUS CDMX,64.74,Transporte
637,2026-04-02,CINEPOLIS #8488,38.67,Ocio
637,2026-06-05,MOVISTAR PLAN CELULAR,125.61,Servicios
637,2026-06-20,STEAM VIDEOJUEGOS CALI REF431807,93.83,Ocio
637,2026-05-26,JUMBO REF958452,265.22,Alimentacion
637,2026-03-03,ADMINISTRACION CONDOMINIO MONTERREY,505.76,Vivienda
637,2026-05-19,MOVISTAR PLAN CELULAR #3567 REF792023,71.46,Servicios
637,2026-06-27,CINE COLOMBIA,92.37,Ocio
637,2026-06-14,COOMEVA MEDICINA PREPAGADA #1930 BARRANQUILLA REF517270,299.85,Salud
637,2026-07-30,FARMACIAS GUADALAJARA,217.39,Salud
637,2026-07-21,EXITO REF387708,208.04,Alimentacion
637,2026-06-28,FARMACIA CRUZ VERDE #7770,282.43,Salud
637,2026-03-25,OXXO PUEBLA REF356505,39.55,Alimentacion
637,2026-07-03,SPOTIFY PREMIUM #8497 PUEBLA,93.1,Ocio
638,2026-07-14,JUMBO CARTAGENA,76.97,Alimentacion
638,2026-07-11,TELCEL PLAN CELULAR,60.02,Servicios
638,2026-05-08,COMBUSTIBLE TERPEL,98.3,Transporte
638,2026-06-14,ESTACION SERVICIO PRIMAX #3846 MEDELLIN,115.84,Transporte
638,2026-03-21,SPOTIFY PREMIUM #3906,61.17,Ocio
638,2026-06-19,CLARO HOGAR INTERNET #6677 QUERETARO,81.58,Servicios
638,2026-06-02,FARMACIAS SIMILARES #4525 REF723086,100.1,Salud
638,2026-04-09,BAR RESTAURANTE AMIGOS #2826,24.87,Ocio
638,2026-07-29,TRANSFERENCIA NEQUI #7888,18.05,Otros
638,2026-06-19,JUMBO REF821641,60.95,Alimentacion
638,2026-05-24,TELMEX INTERNET HOGAR REF843901,93.56,Servicios
638,2026-04-06,HOME DEPOT MEXICO,543.06,Vivienda
638,2026-05-12,ESTACION SERVICIO PRIMAX #8032,43.85,Transporte
638,2026-04-24,EPS SURA COPAGO,45.94,Salud
638,2026-07-13,UBER #4335 PUEBLA REF132715,159.86,Transporte
638,2026-06-01,FARMACIAS GUADALAJARA MONTERREY REF113075,101.97,Salud
638,2026-05-23,SUPERMERCADO D1 #8410 BARRANQUILLA,257.39,Alimentacion
638,2026-03-07,PLATZI CURSO ONLINE #3383 TIJUANA REF547108,292.87,Educacion
638,2026-04-22,COMBUSTIBLE TERPEL PUEBLA,75.35,Transporte
638,2026-03-06,PLATZI CURSO ONLINE #6142 GUADALAJARA REF795288,133.58,Educacion
639,2026-05-21,MATRICULA UNIVERSIDAD NACIONAL,277.57,Educacion
639,2026-07-21,DISNEY PLUS BARRANQUILLA,57.96,Ocio
639,2026-07-26,DISNEY PLUS REF671307,68.86,Ocio
639,2026-07-18,CHEDRAUI,65.67,Alimentacion
639,2026-03-06,EXITO,153.46,Alimentacion
639,2026-05-27,RENTA DEPARTAMENTO QUERETARO,639.58,Vivienda
639,2026-04-19,ADMINISTRACION CONDOMINIO #5039 TIJUANA REF220585,186.72,Vivienda
639,2026-04-06,DISNEY PLUS,40.49,Ocio
639,2026-02-23,COLEGIATURA COLEGIO PRIVADO #4907,116.12,Educacion
639,2026-06-10,TRANSMILENIO REF798277,59.71,Transporte
639,2026-03-02,TELMEX INTERNET HOGAR #6697 QUERETARO,66.13,Servicios
639,2026-07-22,ESTACION SERVICIO PRIMAX #5326,173.62,Transporte
639,2026-03-28,WALMART SUPERCENTER #7627 REF489256,247.34,Alimentacion
639,2026-07-22,SUPERAMA,62.58,Alimentacion
639,2026-03-21,CLARO HOGAR INTERNET,88.3,Servicios
640,2026-03-31,PEAJE AUTOPISTA,90.24,Transporte
640,2026-04-27,CINE COLOMBIA,104.45,Ocio
640,2026-06-03,FACTURA ACUEDUCTO,118.09,Servicios
640,2026-05-01,SUPERMERCADO D1 #2310 REF575488,44.84,Alimentacion
640,2026-06-09,DIDI,27.7,Transporte
640,2026-06-08,BODEGA AURRERA REF256340,246.12,Alimentacion
640,2026-04-15,TRANSMILENIO,117.1,Transporte
640,2026-06-25,OXXO #5536,233.03,Alimentacion
640,2026-03-02,UBER #479 QUERETARO,21.63,Transporte
641,2026-03-03,METROBUS CDMX #6554,197.78,Transporte
641,2026-07-03,FACTURA ENERGIA ENEL CODENSA QUERETARO,149.02,Servicios
641,2026-07-02,DISNEY PLUS #282,124.9,Ocio
641,2026-05-31,GASOLINERA PEMEX,11.19,Transporte
641,2026-02-20,PEAJE AUTOPISTA,19.54,Transporte
641,2026-04-27,DIDI,39.52,Transporte
641,2026-05-26,PLATZI CURSO ONLINE MONTERREY,155.82,Educacion
641,2026-04-01,ADMINISTRACION CONDOMINIO BARRANQUILLA REF188545,564.96,Vivienda
641,2026-03-13,TRANSMILENIO TIJUANA,188.53,Transporte
641,2026-06-05,COMBUSTIBLE TERPEL BOGOTA REF476105,47.37,Transporte
641,2026-06-15,UBER REF570908,133.93,Transporte
641,2026-05-17,WALMART SUPERCENTER TIJUANA,248.51,Alimentacion
641,2026-03-08,RETIRO CAJERO AUTOMATICO,88.83,Otros
641,2026-04-08,CINE COLOMBIA,17.94,Ocio
641,2026-07-10,FARMATODO #461,145.48,Salud
641,2026-05-14,FACTURA ENERGIA ENEL CODENSA #2757 TIJUANA REF472045,65.73,Servicios
641,2026-02-02,CHEDRAUI CUCUTA,160.19,Alimentacion
641,2026-07-06,PAGO MULTA TRANSITO #2352,84.57,Otros
641,2026-03-04,RETIRO CAJERO AUTOMATICO MONTERREY REF429521,12.95,Otros
641,2026-06-25,ADMINISTRACION CONJUNTO RESIDENCIAL #3817,647.0,Vivienda
641,2026-02-02,PEAJE AUTOPISTA CIUDAD DE MEXICO,118.71,Transporte
641,2026-03-05,TELCEL PLAN CELULAR,78.94,Servicios
641,2026-07-14,RETIRO CAJERO AUTOMATICO #1667 REF582060,172.28,Otros
641,2026-04-28,FACTURA ENERGIA ENEL CODENSA REF894272,36.04,Servicios
641,2026-02-12,WALMART SUPERCENTER,59.2,Alimentacion
642,2026-06-01,CLARO HOGAR INTERNET #2895,84.8,Servicios
642,2026-05-11,GASOLINERA PEMEX,49.34,Transporte
642,2026-07-18,ADMINISTRACION CONJUNTO RESIDENCIAL,528.92,Vivienda
642,2026-05-12,TELCEL PLAN CELULAR #8737 REF756212,101.56,Servicios
642,2026-02-08,METROBUS CDMX,194.72,Transporte
642,2026-02-27,SORIANA,213.58,Alimentacion
642,2026-02-23,TRANSFERENCIA MERCADO PAGO,40.73,Otros
642,2026-03-08,TELCEL PLAN CELULAR QUERETARO,123.02,Servicios
642,2026-05-21,MOVISTAR PLAN CELULAR BARRANQUILLA,101.63,Servicios
642,2026-03-10,ICETEX CREDITO EDUCATIVO,275.86,Educacion
642,2026-07-10,OXXO #8529 REF481167,226.39,Alimentacion
642,2026-04-10,PAGO MULTA TRANSITO #9832 TIJUANA,107.55,Otros
642,2026-07-26,CHEDRAUI CIUDAD DE MEXICO,131.16,Alimentacion
642,2026-04-17,BAR RESTAURANTE AMIGOS #2215,84.58,Ocio
643,2026-06-08,SUPERMERCADO D1 #1076 TIJUANA REF811087,104.16,Alimentacion
643,2026-02-24,ESTACION SERVICIO PRIMAX,160.46,Transporte
643,2026-06-06,CINE COLOMBIA,51.9,Ocio
643,2026-06-23,CINEPOLIS #7729,65.75,Ocio
643,2026-05-16,OXXO,115.84,Alimentacion
643,2026-02-02,BAR RESTAURANTE AMIGOS #9824,86.32,Ocio
643,2026-05-28,CLARO HOGAR INTERNET #5030 CUCUTA,63.08,Servicios
643,2026-05-04,FARMATODO REF779190,289.67,Salud
643,2026-04-27,EPS SURA COPAGO CIUDAD DE MEXICO,281.8,Salud
644,2026-07-27,SUPERMERCADO D1 #8628,196.25,Alimentacion
644,2026-07-11,PAGO MULTA TRANSITO #3360,179.64,Otros
644,2026-03-23,TRANSMILENIO TIJUANA,79.7,Transporte
644,2026-06-08,CINEPOLIS PUEBLA REF306228,109.12,Ocio
644,2026-06-15,CHEDRAUI #435,191.39,Alimentacion
644,2026-03-25,FARMATODO,212.05,Salud
644,2026-05-08,FARMACIAS SIMILARES #3595,107.86,Salud
644,2026-06-01,EPS SURA COPAGO,238.9,Salud
644,2026-07-29,TRANSFERENCIA MERCADO PAGO,163.06,Otros
644,2026-04-26,TELCEL PLAN CELULAR,44.5,Servicios
644,2026-03-16,WALMART SUPERCENTER #7862 QUERETARO REF962862,172.63,Alimentacion
644,2026-05-03,TRANSMILENIO,88.43,Transporte
644,2026-05-12,CINEPOLIS,128.69,Ocio
644,2026-02-16,COURSERA CURSO ONLINE CUCUTA,204.56,Educacion
644,2026-07-27,TRANSMILENIO QUERETARO,55.66,Transporte
645,2026-03-26,FARMACIAS DEL AHORRO #8579 REF378682,298.12,Salud
645,2026-05-13,EPS SURA COPAGO #9007 CIUDAD DE MEXICO,214.14,Salud
645,2026-04-26,BAR RESTAURANTE AMIGOS,25.29,Ocio
645,2026-06-24,DISNEY PLUS #8296,6.55,Ocio
645,2026-07-17,NETFLIX QUERETARO,26.41,Ocio
645,2026-07-28,TRANSMILENIO,177.64,Transporte
645,2026-05-07,FARMACIAS GUADALAJARA #5952,21.17,Salud
645,2026-03-16,ESTACION SERVICIO PRIMAX CUCUTA,56.63,Transporte
645,2026-06-18,GASOLINERA PEMEX #5095 TIJUANA,161.46,Transporte
645,2026-07-29,WALMART SUPERCENTER QUERETARO REF766806,162.39,Alimentacion
645,2026-05-14,COURSERA CURSO ONLINE #507,318.53,Educacion
645,2026-07-23,FARMATODO #5297,227.65,Salud
645,2026-05-01,FACTURA ACUEDUCTO #6603,21.83,Servicios
645,2026-05-23,CHEDRAUI,242.05,Alimentacion
645,2026-06-27,DIDI #9139 GUADALAJARA,55.41,Transporte
645,2026-03-26,TELMEX INTERNET HOGAR,89.71,Servicios
645,2026-07-26,EXITO #2083,177.51,Alimentacion
645,2026-04-05,MATRICULA UNAM,88.24,Educacion
645,2026-04-03,PAGO MULTA TRANSITO REF707167,175.96,Otros
645,2026-04-09,METROBUS CDMX #5788,107.63,Transporte
645,2026-04-24,FACTURA CFE TIJUANA,22.78,Servicios
645,2026-06-10,MATRICULA UNAM CALI,376.47,Educacion
645,2026-03-10,CABIFY,127.25,Transporte
645,2026-02-13,ESTACION SERVICIO PRIMAX,149.84,Transporte
646,2026-07-06,TRANSMILENIO REF471573,25.32,Transporte
646,2026-04-02,WALMART SUPERCENTER,193.54,Alimentacion
646,2026-02-11,ARA TIENDA,112.35,Alimentacion
646,2026-05-04,STEAM VIDEOJUEGOS #948,39.08,Ocio
646,2026-05-16,ARA TIENDA #1791 CUCUTA,10.88,Alimentacion
646,2026-04-20,RECARGA OXXO #8999,132.37,Otros
646,2026-07-30,CABIFY BARRANQUILLA,176.76,Transporte
646,2026-04-18,TELMEX INTERNET HOGAR CARTAGENA REF871910,68.33,Servicios
646,2026-04-08,WALMART SUPERCENTER #810 GUADALAJARA,156.7,Alimentacion
646,2026-04-30,CLARO HOGAR INTERNET #2989,45.74,Servicios
646,2026-02-23,STEAM VIDEOJUEGOS #2582,82.77,Ocio
646,2026-07-11,RECARGA OXXO,12.06,Otros
646,2026-04-14,AGENCIA DE VIAJES REF651717,66.08,Ocio
646,2026-07-05,CINEPOLIS REF452544,85.53,Ocio
646,2026-04-29,TELCEL PLAN CELULAR #9218 BARRANQUILLA,138.96,Servicios
646,2026-07-31,COOMEVA MEDICINA PREPAGADA,123.68,Salud
646,2026-04-12,SUPERAMA QUERETARO,208.95,Alimentacion
646,2026-02-03,SUPERAMA #6101 BOGOTA,165.4,Alimentacion
646,2026-06-22,TRANSMILENIO #5992 BARRANQUILLA,195.4,Transporte
646,2026-05-17,EPS SURA COPAGO BOGOTA,128.54,Salud
646,2026-03-28,OXXO #9088,92.96,Alimentacion
646,2026-06-17,DAVIPLATA,160.81,Otros
647,2026-04-10,SUPERMERCADO D1,20.54,Alimentacion
647,2026-05-27,PEAJE AUTOPISTA #8654,141.23,Transporte
647,2026-06-28,EXITO #4923,228.93,Alimentacion
647,2026-04-13,RETIRO CAJERO AUTOMATICO REF304426,132.46,Otros
647,2026-05-19,UBER #456,175.99,Transporte
647,2026-07-02,RETIRO CAJERO AUTOMATICO #2951 REF588695,44.09,Otros
647,2026-06-23,ESTACION SERVICIO PRIMAX,187.78,Transporte
647,2026-07-04,EXITO,93.77,Alimentacion
648,2026-07-14,ESTACION SERVICIO PRIMAX #3372,189.57,Transporte
648,2026-03-16,TRANSMILENIO #7653,39.92,Transporte
648,2026-04-18,TELMEX INTERNET HOGAR,126.51,Servicios
648,2026-05-20,SORIANA,85.74,Alimentacion
648,2026-06-14,FARMACIAS SIMILARES BOGOTA,245.45,Salud
648,2026-06-26,BODEGA AURRERA #2077,249.27,Alimentacion
648,2026-06-14,FARMACIAS DEL AHORRO CALI,136.84,Salud
648,2026-07-26,ESTACION SERVICIO PRIMAX #9168,83.01,Transporte
648,2026-07-29,SUPERMERCADO D1 REF197289,218.58,Alimentacion
649,2026-07-05,ARA TIENDA REF799694,75.15,Alimentacion
649,2026-03-11,NETFLIX #3917,96.74,Ocio
649,2026-07-31,EXITO,84.01,Alimentacion
649,2026-04-04,METROBUS CDMX,73.56,Transporte
649,2026-03-14,BODEGA AURRERA #3204 BOGOTA,90.6,Alimentacion
649,2026-06-18,PAGO INFONAVIT,523.95,Vivienda
649,2026-06-08,SORIANA,154.77,Alimentacion
649,2026-03-23,IZZI TELECOM #2538,134.2,Servicios
649,2026-03-23,JUMBO BARRANQUILLA,89.92,Alimentacion
650,2026-04-24,CARULLA #697 PUEBLA,102.48,Alimentacion
650,2026-06-17,RECARGA OXXO CIUDAD DE MEXICO,64.76,Otros
650,2026-05-20,SORIANA #9885 REF202939,188.47,Alimentacion
650,2026-05-29,STEAM VIDEOJUEGOS #9708,31.98,Ocio
650,2026-02-17,TRANSMILENIO,151.88,Transporte
650,2026-07-21,FACTURA CFE #5144,141.23,Servicios
650,2026-04-12,PEAJE AUTOPISTA #6521 BARRANQUILLA,123.04,Transporte
650,2026-04-12,NETFLIX #7834 REF671538,81.43,Ocio
650,2026-07-18,MATRICULA UNAM #749,50.85,Educacion
650,2026-07-23,WALMART SUPERCENTER #5063,234.76,Alimentacion
650,2026-05-11,SPOTIFY PREMIUM REF123701,40.68,Ocio
650,2026-03-24,UBER REF205184,133.01,Transporte
650,2026-02-02,JUMBO,264.57,Alimentacion
650,2026-07-21,DISNEY PLUS REF673372,79.44,Ocio
651,2026-02-21,RECARGA OXXO,87.78,Otros
651,2026-04-04,DISNEY PLUS REF918766,47.6,Ocio
651,2026-03-17,DIDI,103.56,Transporte
651,2026-04-14,DAVIPLATA #8707,62.94,Otros
651,2026-06-01,FARMACIAS SIMILARES #954 CIUDAD DE MEXICO REF113530,139.86,Salud
651,2026-07-28,COMBUSTIBLE TERPEL,81.78,Transporte
651,2026-07-07,RENTA DEPARTAMENTO,433.1,Vivienda
651,2026-02-13,FACTURA CFE #7700 REF415837,47.12,Servicios
651,2026-02-09,NETFLIX REF414733,128.58,Ocio
651,2026-02-17,GASOLINERA PEMEX #2324,110.17,Transporte
651,2026-05-30,METROBUS CDMX #1634,48.83,Transporte
651,2026-06-03,ADMINISTRACION CONDOMINIO,388.53,Vivienda
651,2026-03-02,SORIANA GUADALAJARA REF169257,235.27,Alimentacion
651,2026-02-04,STEAM VIDEOJUEGOS #2058 MEDELLIN,7.73,Ocio
651,2026-02-20,ARA TIENDA #8892,186.68,Alimentacion
651,2026-06-30,TRANSMILENIO MEDELLIN,119.59,Transporte
651,2026-04-16,BAR RESTAURANTE AMIGOS #3086 REF239247,26.19,Ocio
651,2026-04-20,JUMBO #8508,222.54,Alimentacion
651,2026-06-30,SPOTIFY PREMIUM #9764,51.11,Ocio
651,2026-04-01,ARA TIENDA #5674 PUEBLA REF765954,86.39,Alimentacion
651,2026-07-07,CABIFY #7200,175.63,Transporte
651,2026-06-11,CHEDRAUI,176.02,Alimentacion
651,2026-05-29,METROBUS CDMX,189.65,Transporte
651,2026-02-23,DEPOSITO BANCO AZTECA #2482 REF352032,117.08,Otros
651,2026-02-19,HOME DEPOT MEXICO MEDELLIN,520.41,Vivienda
652,2026-06-18,FACTURA ACUEDUCTO #1613,114.35,Servicios
652,2026-07-01,PEAJE AUTOPISTA #3587 CALI REF868983,119.3,Transporte
652,2026-03-16,MATRICULA UNIVERSIDAD NACIONAL,382.59,Educacion
652,2026-04-03,DISNEY PLUS BARRANQUILLA,27.89,Ocio
652,2026-07-08,SUPERAMA #4726,167.57,Alimentacion
652,2026-06-12,BODEGA AURRERA,65.01,Alimentacion
652,2026-04-03,JUMBO #3626 REF162499,169.66,Alimentacion
652,2026-03-13,SPOTIFY PREMIUM,95.33,Ocio
652,2026-07-10,CINEPOLIS MONTERREY,95.29,Ocio
652,2026-07-06,METROBUS CDMX #3604,173.01,Transporte
652,2026-06-06,FARMACIA CRUZ VERDE #8505,258.26,Salud
652,2026-07-13,TRANSMILENIO #7920,25.45,Transporte
652,2026-04-28,COMBUSTIBLE TERPEL REF390331,78.65,Transporte
653,2026-07-09,FARMACIA CRUZ VERDE #8036,131.17,Salud
653,2026-07-07,EXITO #3196 PUEBLA,16.88,Alimentacion
653,2026-06-23,SUPERAMA REF941438,25.1,Alimentacion
653,2026-07-03,MOVISTAR PLAN CELULAR,130.59,Servicios
653,2026-03-18,METROBUS CDMX #4806,202.12,Transporte
653,2026-05-14,TELMEX INTERNET HOGAR #9330,107.94,Servicios
653,2026-02-04,STEAM VIDEOJUEGOS #255,50.55,Ocio
653,2026-07-05,FACTURA ENERGIA ENEL CODENSA #3829 BOGOTA,141.71,Servicios
653,2026-02-20,EPS SURA COPAGO,203.9,Salud
653,2026-06-19,COURSERA CURSO ONLINE REF187780,341.63,Educacion
653,2026-07-31,DEPOSITO BANCO AZTECA BOGOTA,140.19,Otros
653,2026-02-28,TELMEX INTERNET HOGAR,66.18,Servicios
653,2026-07-25,COOMEVA MEDICINA PREPAGADA #1638,151.43,Salud
653,2026-03-12,SPOTIFY PREMIUM #5838 TIJUANA,28.27,Ocio
654,2026-03-28,DISNEY PLUS,15.81,Ocio
654,2026-02-23,IZZI TELECOM #5541 BARRANQUILLA,22.69,Servicios
654,2026-07-01,PEAJE AUTOPISTA,84.87,Transporte
654,2026-02-08,COMBUSTIBLE TERPEL #9419 QUERETARO,102.76,Transporte
654,2026-05-03,NETFLIX CALI,81.14,Ocio
654,2026-04-12,SORIANA #5606 TIJUANA,11.69,Alimentacion
654,2026-05-04,UBER #4634,207.94,Transporte
654,2026-06-27,FACTURA ACUEDUCTO,64.13,Servicios
654,2026-02-14,MOVISTAR PLAN CELULAR,129.49,Servicios
654,2026-03-22,MATRICULA UNIVERSIDAD NACIONAL GUADALAJARA,225.61,Educacion
654,2026-03-18,HOME DEPOT MEXICO #2436,215.22,Vivienda
654,2026-03-07,COMBUSTIBLE TERPEL #6876 QUERETARO,169.51,Transporte
654,2026-04-20,COOMEVA MEDICINA PREPAGADA #1154,217.3,Salud
654,2026-06-21,DIDI #8797 CIUDAD DE MEXICO,115.49,Transporte
654,2026-04-17,CONSULTORIO IMSS QUERETARO,161.65,Salud
654,2026-07-02,FARMATODO #9334,39.93,Salud
654,2026-03-03,SUPERAMA #8282 REF658505,180.52,Alimentacion
654,2026-05-29,BAR RESTAURANTE AMIGOS #393 TIJUANA,118.91,Ocio
654,2026-03-11,EXITO,34.24,Alimentacion
654,2026-04-26,OXXO #2406 MONTERREY,78.51,Alimentacion
655,2026-04-18,GASOLINERA PEMEX REF470694,19.71,Transporte
655,2026-02-12,PAGO MULTA TRANSITO REF824146,136.53,Otros
655,2026-05-30,FACTURA ENERGIA ENEL CODENSA,115.72,Servicios
655,2026-04-01,OXXO #8164,184.39,Alimentacion
655,2026-06-15,GASOLINERA PEMEX CARTAGENA REF961727,138.73,Transporte
655,2026-04-18,SPOTIFY PREMIUM,35.46,Ocio
655,2026-02-23,FARMACIA CRUZ VERDE #7933 REF840445,21.37,Salud
655,2026-05-14,PAGO INFONAVIT #2505,554.36,Vivienda
655,2026-03-19,BODEGA AURRERA #6695 REF276688,137.7,Alimentacion
656,2026-02-05,CLARO HOGAR INTERNET #9443,139.03,Servicios
656,2026-04-01,JUMBO #5957 MEDELLIN,243.16,Alimentacion
656,2026-03-17,SORIANA #9430,249.2,Alimentacion
656,2026-05-06,ICETEX CREDITO EDUCATIVO #7113,365.4,Educacion
656,2026-07-15,HOMECENTER #6014,413.61,Vivienda
656,2026-06-21,COMBUSTIBLE TERPEL,53.88,Transporte
656,2026-02-06,BODEGA AURRERA TIJUANA,217.49,Alimentacion
656,2026-04-28,WALMART SUPERCENTER,65.57,Alimentacion
656,2026-04-14,TRANSMILENIO,63.44,Transporte
656,2026-02-13,SPOTIFY PREMIUM #2941 REF999969,34.16,Ocio
656,2026-04-01,METROBUS CDMX,113.0,Transporte
656,2026-02-09,CHEDRAUI REF997133,93.68,Alimentacion
656,2026-05-29,CHEDRAUI REF932984,50.08,Alimentacion
656,2026-07-21,MOVISTAR PLAN CELULAR #7808 TIJUANA,76.18,Servicios
656,2026-07-17,PLATZI CURSO ONLINE #1150,352.72,Educacion
656,2026-02-14,SORIANA #229,158.34,Alimentacion
656,2026-07-10,FACTURA CFE #6267 BARRANQUILLA,133.58,Servicios
656,2026-06-12,DIDI #8467,49.17,Transporte
656,2026-05-29,COMBUSTIBLE TERPEL CIUDAD DE MEXICO,43.39,Transporte
656,2026-06-03,CINEPOLIS #7878 MONTERREY,76.95,Ocio
656,2026-07-03,TRANSFERENCIA NEQUI REF169440,88.77,Otros
656,2026-03-18,BAR RESTAURANTE AMIGOS REF507336,87.52,Ocio
656,2026-02-17,CARULLA #7326,216.6,Alimentacion
656,2026-05-16,COMBUSTIBLE TERPEL,160.26,Transporte
657,2026-07-15,COMBUSTIBLE TERPEL,89.31,Transporte
657,2026-06-30,DISNEY PLUS #164 REF223621,18.9,Ocio
657,2026-07-30,FACTURA ENERGIA ENEL CODENSA,19.3,Servicios
657,2026-04-18,FARMACIA CRUZ VERDE REF256938,202.19,Salud
657,2026-07-22,FARMACIAS SIMILARES #4698,188.92,Salud
657,2026-05-17,FACTURA CFE,110.63,Servicios
657,2026-02-22,FARMACIAS GUADALAJARA BOGOTA REF338779,203.21,Salud
657,2026-02-07,TELMEX INTERNET HOGAR CIUDAD DE MEXICO,30.43,Servicios
658,2026-06-10,DISNEY PLUS #2103,47.66,Ocio
658,2026-05-14,IZZI TELECOM #5715,145.49,Servicios
658,2026-05-09,DIDI REF834077,128.83,Transporte
658,2026-05-24,FACTURA CFE,123.16,Servicios
658,2026-07-06,SPOTIFY PREMIUM #9480,38.07,Ocio
658,2026-03-17,STEAM VIDEOJUEGOS #2896,31.26,Ocio
658,2026-05-08,RETIRO CAJERO AUTOMATICO MEDELLIN,143.27,Otros
658,2026-07-28,FACTURA ACUEDUCTO,107.59,Servicios
658,2026-04-05,COMBUSTIBLE TERPEL REF338308,146.2,Transporte
658,2026-07-12,ESTACION SERVICIO PRIMAX #2891,120.53,Transporte
658,2026-07-22,OXXO,156.53,Alimentacion
658,2026-04-28,EXITO #1515,201.28,Alimentacion
658,2026-06-26,DAVIPLATA,55.9,Otros
658,2026-02-22,TRANSFERENCIA NEQUI #5025 QUERETARO,69.97,Otros
658,2026-05-22,TRANSFERENCIA MERCADO PAGO,158.18,Otros
658,2026-06-22,EXITO,90.3,Alimentacion
658,2026-03-05,CLARO HOGAR INTERNET,88.75,Servicios
658,2026-02-04,FARMACIAS SIMILARES #289,215.25,Salud
659,2026-03-10,WALMART SUPERCENTER #8976,237.82,Alimentacion
659,2026-07-23,ADMINISTRACION CONDOMINIO #5045,591.89,Vivienda
659,2026-06-05,SORIANA #9038,38.21,Alimentacion
659,2026-05-11,GASOLINERA PEMEX REF455612,95.67,Transporte
659,2026-05-23,TRANSMILENIO REF778854,102.94,Transporte
659,2026-03-29,CARULLA #8330,264.18,Alimentacion
659,2026-03-18,PLATZI CURSO ONLINE REF621260,279.25,Educacion
659,2026-04-26,SUPERMERCADO D1 #9611,115.88,Alimentacion
659,2026-06-30,NETFLIX #9182 REF473291,8.26,Ocio
659,2026-02-22,FACTURA ACUEDUCTO #9642,91.33,Servicios
659,2026-05-01,SUPERAMA,34.98,Alimentacion
659,2026-03-25,DISNEY PLUS #4164 REF447186,109.31,Ocio
659,2026-03-18,PEAJE AUTOPISTA #4326,160.5,Transporte
659,2026-03-19,MOVISTAR PLAN CELULAR,77.17,Servicios
659,2026-06-16,EXITO REF449533,121.59,Alimentacion
659,2026-07-27,ESTACION SERVICIO PRIMAX,189.47,Transporte
659,2026-02-13,FACTURA ENERGIA ENEL CODENSA BOGOTA,53.94,Servicios
659,2026-06-05,SUPERAMA #1705 REF511740,74.75,Alimentacion
659,2026-03-24,BODEGA AURRERA #9122,254.19,Alimentacion
659,2026-02-26,ICETEX CREDITO EDUCATIVO #712 REF254666,328.47,Educacion
659,2026-07-13,STEAM VIDEOJUEGOS REF628573,107.58,Ocio
659,2026-06-19,DIDI,49.04,Transporte
659,2026-03-11,PAGO MULTA TRANSITO #9203,34.36,Otros
660,2026-04-25,SUPERAMA #8969 BOGOTA,265.62,Alimentacion
660,2026-05-28,PEAJE AUTOPISTA,58.96,Transporte
660,2026-06-28,CINEPOLIS CUCUTA REF240343,52.05,Ocio
660,2026-05-20,SUPERMERCADO D1 #9170 CALI,88.28,Alimentacion
660,2026-06-29,OXXO,38.5,Alimentacion
660,2026-05-30,AGENCIA DE VIAJES,66.24,Ocio
660,2026-06-20,DEPOSITO BANCO AZTECA #955,74.38,Otros
660,2026-02-02,COMBUSTIBLE TERPEL #9262,148.98,Transporte
660,2026-02-26,COMBUSTIBLE TERPEL #7502,173.52,Transporte
660,2026-02-16,SUPERAMA #9410 QUERETARO,151.5,Alimentacion
660,2026-03-20,CARULLA #1470,18.37,Alimentacion
660,2026-07-23,HOME DEPOT MEXICO #3012,459.46,Vivienda
661,2026-06-06,ESTACION SERVICIO PRIMAX #9579 REF262501,71.02,Transporte
661,2026-05-08,AGENCIA DE VIAJES TIJUANA,78.33,Ocio
661,2026-04-07,SUPERMERCADO D1 #6989,247.85,Alimentacion
661,2026-05-19,FARMACIAS SIMILARES #7423,106.39,Salud
661,2026-07-05,CLARO HOGAR INTERNET REF612927,125.7,Servicios
661,2026-05-29,SUPERAMA #9482,12.46,Alimentacion
661,2026-04-12,OXXO REF632754,10.95,Alimentacion
661,2026-02-14,FARMACIA CRUZ VERDE #2187 MEDELLIN,231.52,Salud
661,2026-05-21,SUPERMERCADO D1 #7473 MONTERREY,207.98,Alimentacion
661,2026-05-12,METROBUS CDMX #5432,167.8,Transporte
661,2026-02-19,FACTURA CFE #2195,140.55,Servicios
661,2026-07-15,COMBUSTIBLE TERPEL,33.58,Transporte
661,2026-04-27,JUMBO,70.32,Alimentacion
661,2026-04-28,RETIRO CAJERO AUTOMATICO,163.63,Otros
662,2026-02-14,CABIFY,114.07,Transporte
662,2026-02-02,SUPERMERCADO D1 #2885,231.61,Alimentacion
662,2026-04-14,FARMACIAS DEL AHORRO CARTAGENA,216.65,Salud
662,2026-06-20,IZZI TELECOM CUCUTA,98.95,Servicios
662,2026-07-10,OXXO,138.97,Alimentacion
662,2026-06-20,BODEGA AURRERA #7192,87.66,Alimentacion
662,2026-07-12,PAGO MULTA TRANSITO #5732 QUERETARO,30.27,Otros
662,2026-07-04,STEAM VIDEOJUEGOS,56.13,Ocio
662,2026-02-19,CLARO HOGAR INTERNET #8627,18.85,Servicios
662,2026-05-30,WALMART SUPERCENTER #5749 TIJUANA,64.87,Alimentacion
662,2026-05-26,PAGO MULTA TRANSITO #3967 MONTERREY,83.52,Otros
662,2026-06-29,NETFLIX GUADALAJARA,57.33,Ocio
662,2026-04-16,RECARGA OXXO #330 MEDELLIN REF556279,17.53,Otros
663,2026-02-02,MATRICULA UNIVERSIDAD NACIONAL #8450 CARTAGENA,51.59,Educacion
663,2026-06-04,CINE COLOMBIA,100.94,Ocio
663,2026-03-28,TRANSFERENCIA MERCADO PAGO #2531 MEDELLIN,22.11,Otros
663,2026-02-24,DIDI #4430,194.42,Transporte
663,2026-02-14,CARULLA #2859,23.25,Alimentacion
663,2026-02-09,CONSULTORIO IMSS,151.61,Salud
663,2026-07-30,PAGO INFONAVIT GUADALAJARA,511.52,Vivienda
663,2026-07-05,ADMINISTRACION CONJUNTO RESIDENCIAL #145,346.62,Vivienda
663,2026-03-28,ICETEX CREDITO EDUCATIVO #5755,106.46,Educacion
663,2026-05-19,CHEDRAUI #2664,207.36,Alimentacion
663,2026-05-05,CARULLA,213.92,Alimentacion
664,2026-02-08,METROBUS CDMX,160.21,Transporte
664,2026-05-03,BODEGA AURRERA CALI,98.31,Alimentacion
664,2026-06-10,MATRICULA UNAM #8865,185.56,Educacion
664,2026-02-09,RECARGA OXXO #1834,78.62,Otros
664,2026-04-19,SUPERMERCADO D1 #4014,195.29,Alimentacion
664,2026-06-17,METROBUS CDMX #807 REF622862,193.56,Transporte
664,2026-05-14,CHEDRAUI REF440297,183.36,Alimentacion
664,2026-03-28,NETFLIX #2919,63.95,Ocio
664,2026-03-20,DIDI,165.84,Transporte
664,2026-07-03,CHEDRAUI,176.65,Alimentacion
664,2026-03-07,COURSERA CURSO ONLINE,47.73,Educacion
664,2026-06-30,FACTURA CFE #5877 CUCUTA REF305461,27.91,Servicios
664,2026-07-03,SUPERAMA,19.86,Alimentacion
664,2026-03-09,EPS SURA COPAGO #2201,145.19,Salud
664,2026-06-23,BODEGA AURRERA #5011,224.72,Alimentacion
664,2026-03-03,COOMEVA MEDICINA PREPAGADA #3122 MEDELLIN,104.23,Salud
665,2026-03-03,CARULLA REF650576,37.82,Alimentacion
665,2026-03-27,RETIRO CAJERO AUTOMATICO #6564,59.74,Otros
665,2026-06-06,ICETEX CREDITO EDUCATIVO #8428,231.92,Educacion
665,2026-05-10,FACTURA ENERGIA ENEL CODENSA #9569 CUCUTA,23.64,Servicios
665,2026-06-25,BODEGA AURRERA,45.42,Alimentacion
665,2026-07-12,TELCEL PLAN CELULAR MONTERREY REF613254,39.45,Servicios
665,2026-04-19,CONSULTORIO IMSS #2115,195.11,Salud
665,2026-06-05,CHEDRAUI,170.11,Alimentacion
665,2026-06-19,PEAJE AUTOPISTA QUERETARO,120.15,Transporte
665,2026-07-13,BODEGA AURRERA CUCUTA,75.13,Alimentacion
665,2026-07-18,AGENCIA DE VIAJES #9076,51.39,Ocio
665,2026-05-10,FACTURA ENERGIA ENEL CODENSA,28.05,Servicios
665,2026-05-14,BAR RESTAURANTE AMIGOS,33.31,Ocio
665,2026-02-07,AGENCIA DE VIAJES #8884,117.21,Ocio
665,2026-02-10,CARULLA,264.72,Alimentacion
665,2026-02-18,CLARO HOGAR INTERNET QUERETARO,102.43,Servicios
666,2026-04-26,CINE COLOMBIA,90.33,Ocio
666,2026-07-09,CLARO HOGAR INTERNET,49.13,Servicios
666,2026-03-20,MATRICULA UNIVERSIDAD NACIONAL REF408799,171.99,Educacion
666,2026-02-06,PAGO MULTA TRANSITO #3197 CALI,119.81,Otros
666,2026-02-27,FARMACIAS GUADALAJARA #1118 MONTERREY,139.4,Salud
666,2026-02-14,MATRICULA UNAM #9426 REF553874,118.95,Educacion
666,2026-03-19,EXITO #6759,96.96,Alimentacion
666,2026-03-09,ARA TIENDA #7361,98.8,Alimentacion
667,2026-05-20,FARMACIAS SIMILARES #9532 MEDELLIN,52.56,Salud
667,2026-07-13,SUPERMERCADO D1 PUEBLA,41.78,Alimentacion
667,2026-05-06,TELMEX INTERNET HOGAR,81.69,Servicios
667,2026-02-13,OXXO #262,81.87,Alimentacion
667,2026-04-08,MOVISTAR PLAN CELULAR #9812 PUEBLA,91.78,Servicios
667,2026-06-07,PEAJE AUTOPISTA MEDELLIN,100.33,Transporte
667,2026-02-07,MOVISTAR PLAN CELULAR #7756 GUADALAJARA,73.72,Servicios
667,2026-05-22,SUPERAMA QUERETARO,39.11,Alimentacion
667,2026-03-16,EPS SURA COPAGO #2936 PUEBLA,55.2,Salud
667,2026-04-04,FACTURA ENERGIA ENEL CODENSA,125.85,Servicios
667,2026-06-28,RECARGA OXXO,160.6,Otros
667,2026-05-22,SORIANA,71.02,Alimentacion
667,2026-03-03,OXXO CARTAGENA REF475187,39.5,Alimentacion
667,2026-03-07,DISNEY PLUS REF241680,11.68,Ocio
667,2026-07-04,FACTURA ACUEDUCTO,97.12,Servicios
667,2026-06-21,METROBUS CDMX #7325,153.07,Transporte
667,2026-04-10,JUMBO #7152,106.93,Alimentacion
667,2026-07-30,FACTURA CFE,106.76,Servicios
667,2026-02-02,WALMART SUPERCENTER #6372,195.37,Alimentacion
667,2026-05-03,MATRICULA UNIVERSIDAD NACIONAL #2301,375.75,Educacion
667,2026-02-04,SORIANA #705,26.87,Alimentacion
667,2026-02-03,BAR RESTAURANTE AMIGOS,29.04,Ocio
667,2026-06-17,TELCEL PLAN CELULAR REF962936,24.25,Servicios
667,2026-02-04,SPOTIFY PREMIUM,113.5,Ocio
667,2026-03-26,BAR RESTAURANTE AMIGOS #4279 CUCUTA,104.07,Ocio
667,2026-04-09,ARA TIENDA #709,159.41,Alimentacion
668,2026-07-19,FACTURA ENERGIA ENEL CODENSA #8373,24.85,Servicios
668,2026-02-14,HOME DEPOT MEXICO #7730 REF503277,515.38,Vivienda
668,2026-02-08,CINE COLOMBIA #1538 CARTAGENA,42.39,Ocio
668,2026-02-15,SUPERMERCADO D1 REF771228,127.62,Alimentacion
668,2026-02-10,PEAJE AUTOPISTA GUADALAJARA REF580585,35.53,Transporte
668,2026-05-14,CHEDRAUI,218.66,Alimentacion
668,2026-06-05,BAR RESTAURANTE AMIGOS REF967616,75.69,Ocio
668,2026-05-12,PEAJE AUTOPISTA CIUDAD DE MEXICO REF583404,190.32,Transporte
668,2026-03-31,TRANSFERENCIA MERCADO PAGO,94.23,Otros
668,2026-03-11,FACTURA ENERGIA ENEL CODENSA #2648,142.09,Servicios
668,2026-06-01,ADMINISTRACION CONDOMINIO #6563 CARTAGENA,595.93,Vivienda
668,2026-06-18,ESTACION SERVICIO PRIMAX REF101203,125.29,Transporte
668,2026-03-07,CARULLA #2305 BOGOTA,252.81,Alimentacion
668,2026-06-13,ADMINISTRACION CONJUNTO RESIDENCIAL,311.54,Vivienda
668,2026-06-23,METROBUS CDMX,83.13,Transporte
668,2026-06-18,CINE COLOMBIA BOGOTA REF313651,10.68,Ocio
668,2026-06-26,STEAM VIDEOJUEGOS #2417 BOGOTA,78.65,Ocio
668,2026-07-26,CARULLA #5069,197.7,Alimentacion
668,2026-02-26,PEAJE AUTOPISTA GUADALAJARA,164.7,Transporte
668,2026-03-04,SUPERMERCADO D1 REF520549,48.95,Alimentacion
668,2026-07-20,FACTURA ENERGIA ENEL CODENSA,74.96,Servicios
668,2026-02-22,CLARO HOGAR INTERNET #2883,38.88,Servicios
669,2026-06-07,SUPERAMA QUERETARO,16.24,Alimentacion
669,2026-04-09,CINE COLOMBIA,66.82,Ocio
669,2026-02-25,ESTACION SERVICIO PRIMAX,26.91,Transporte
669,2026-05-08,OXXO #4892 TIJUANA REF927969,266.19,Alimentacion
669,2026-03-17,ADMINISTRACION CONJUNTO RESIDENCIAL #4419,444.06,Vivienda
669,2026-05-12,TRANSFERENCIA NEQUI,53.61,Otros
669,2026-05-23,PLATZI CURSO ONLINE #3997 MONTERREY,236.39,Educacion
669,2026-04-28,SUPERMERCADO D1 #6344 REF292239,29.99,Alimentacion
669,2026-07-14,EXITO,217.97,Alimentacion
669,2026-02-24,AGENCIA DE VIAJES #3251,120.67,Ocio
669,2026-02-14,CABIFY CALI,184.89,Transporte
669,2026-02-25,PLATZI CURSO ONLINE #8157 TIJUANA,153.16,Educacion
669,2026-02-20,HOME DEPOT MEXICO #6303,312.88,Vivienda
669,2026-05-06,IZZI TELECOM TIJUANA,19.74,Servicios
669,2026-04-11,COMBUSTIBLE TERPEL #2904 REF266346,140.28,Transporte
669,2026-07-31,FARMACIAS SIMILARES GUADALAJARA,167.45,Salud
669,2026-02-07,PAGO MULTA TRANSITO #2718,88.09,Otros
669,2026-02-10,COLEGIATURA COLEGIO PRIVADO REF108886,365.36,Educacion
669,2026-06-17,BODEGA AURRERA #1562 MONTERREY REF694913,53.65,Alimentacion
669,2026-03-18,EPS SURA COPAGO #160 MONTERREY,17.75,Salud
669,2026-06-20,SPOTIFY PREMIUM #4856 MONTERREY,14.16,Ocio
669,2026-04-22,GASOLINERA PEMEX,54.67,Transporte
669,2026-04-29,JUMBO,18.65,Alimentacion
669,2026-07-09,TRANSMILENIO GUADALAJARA,110.57,Transporte
669,2026-07-18,GASOLINERA PEMEX #2966,72.82,Transporte
670,2026-03-18,HOME DEPOT MEXICO,405.91,Vivienda
670,2026-05-18,HOMECENTER #6738 BARRANQUILLA,616.93,Vivienda
670,2026-03-23,RENTA DEPARTAMENTO #5212,168.68,Vivienda
670,2026-05-18,CABIFY REF211693,110.05,Transporte
670,2026-07-16,CARULLA,232.15,Alimentacion
670,2026-05-30,NETFLIX REF854053,78.5,Ocio
670,2026-07-28,JUMBO #3628 REF839602,81.99,Alimentacion
670,2026-03-13,CABIFY #5833 REF226846,89.54,Transporte
670,2026-06-16,FARMATODO,208.88,Salud
670,2026-03-08,FACTURA ACUEDUCTO #4676,135.26,Servicios
670,2026-02-19,FARMACIA CRUZ VERDE #7707,26.7,Salud
670,2026-03-27,SPOTIFY PREMIUM,13.94,Ocio
670,2026-07-05,CHEDRAUI #5051 REF893492,94.51,Alimentacion
670,2026-06-25,PEAJE AUTOPISTA #1985 REF513048,56.56,Transporte
671,2026-03-09,FACTURA ACUEDUCTO #3362,117.02,Servicios
671,2026-05-11,BODEGA AURRERA #5106 QUERETARO REF863739,215.32,Alimentacion
671,2026-07-29,DIDI #2395 CALI,30.95,Transporte
671,2026-06-26,DEPOSITO BANCO AZTECA,152.17,Otros
671,2026-05-16,DIDI #803,91.64,Transporte
671,2026-02-28,METROBUS CDMX #722,62.56,Transporte
671,2026-05-18,BAR RESTAURANTE AMIGOS CIUDAD DE MEXICO,76.97,Ocio
671,2026-02-27,ARA TIENDA,223.77,Alimentacion
671,2026-05-11,TRANSFERENCIA MERCADO PAGO,142.37,Otros
671,2026-05-02,FARMACIA CRUZ VERDE #6627,268.65,Salud
671,2026-05-09,PLATZI CURSO ONLINE CUCUTA,373.05,Educacion
671,2026-05-01,WALMART SUPERCENTER QUERETARO REF322399,71.91,Alimentacion
671,2026-05-06,RETIRO CAJERO AUTOMATICO #8395,82.06,Otros
671,2026-04-17,JUMBO #1142 REF760805,13.8,Alimentacion
671,2026-07-05,BODEGA AURRERA,238.62,Alimentacion
671,2026-03-22,METROBUS CDMX #6120,40.91,Transporte
671,2026-05-25,TELCEL PLAN CELULAR #2022,131.3,Servicios
672,2026-02-11,EXITO,16.64,Alimentacion
672,2026-02-16,CABIFY #9040,91.27,Transporte
672,2026-04-30,COURSERA CURSO ONLINE REF656180,36.77,Educacion
672,2026-06-12,ESTACION SERVICIO PRIMAX #8911,84.18,Transporte
672,2026-04-04,SUPERAMA #4942 REF434763,54.89,Alimentacion
672,2026-03-04,NETFLIX #7662 MEDELLIN REF898854,36.53,Ocio
672,2026-07-20,CABIFY,185.52,Transporte
672,2026-07-29,SORIANA,123.37,Alimentacion
672,2026-03-11,CABIFY,64.76,Transporte
672,2026-04-13,WALMART SUPERCENTER,163.23,Alimentacion
672,2026-05-10,COURSERA CURSO ONLINE #9473,78.29,Educacion
673,2026-07-16,SPOTIFY PREMIUM #4462 QUERETARO,19.48,Ocio
673,2026-02-07,SPOTIFY PREMIUM #1807,46.83,Ocio
673,2026-06-05,PAGO MULTA TRANSITO #3727,64.32,Otros
673,2026-02-15,EXITO BARRANQUILLA,49.31,Alimentacion
673,2026-02-23,EXITO CARTAGENA REF970984,220.68,Alimentacion
673,2026-06-03,PEAJE AUTOPISTA,161.98,Transporte
673,2026-04-18,JUMBO MONTERREY,135.95,Alimentacion
673,2026-03-30,CINEPOLIS #2563 PUEBLA,72.22,Ocio
673,2026-03-04,FARMACIAS SIMILARES #2461,31.97,Salud
673,2026-06-07,DIDI BOGOTA REF855687,121.1,Transporte
673,2026-05-13,FACTURA ENERGIA ENEL CODENSA #1957 REF738014,121.83,Servicios
673,2026-07-02,MOVISTAR PLAN CELULAR REF249289,92.47,Servicios
673,2026-05-26,BODEGA AURRERA #317 REF817453,78.98,Alimentacion
673,2026-05-11,CLARO HOGAR INTERNET BOGOTA,105.12,Servicios
673,2026-04-07,TRANSMILENIO CALI,82.3,Transporte
673,2026-05-10,ARA TIENDA PUEBLA,151.67,Alimentacion
673,2026-02-18,DAVIPLATA #3297 CIUDAD DE MEXICO,92.89,Otros
673,2026-04-22,FARMACIAS SIMILARES BOGOTA,123.63,Salud
673,2026-07-26,FARMACIAS GUADALAJARA,219.88,Salud
673,2026-04-07,FACTURA ENERGIA ENEL CODENSA #7980,134.32,Servicios
673,2026-05-22,ESTACION SERVICIO PRIMAX #3082,11.04,Transporte
673,2026-05-14,DAVIPLATA #443,168.71,Otros
673,2026-06-12,SUPERMERCADO D1 MEDELLIN,142.99,Alimentacion
673,2026-07-01,STEAM VIDEOJUEGOS #1703 MEDELLIN,92.59,Ocio
673,2026-04-17,FACTURA ACUEDUCTO #8751 CARTAGENA,130.51,Servicios
673,2026-02-19,TELCEL PLAN CELULAR,78.06,Servicios
674,2026-02-10,UBER #3257 REF515375,188.49,Transporte
674,2026-03-21,STEAM VIDEOJUEGOS #9941 MONTERREY,85.47,Ocio
674,2026-06-06,EXITO #4457,146.63,Alimentacion
674,2026-02-14,CHEDRAUI #9844,96.16,Alimentacion
674,2026-02-16,FACTURA ENERGIA ENEL CODENSA,147.3,Servicios
674,2026-02-23,ESTACION SERVICIO PRIMAX,73.94,Transporte
674,2026-03-09,RETIRO CAJERO AUTOMATICO CALI REF752250,136.51,Otros
674,2026-05-15,COMBUSTIBLE TERPEL,116.4,Transporte
674,2026-05-06,COMBUSTIBLE TERPEL #460 REF871521,131.7,Transporte
674,2026-06-08,DEPOSITO BANCO AZTECA #2475,76.89,Otros
674,2026-03-10,SUPERAMA,260.85,Alimentacion
674,2026-05-14,FARMATODO #7265,177.93,Salud
674,2026-02-04,FARMACIAS DEL AHORRO #2220 CALI,282.27,Salud
674,2026-05-17,EPS SURA COPAGO #9271,17.16,Salud
674,2026-02-02,DIDI CIUDAD DE MEXICO REF688940,124.53,Transporte
674,2026-04-13,DEPOSITO BANCO AZTECA #404 REF592774,131.92,Otros
674,2026-06-05,FARMACIAS GUADALAJARA REF381016,227.35,Salud
674,2026-07-17,FARMATODO,272.92,Salud
674,2026-02-22,UBER BOGOTA,10.88,Transporte
674,2026-07-02,GASOLINERA PEMEX #4105 GUADALAJARA,10.07,Transporte
674,2026-07-09,FARMACIA CRUZ VERDE,149.6,Salud
674,2026-07-15,CINE COLOMBIA,8.66,Ocio
674,2026-04-23,RECARGA OXXO #4088,175.67,Otros
674,2026-03-25,CARULLA REF223315,67.74,Alimentacion
674,2026-02-21,IZZI TELECOM #2726,78.81,Servicios
675,2026-03-19,FACTURA ACUEDUCTO,43.06,Servicios
675,2026-05-18,METROBUS CDMX QUERETARO,118.96,Transporte
675,2026-02-13,COMBUSTIBLE TERPEL #6050,207.46,Transporte
675,2026-03-07,COMBUSTIBLE TERPEL #8128,168.4,Transporte
675,2026-04-30,EXITO #3213,268.28,Alimentacion
675,2026-07-08,AGENCIA DE VIAJES,126.04,Ocio
675,2026-05-17,SUPERMERCADO D1 #8092 CARTAGENA,137.28,Alimentacion
675,2026-04-06,DIDI #4335,149.28,Transporte
675,2026-05-24,MOVISTAR PLAN CELULAR,29.91,Servicios
675,2026-03-03,CINE COLOMBIA,60.14,Ocio
675,2026-05-18,FACTURA CFE REF882441,124.22,Servicios
675,2026-07-10,COMBUSTIBLE TERPEL #1883 QUERETARO,111.07,Transporte
675,2026-03-02,TELCEL PLAN CELULAR,109.86,Servicios
675,2026-02-12,DEPOSITO BANCO AZTECA REF516905,136.78,Otros
675,2026-04-12,RECARGA OXXO #2385,53.09,Otros
675,2026-03-15,CINE COLOMBIA #6320 BOGOTA REF803299,114.46,Ocio
676,2026-06-17,SPOTIFY PREMIUM,73.5,Ocio
676,2026-07-24,OXXO REF837488,109.29,Alimentacion
676,2026-06-29,AGENCIA DE VIAJES #6622 GUADALAJARA,106.23,Ocio
676,2026-06-27,COMBUSTIBLE TERPEL #1344,126.89,Transporte
676,2026-03-01,RECARGA OXXO REF812373,76.4,Otros
676,2026-02-20,CINEPOLIS,18.7,Ocio
676,2026-06-17,CARULLA,242.82,Alimentacion
676,2026-03-06,CABIFY,17.09,Transporte
676,2026-04-18,SUPERAMA #4227 TIJUANA,234.43,Alimentacion
676,2026-02-01,MATRICULA UNIVERSIDAD NACIONAL #2801 REF458579,159.99,Educacion
676,2026-05-04,RENTA DEPARTAMENTO #4990,469.67,Vivienda
676,2026-02-05,COOMEVA MEDICINA PREPAGADA #7882,277.83,Salud
676,2026-02-25,BAR RESTAURANTE AMIGOS #4080,23.96,Ocio
676,2026-04-26,BODEGA AURRERA #825,157.41,Alimentacion
676,2026-07-05,MOVISTAR PLAN CELULAR,118.2,Servicios
676,2026-06-06,GASOLINERA PEMEX REF951172,161.52,Transporte
677,2026-03-05,ARRIENDO APARTAMENTO MONTERREY REF286915,367.25,Vivienda
677,2026-04-09,ARA TIENDA CALI,16.36,Alimentacion
677,2026-04-24,EXITO #5993 REF463984,104.28,Alimentacion
677,2026-02-20,CABIFY #1388,35.56,Transporte
677,2026-04-23,AGENCIA DE VIAJES #682,20.18,Ocio
677,2026-03-19,PEAJE AUTOPISTA #3478,66.31,Transporte
677,2026-06-11,BODEGA AURRERA,23.88,Alimentacion
677,2026-02-08,AGENCIA DE VIAJES,91.06,Ocio
677,2026-03-16,CHEDRAUI #5639,29.24,Alimentacion
677,2026-07-06,CARULLA #9865 REF623030,62.86,Alimentacion
677,2026-04-02,MATRICULA UNIVERSIDAD NACIONAL #3543,59.84,Educacion
677,2026-02-04,DEPOSITO BANCO AZTECA #3721 BARRANQUILLA,20.74,Otros
677,2026-05-30,DIDI #8502,63.55,Transporte
677,2026-07-02,BODEGA AURRERA,158.69,Alimentacion
677,2026-03-17,CHEDRAUI #9040 REF893179,260.82,Alimentacion
677,2026-03-14,OXXO #7251,237.64,Alimentacion
677,2026-03-30,SPOTIFY PREMIUM MEDELLIN,114.49,Ocio
678,2026-02-20,CINEPOLIS MEDELLIN,74.59,Ocio
678,2026-03-04,TRANSMILENIO #5673,59.58,Transporte
678,2026-06-27,CHEDRAUI #5243 PUEBLA,73.3,Alimentacion
678,2026-04-17,CONSULTORIO IMSS,297.36,Salud
678,2026-02-25,CINE COLOMBIA #7382 REF155921,99.6,Ocio
678,2026-04-28,CLARO HOGAR INTERNET,127.99,Servicios
678,2026-06-19,BODEGA AURRERA #6677,158.72,Alimentacion
678,2026-07-27,COMBUSTIBLE TERPEL,184.2,Transporte
678,2026-06-06,METROBUS CDMX,139.1,Transporte
678,2026-04-22,ARA TIENDA #546,256.01,Alimentacion
678,2026-06-08,SUPERMERCADO D1,83.15,Alimentacion
678,2026-03-21,CINEPOLIS REF540120,79.41,Ocio
678,2026-04-08,IZZI TELECOM #1318,108.17,Servicios
678,2026-07-01,DEPOSITO BANCO AZTECA MEDELLIN REF805832,76.8,Otros
678,2026-05-02,FACTURA CFE,133.76,Servicios
679,2026-05-19,SUPERMERCADO D1 #8276 MONTERREY REF309969,150.96,Alimentacion
679,2026-05-08,SPOTIFY PREMIUM #5655 GUADALAJARA,7.16,Ocio
679,2026-05-11,IZZI TELECOM MEDELLIN,120.1,Servicios
679,2026-03-26,CINEPOLIS REF270155,46.04,Ocio
679,2026-05-18,WALMART SUPERCENTER,132.72,Alimentacion
679,2026-03-23,OXXO BOGOTA,217.66,Alimentacion
679,2026-06-01,DIDI CUCUTA,19.29,Transporte
679,2026-05-06,BAR RESTAURANTE AMIGOS,24.82,Ocio
679,2026-06-16,EPS SURA COPAGO #5727,128.42,Salud
679,2026-02-21,DIDI,55.99,Transporte
679,2026-03-31,OXXO #3484,97.85,Alimentacion
679,2026-06-17,EPS SURA COPAGO #5759,299.48,Salud
679,2026-05-20,ICETEX CREDITO EDUCATIVO MEDELLIN,334.53,Educacion
679,2026-07-16,SUPERAMA #5575,239.81,Alimentacion
679,2026-07-23,SORIANA TIJUANA REF548085,253.63,Alimentacion
680,2026-05-02,RECARGA OXXO MEDELLIN,50.15,Otros
680,2026-04-05,CINEPOLIS REF649037,52.12,Ocio
680,2026-02-16,FARMACIAS DEL AHORRO,159.41,Salud
680,2026-06-06,PEAJE AUTOPISTA #2204 BOGOTA,115.63,Transporte
680,2026-02-03,METROBUS CDMX REF592764,187.75,Transporte
680,2026-03-08,ESTACION SERVICIO PRIMAX #1387,86.11,Transporte
680,2026-07-30,DISNEY PLUS BARRANQUILLA,118.57,Ocio
680,2026-05-16,PEAJE AUTOPISTA MEDELLIN REF805802,98.27,Transporte
680,2026-02-02,RECARGA OXXO,136.88,Otros
681,2026-07-11,FACTURA CFE BARRANQUILLA REF165335,79.62,Servicios
681,2026-02-08,SORIANA PUEBLA,37.04,Alimentacion
681,2026-04-30,FARMACIAS GUADALAJARA #5255,238.81,Salud
681,2026-05-12,WALMART SUPERCENTER #8498 REF947529,191.26,Alimentacion
681,2026-07-06,UBER,80.93,Transporte
681,2026-02-25,CHEDRAUI BARRANQUILLA REF972216,240.73,Alimentacion
681,2026-04-20,DISNEY PLUS REF529116,126.98,Ocio
681,2026-04-28,CHEDRAUI #4926,155.04,Alimentacion
681,2026-05-07,TELMEX INTERNET HOGAR #7169 MONTERREY,91.37,Servicios
681,2026-06-21,FACTURA ENERGIA ENEL CODENSA #598,55.16,Servicios
681,2026-03-15,BAR RESTAURANTE AMIGOS,78.06,Ocio
682,2026-04-15,DISNEY PLUS REF143427,72.76,Ocio
682,2026-05-20,BODEGA AURRERA,166.43,Alimentacion
682,2026-07-27,SUPERMERCADO D1,168.23,Alimentacion
682,2026-04-23,SUPERAMA #1906,110.93,Alimentacion
682,2026-03-02,ADMINISTRACION CONJUNTO RESIDENCIAL,360.61,Vivienda
682,2026-05-22,DIDI,176.85,Transporte
682,2026-07-09,FARMATODO,150.73,Salud
682,2026-02-13,CARULLA QUERETARO,266.82,Alimentacion
682,2026-06-01,ARRIENDO APARTAMENTO REF895737,369.81,Vivienda
682,2026-02-12,GASOLINERA PEMEX QUERETARO,139.92,Transporte
683,2026-02-18,ESTACION SERVICIO PRIMAX GUADALAJARA REF740088,41.49,Transporte
683,2026-02-21,WALMART SUPERCENTER #715 CIUDAD DE MEXICO,232.6,Alimentacion
683,2026-02-08,WALMART SUPERCENTER #9199 REF120718,246.49,Alimentacion
683,2026-03-06,DAVIPLATA CIUDAD DE MEXICO,86.44,Otros
683,2026-05-27,DISNEY PLUS #5156 MEDELLIN,40.05,Ocio
683,2026-05-06,CONSULTORIO IMSS,55.14,Salud
683,2026-05-24,MOVISTAR PLAN CELULAR #1113,107.31,Servicios
683,2026-04-09,ARA TIENDA #9966,91.18,Alimentacion
683,2026-06-21,ARRIENDO APARTAMENTO,604.77,Vivienda
683,2026-07-25,ARA TIENDA BOGOTA,184.46,Alimentacion
683,2026-02-21,IZZI TELECOM,102.17,Servicios
683,2026-03-16,ARRIENDO APARTAMENTO,429.7,Vivienda
683,2026-03-02,FACTURA ENERGIA ENEL CODENSA #3938,21.18,Servicios
683,2026-07-05,WALMART SUPERCENTER,252.3,Alimentacion
683,2026-02-25,FARMACIA CRUZ VERDE REF124150,193.96,Salud
683,2026-06-09,CINEPOLIS #5394 REF168557,129.26,Ocio
684,2026-03-14,BODEGA AURRERA #2020,212.41,Alimentacion
684,2026-03-03,FARMACIAS GUADALAJARA #1356 GUADALAJARA REF515359,234.48,Salud
684,2026-04-01,COMBUSTIBLE TERPEL #8764,55.26,Transporte
684,2026-02-17,CONSULTORIO IMSS #2690,292.99,Salud
684,2026-05-18,SPOTIFY PREMIUM #5741,129.4,Ocio
684,2026-07-13,SUPERAMA,29.65,Alimentacion
684,2026-03-29,PLATZI CURSO ONLINE #5298,376.17,Educacion
684,2026-04-14,NETFLIX #5027 REF184972,41.18,Ocio
684,2026-07-26,TELCEL PLAN CELULAR CARTAGENA,108.05,Servicios
685,2026-03-04,JUMBO #9959,44.07,Alimentacion
685,2026-07-29,CONSULTORIO IMSS #7099,219.25,Salud
685,2026-04-20,CHEDRAUI,264.95,Alimentacion
685,2026-02-17,RETIRO CAJERO AUTOMATICO #4093,146.77,Otros
685,2026-07-21,COMBUSTIBLE TERPEL #9366,182.0,Transporte
685,2026-03-29,ARA TIENDA #146 MEDELLIN REF473690,103.51,Alimentacion
685,2026-03-24,CONSULTORIO IMSS #8925 TIJUANA,107.59,Salud
685,2026-04-26,COMBUSTIBLE TERPEL,113.41,Transporte
685,2026-07-20,BODEGA AURRERA #3885 REF306349,21.89,Alimentacion
685,2026-05-29,SUPERMERCADO D1 #4191,255.79,Alimentacion
685,2026-05-28,ESTACION SERVICIO PRIMAX #3349,38.76,Transporte
685,2026-02-15,AGENCIA DE VIAJES MEDELLIN,117.88,Ocio
685,2026-06-02,TELMEX INTERNET HOGAR,26.28,Servicios
685,2026-02-09,RETIRO CAJERO AUTOMATICO #4812,149.85,Otros
685,2026-06-24,COMBUSTIBLE TERPEL #7220,40.39,Transporte
685,2026-03-10,GASOLINERA PEMEX,17.63,Transporte
685,2026-03-28,OXXO #9812 REF444508,197.07,Alimentacion
685,2026-04-02,NETFLIX #8446 CIUDAD DE MEXICO,40.03,Ocio
686,2026-02-26,ARA TIENDA REF977494,200.96,Alimentacion
686,2026-02-22,DISNEY PLUS BOGOTA,67.63,Ocio
686,2026-06-02,OXXO,167.13,Alimentacion
686,2026-06-03,WALMART SUPERCENTER,88.72,Alimentacion
686,2026-04-24,DAVIPLATA #7092 REF158323,44.06,Otros
686,2026-06-18,UBER CALI,118.51,Transporte
686,2026-06-03,SUPERMERCADO D1 CARTAGENA,124.46,Alimentacion
686,2026-05-15,FARMACIAS SIMILARES,126.18,Salud
686,2026-02-28,DISNEY PLUS TIJUANA,89.07,Ocio
686,2026-04-20,ARA TIENDA REF627371,189.53,Alimentacion
686,2026-04-03,NETFLIX,10.74,Ocio
686,2026-03-17,TRANSFERENCIA MERCADO PAGO PUEBLA REF589537,67.59,Otros
686,2026-05-27,CHEDRAUI,117.06,Alimentacion
686,2026-04-13,PEAJE AUTOPISTA,29.38,Transporte
686,2026-04-17,OXXO #546,71.33,Alimentacion
686,2026-04-22,CABIFY #1139,20.33,Transporte
686,2026-03-02,CINE COLOMBIA #7403 TIJUANA,129.53,Ocio
686,2026-06-28,STEAM VIDEOJUEGOS #4524 MEDELLIN,97.07,Ocio
686,2026-05-26,STEAM VIDEOJUEGOS #5364,15.93,Ocio
686,2026-04-21,CARULLA,15.26,Alimentacion
687,2026-07-04,RENTA DEPARTAMENTO #2539,627.91,Vivienda
687,2026-05-18,ESTACION SERVICIO PRIMAX #4407 REF129540,126.05,Transporte
687,2026-04-27,ESTACION SERVICIO PRIMAX #699 PUEBLA REF570476,146.4,Transporte
687,2026-05-04,METROBUS CDMX #1538,77.49,Transporte
687,2026-04-17,SPOTIFY PREMIUM,52.69,Ocio
687,2026-07-10,RECARGA OXXO #2556,134.89,Otros
687,2026-05-15,CARULLA,251.22,Alimentacion
687,2026-05-31,OXXO,173.54,Alimentacion
687,2026-04-07,EXITO #5761,215.36,Alimentacion
687,2026-06-28,FARMATODO #5716 CALI REF261399,63.92,Salud
687,2026-02-11,RENTA DEPARTAMENTO GUADALAJARA,255.98,Vivienda
687,2026-05-05,CARULLA,148.33,Alimentacion
687,2026-03-13,IZZI TELECOM #9777 MONTERREY,38.83,Servicios
687,2026-04-30,CARULLA #8466,175.1,Alimentacion
687,2026-07-26,UBER #5410,68.33,Transporte
687,2026-06-26,FARMACIAS SIMILARES #5696,240.59,Salud
687,2026-03-06,RETIRO CAJERO AUTOMATICO #9103,147.38,Otros
687,2026-04-12,CHEDRAUI,130.58,Alimentacion
687,2026-06-20,TELCEL PLAN CELULAR #9984 REF905261,39.41,Servicios
687,2026-06-11,UBER #6508 REF235568,139.35,Transporte
687,2026-07-08,GASOLINERA PEMEX BOGOTA,208.56,Transporte
687,2026-07-20,CINEPOLIS #7166 REF911735,82.82,Ocio
688,2026-07-09,METROBUS CDMX REF301512,75.13,Transporte
688,2026-03-23,EPS SURA COPAGO TIJUANA,82.33,Salud
688,2026-03-15,COURSERA CURSO ONLINE PUEBLA,365.64,Educacion
688,2026-06-17,JUMBO #5725,140.69,Alimentacion
688,2026-05-07,CINE COLOMBIA,87.02,Ocio
688,2026-02-18,RETIRO CAJERO AUTOMATICO,80.63,Otros
688,2026-06-26,PAGO MULTA TRANSITO #3208 REF576634,117.27,Otros
688,2026-03-29,CONSULTORIO IMSS,124.97,Salud
688,2026-06-01,TELMEX INTERNET HOGAR,60.86,Servicios
688,2026-05-03,SORIANA #7907,174.96,Alimentacion
688,2026-04-28,SUPERMERCADO D1 CALI,163.68,Alimentacion
688,2026-07-15,CINE COLOMBIA #8643,41.69,Ocio
688,2026-05-02,COMBUSTIBLE TERPEL TIJUANA,39.87,Transporte
689,2026-02-07,CLARO HOGAR INTERNET #7538,113.42,Servicios
689,2026-06-28,ADMINISTRACION CONJUNTO RESIDENCIAL REF894494,271.21,Vivienda
689,2026-07-29,COLEGIATURA COLEGIO PRIVADO #2895,247.94,Educacion
689,2026-03-13,CHEDRAUI #2156,239.8,Alimentacion
689,2026-06-14,COMBUSTIBLE TERPEL #5921 BARRANQUILLA,192.14,Transporte
689,2026-06-27,PAGO MULTA TRANSITO,172.99,Otros
689,2026-04-08,AGENCIA DE VIAJES #2986 CUCUTA REF590380,101.66,Ocio
689,2026-05-31,EXITO #8822,245.56,Alimentacion
689,2026-06-23,RENTA DEPARTAMENTO REF679441,267.27,Vivienda
689,2026-03-10,UBER,49.52,Transporte
689,2026-03-27,CHEDRAUI #6442,11.69,Alimentacion
689,2026-07-31,GASOLINERA PEMEX,151.37,Transporte
689,2026-02-16,AGENCIA DE VIAJES #7012 CARTAGENA,122.18,Ocio
689,2026-05-25,BODEGA AURRERA #1870,58.6,Alimentacion
689,2026-03-05,FARMACIAS DEL AHORRO,196.53,Salud
689,2026-05-07,DIDI,159.29,Transporte
689,2026-05-21,DIDI #559,195.52,Transporte
689,2026-07-03,FARMACIAS GUADALAJARA #3995,199.36,Salud
689,2026-03-30,TRANSFERENCIA NEQUI #3798 MONTERREY,174.95,Otros
690,2026-02-08,PLATZI CURSO ONLINE #9221 BARRANQUILLA REF435890,299.41,Educacion
690,2026-05-03,UBER #758,160.34,Transporte
690,2026-06-30,GASOLINERA PEMEX #8492,159.39,Transporte
690,2026-03-14,COMBUSTIBLE TERPEL #2671,79.0,Transporte
690,2026-05-12,CONSULTORIO IMSS REF836715,163.85,Salud
690,2026-04-10,PEAJE AUTOPISTA REF649682,81.99,Transporte
690,2026-07-24,ESTACION SERVICIO PRIMAX,13.21,Transporte
690,2026-03-06,OXXO,156.24,Alimentacion
690,2026-03-22,SUPERAMA #2641,42.18,Alimentacion
690,2026-06-01,JUMBO,30.81,Alimentacion
690,2026-04-05,METROBUS CDMX #9964,161.1,Transporte
690,2026-06-14,CABIFY CARTAGENA REF525845,11.9,Transporte
690,2026-05-12,DAVIPLATA GUADALAJARA REF730476,173.03,Otros
690,2026-04-16,EPS SURA COPAGO #3484 CIUDAD DE MEXICO REF245992,161.85,Salud
690,2026-03-31,RECARGA OXXO,177.11,Otros
690,2026-02-21,CLARO HOGAR INTERNET,22.83,Servicios
690,2026-07-24,STEAM VIDEOJUEGOS,77.94,Ocio
691,2026-03-08,AGENCIA DE VIAJES #3324,53.79,Ocio
691,2026-02-11,FACTURA ACUEDUCTO,103.36,Servicios
691,2026-04-17,JUMBO #4694,76.13,Alimentacion
691,2026-06-12,CLARO HOGAR INTERNET MONTERREY,73.32,Servicios
691,2026-06-26,COMBUSTIBLE TERPEL #3332 CIUDAD DE MEXICO,21.34,Transporte
691,2026-06-25,FACTURA ENERGIA ENEL CODENSA CALI,94.39,Servicios
691,2026-03-25,FARMACIAS DEL AHORRO #2076 QUERETARO,230.54,Salud
691,2026-04-17,DIDI #7483 QUERETARO,92.66,Transporte
691,2026-05-15,CINEPOLIS BOGOTA REF834400,57.53,Ocio
691,2026-02-03,SUPERMERCADO D1 #5292,32.95,Alimentacion
691,2026-02-12,FARMACIAS GUADALAJARA #1915,72.55,Salud
691,2026-07-18,ICETEX CREDITO EDUCATIVO #638 MEDELLIN,83.0,Educacion
691,2026-04-17,SUPERMERCADO D1,135.24,Alimentacion
691,2026-05-12,FACTURA CFE REF269404,86.45,Servicios
691,2026-03-25,SUPERMERCADO D1 MEDELLIN,256.72,Alimentacion
691,2026-06-29,CABIFY #8125 QUERETARO REF142153,24.65,Transporte
691,2026-04-19,FACTURA ACUEDUCTO #9340 GUADALAJARA,95.98,Servicios
691,2026-07-28,HOMECENTER #7489 QUERETARO,413.25,Vivienda
692,2026-06-24,SUPERAMA,99.74,Alimentacion
692,2026-02-10,GASOLINERA PEMEX #241,13.52,Transporte
692,2026-02-24,RETIRO CAJERO AUTOMATICO,52.73,Otros
692,2026-02-12,WALMART SUPERCENTER #4749,90.42,Alimentacion
692,2026-03-05,AGENCIA DE VIAJES,82.1,Ocio
692,2026-04-23,FACTURA ACUEDUCTO #1400,38.3,Servicios
692,2026-03-22,TRANSMILENIO #7150 QUERETARO,92.61,Transporte
692,2026-04-25,AGENCIA DE VIAJES,65.31,Ocio
693,2026-04-22,PEAJE AUTOPISTA,100.77,Transporte
693,2026-05-10,CABIFY,185.87,Transporte
693,2026-05-04,PEAJE AUTOPISTA,189.19,Transporte
693,2026-06-16,MATRICULA UNIVERSIDAD NACIONAL #8873 CUCUTA REF378139,114.51,Educacion
693,2026-06-21,JUMBO #3989 REF299481,61.8,Alimentacion
693,2026-07-08,UBER #4666 GUADALAJARA,109.25,Transporte
693,2026-05-08,PAGO INFONAVIT #3766 BOGOTA,600.14,Vivienda
693,2026-02-15,DISNEY PLUS #7906 REF373504,45.29,Ocio
693,2026-06-12,SUPERAMA #4108,179.52,Alimentacion
693,2026-02-26,PEAJE AUTOPISTA #8915,151.63,Transporte
693,2026-06-18,COLEGIATURA COLEGIO PRIVADO #1663 REF338076,317.0,Educacion
693,2026-04-19,FARMACIAS SIMILARES,175.72,Salud
694,2026-07-27,CARULLA #8131,184.19,Alimentacion
694,2026-06-07,OXXO #996,77.03,Alimentacion
694,2026-02-11,CINE COLOMBIA #5208 REF623672,35.64,Ocio
694,2026-02-23,EPS SURA COPAGO REF756821,218.7,Salud
694,2026-04-05,CHEDRAUI BOGOTA REF584253,145.56,Alimentacion
694,2026-05-06,TELMEX INTERNET HOGAR BOGOTA,107.24,Servicios
694,2026-05-23,NETFLIX,38.68,Ocio
694,2026-05-23,SUPERAMA #1585 CUCUTA,165.67,Alimentacion
694,2026-03-30,MATRICULA UNIVERSIDAD NACIONAL,191.48,Educacion
694,2026-04-12,JUMBO #3274 MEDELLIN,165.21,Alimentacion
694,2026-04-25,COOMEVA MEDICINA PREPAGADA #3345 REF720872,97.9,Salud
694,2026-02-07,TELMEX INTERNET HOGAR,111.59,Servicios
694,2026-05-05,CHEDRAUI,219.54,Alimentacion
695,2026-02-16,DIDI #3749 CIUDAD DE MEXICO,88.97,Transporte
695,2026-04-28,ARA TIENDA #9502 BOGOTA,76.25,Alimentacion
695,2026-03-11,IZZI TELECOM TIJUANA REF942347,36.17,Servicios
695,2026-05-26,TRANSMILENIO #9367,148.52,Transporte
695,2026-03-27,ARA TIENDA REF235629,34.23,Alimentacion
695,2026-02-07,AGENCIA DE VIAJES TIJUANA,122.22,Ocio
695,2026-06-22,PEAJE AUTOPISTA,175.34,Transporte
695,2026-07-19,AGENCIA DE VIAJES CIUDAD DE MEXICO,112.19,Ocio
695,2026-05-20,TRANSFERENCIA NEQUI #2903,164.13,Otros
695,2026-03-28,CINE COLOMBIA #2665,56.08,Ocio
695,2026-06-11,ARA TIENDA,230.14,Alimentacion
695,2026-03-02,CARULLA #9429 REF928587,51.1,Alimentacion
695,2026-02-12,DEPOSITO BANCO AZTECA #1830,13.68,Otros
695,2026-07-21,FACTURA ENERGIA ENEL CODENSA #1628,120.96,Servicios
695,2026-03-05,IZZI TELECOM MEDELLIN REF684880,25.1,Servicios
696,2026-06-05,PEAJE AUTOPISTA REF151657,43.92,Transporte
696,2026-07-26,SPOTIFY PREMIUM #3725 BOGOTA,92.17,Ocio
696,2026-06-18,NETFLIX #8180 CIUDAD DE MEXICO,33.06,Ocio
696,2026-02-04,COMBUSTIBLE TERPEL #8330 GUADALAJARA,23.69,Transporte
696,2026-07-31,GASOLINERA PEMEX,106.3,Transporte
696,2026-02-18,FACTURA ACUEDUCTO #3641 CUCUTA,37.85,Servicios
696,2026-07-11,FARMACIA CRUZ VERDE #6707 GUADALAJARA,222.89,Salud
696,2026-02-12,DAVIPLATA PUEBLA,50.39,Otros
696,2026-07-18,SUPERMERCADO D1 #3547,99.04,Alimentacion
696,2026-07-04,CONSULTORIO IMSS CARTAGENA,176.72,Salud
696,2026-04-13,GASOLINERA PEMEX #1711 MEDELLIN,66.99,Transporte
696,2026-05-30,STEAM VIDEOJUEGOS MEDELLIN REF428724,52.25,Ocio
696,2026-04-13,ADMINISTRACION CONJUNTO RESIDENCIAL #4908 REF358063,557.81,Vivienda
696,2026-05-25,TRANSMILENIO,45.84,Transporte
696,2026-07-11,DISNEY PLUS BARRANQUILLA REF695008,15.28,Ocio
696,2026-04-19,PEAJE AUTOPISTA #6631 PUEBLA,75.67,Transporte
696,2026-03-12,PEAJE AUTOPISTA #7311,94.88,Transporte
696,2026-04-02,ADMINISTRACION CONJUNTO RESIDENCIAL CIUDAD DE MEXICO REF287216,421.33,Vivienda
696,2026-07-15,ADMINISTRACION CONJUNTO RESIDENCIAL #6294 MONTERREY,336.21,Vivienda
696,2026-03-08,DEPOSITO BANCO AZTECA,144.28,Otros
696,2026-04-26,TRANSFERENCIA NEQUI #2033 REF392625,16.68,Otros
696,2026-07-17,HOMECENTER #635 CARTAGENA,365.88,Vivienda
696,2026-02-13,METROBUS CDMX,86.45,Transporte
696,2026-02-14,TRANSFERENCIA NEQUI,120.09,Otros
697,2026-06-04,OXXO #4597 CALI,122.49,Alimentacion
697,2026-07-22,SUPERMERCADO D1 CARTAGENA,97.91,Alimentacion
697,2026-02-05,PAGO INFONAVIT PUEBLA,211.31,Vivienda
697,2026-06-30,DIDI #6832 CUCUTA,69.22,Transporte
697,2026-05-22,WALMART SUPERCENTER #3071 CALI,240.47,Alimentacion
697,2026-02-10,JUMBO #5547,88.53,Alimentacion
697,2026-02-09,CONSULTORIO IMSS #2584,218.48,Salud
697,2026-04-16,FARMACIAS SIMILARES,189.43,Salud
697,2026-03-25,JUMBO #9071,121.07,Alimentacion
697,2026-06-23,CHEDRAUI,72.15,Alimentacion
697,2026-04-24,MATRICULA UNAM #406 TIJUANA,163.38,Educacion
697,2026-07-11,TRANSMILENIO,128.42,Transporte
697,2026-03-29,TRANSFERENCIA NEQUI CIUDAD DE MEXICO REF217651,69.63,Otros
697,2026-04-05,PLATZI CURSO ONLINE QUERETARO,105.59,Educacion
697,2026-06-15,CARULLA REF667594,40.28,Alimentacion
697,2026-05-17,UBER,185.95,Transporte
697,2026-03-10,TELMEX INTERNET HOGAR,74.44,Servicios
697,2026-04-04,ESTACION SERVICIO PRIMAX,135.04,Transporte
697,2026-05-08,DAVIPLATA PUEBLA,93.37,Otros
697,2026-07-01,STEAM VIDEOJUEGOS #1813,114.07,Ocio
697,2026-06-18,CLARO HOGAR INTERNET BARRANQUILLA REF673760,88.84,Servicios
697,2026-05-29,CHEDRAUI REF261495,135.0,Alimentacion
697,2026-02-17,MOVISTAR PLAN CELULAR REF333605,139.82,Servicios
697,2026-03-26,OXXO #8868,197.12,Alimentacion
697,2026-04-23,WALMART SUPERCENTER,39.0,Alimentacion
697,2026-02-28,BODEGA AURRERA,56.2,Alimentacion
698,2026-03-01,CINE COLOMBIA #4010 MONTERREY REF204414,59.89,Ocio
698,2026-03-02,EXITO,186.85,Alimentacion
698,2026-03-04,CARULLA #5786,38.21,Alimentacion
698,2026-06-29,UBER #4192,202.26,Transporte
698,2026-06-20,RENTA DEPARTAMENTO,525.08,Vivienda
698,2026-05-09,TRANSFERENCIA NEQUI #407,117.3,Otros
698,2026-06-24,CINEPOLIS #2360 REF607412,44.54,Ocio
698,2026-05-20,UBER #6545,42.19,Transporte
698,2026-02-28,OXXO,116.43,Alimentacion
698,2026-04-18,CHEDRAUI,182.01,Alimentacion
698,2026-06-27,UBER CIUDAD DE MEXICO,136.74,Transporte
698,2026-07-25,CONSULTORIO IMSS #455 REF380804,124.05,Salud
698,2026-04-07,ADMINISTRACION CONDOMINIO REF897894,456.64,Vivienda
698,2026-02-26,FARMACIA CRUZ VERDE #9317 BARRANQUILLA,246.92,Salud
698,2026-05-25,SUPERAMA #2746 REF228274,16.83,Alimentacion
698,2026-03-20,FARMATODO #8850 GUADALAJARA,143.43,Salud
698,2026-02-24,BODEGA AURRERA REF406386,207.22,Alimentacion
698,2026-07-14,TRANSFERENCIA NEQUI #3986 GUADALAJARA REF525387,102.84,Otros
698,2026-03-27,COOMEVA MEDICINA PREPAGADA #8385,200.67,Salud
699,2026-02-13,DIDI,41.11,Transporte
699,2026-03-02,JUMBO #9862,260.56,Alimentacion
699,2026-02-27,STEAM VIDEOJUEGOS #5080 GUADALAJARA REF963160,123.35,Ocio
699,2026-05-07,RETIRO CAJERO AUTOMATICO #4470,67.14,Otros
699,2026-05-13,DISNEY PLUS,84.97,Ocio
699,2026-07-21,FACTURA CFE,87.06,Servicios
699,2026-02-09,TRANSMILENIO,173.12,Transporte
699,2026-02-01,FARMACIAS DEL AHORRO PUEBLA,193.82,Salud
699,2026-02-24,CARULLA BOGOTA REF679208,10.07,Alimentacion
699,2026-05-03,CONSULTORIO IMSS PUEBLA,232.5,Salud
699,2026-04-26,DEPOSITO BANCO AZTECA #1691 CUCUTA,136.96,Otros
699,2026-02-25,PAGO MULTA TRANSITO #9747,96.65,Otros
700,2026-06-05,CHEDRAUI BARRANQUILLA,37.47,Alimentacion
700,2026-02-22,CLARO HOGAR INTERNET,147.54,Servicios
700,2026-04-15,MATRICULA UNIVERSIDAD NACIONAL #1664 TIJUANA,299.11,Educacion
700,2026-07-07,NETFLIX #2611,111.32,Ocio
700,2026-03-20,COMBUSTIBLE TERPEL MEDELLIN,19.63,Transporte
700,2026-05-06,GASOLINERA PEMEX,110.99,Transporte
700,2026-07-19,DIDI #8957 REF411959,149.72,Transporte
700,2026-06-28,TRANSFERENCIA NEQUI,102.3,Otros
700,2026-07-20,GASOLINERA PEMEX BARRANQUILLA,143.33,Transporte
700,2026-02-11,AGENCIA DE VIAJES #4866,107.23,Ocio
700,2026-04-30,ARA TIENDA,107.33,Alimentacion
700,2026-06-25,IZZI TELECOM,129.57,Servicios
700,2026-02-11,FARMACIAS GUADALAJARA #737,61.43,Salud
700,2026-05-06,TRANSMILENIO #9889 REF612757,64.18,Transporte
700,2026-07-29,UBER #3161 CUCUTA,18.67,Transporte
700,2026-04-13,GASOLINERA PEMEX #4977,82.89,Transporte
700,2026-03-05,CINE COLOMBIA #1799 REF836558,52.49,Ocio
700,2026-03-19,DIDI #7498,171.05,Transporte
700,2026-06-26,GASOLINERA PEMEX,140.63,Transporte
700,2026-04-28,COMBUSTIBLE TERPEL REF292443,97.34,Transporte
700,2026-05-15,PAGO MULTA TRANSITO #7067 BOGOTA,120.86,Otros
700,2026-05-22,GASOLINERA PEMEX,20.56,Transporte
700,2026-04-17,OXXO TIJUANA,56.87,Alimentacion
700,2026-07-07,GASOLINERA PEMEX #738,135.39,Transporte
701,2026-02-04,SPOTIFY PREMIUM #858,125.42,Ocio
701,2026-03-23,CARULLA #8338 CALI,65.93,Alimentacion
701,2026-07-24,STEAM VIDEOJUEGOS #2285,73.96,Ocio
701,2026-04-03,TRANSFERENCIA MERCADO PAGO #6178 REF184150,112.3,Otros
701,2026-07-01,CARULLA MEDELLIN,269.65,Alimentacion
701,2026-03-14,TRANSMILENIO #1251 TIJUANA,50.24,Transporte
701,2026-05-16,MATRICULA UNIVERSIDAD NACIONAL #1818,221.21,Educacion
701,2026-05-02,ADMINISTRACION CONDOMINIO,323.09,Vivienda
701,2026-06-10,ARA TIENDA #7371 GUADALAJARA,146.73,Alimentacion
701,2026-05-03,GASOLINERA PEMEX #4736 CALI REF733404,56.43,Transporte
701,2026-05-20,CABIFY,19.52,Transporte
701,2026-06-06,TELCEL PLAN CELULAR #9232 MONTERREY,92.3,Servicios
701,2026-07-13,CINEPOLIS #7790,46.98,Ocio
701,2026-02-02,SPOTIFY PREMIUM,27.74,Ocio
701,2026-04-19,CINE COLOMBIA #7945 TIJUANA REF624585,45.49,Ocio
701,2026-06-29,FARMATODO BARRANQUILLA,29.04,Salud
701,2026-03-03,COLEGIATURA COLEGIO PRIVADO BOGOTA,381.42,Educacion
701,2026-04-29,CINE COLOMBIA #4287,77.64,Ocio
701,2026-06-06,COURSERA CURSO ONLINE #9248,330.54,Educacion
701,2026-07-30,SORIANA,120.01,Alimentacion
701,2026-04-15,ESTACION SERVICIO PRIMAX,190.66,Transporte
701,2026-02-05,STEAM VIDEOJUEGOS #2325,65.41,Ocio
701,2026-03-20,SUPERMERCADO D1,159.23,Alimentacion
701,2026-07-19,ADMINISTRACION CONDOMINIO #8925,395.9,Vivienda
701,2026-02-23,AGENCIA DE VIAJES #458,96.66,Ocio
701,2026-06-23,SUPERMERCADO D1 #2483 BOGOTA REF467360,157.33,Alimentacion
702,2026-05-08,ESTACION SERVICIO PRIMAX #1885 REF270839,175.38,Transporte
702,2026-07-04,ESTACION SERVICIO PRIMAX #9929 CARTAGENA REF421104,25.22,Transporte
702,2026-07-28,AGENCIA DE VIAJES BOGOTA,48.56,Ocio
702,2026-04-06,RETIRO CAJERO AUTOMATICO,149.85,Otros
702,2026-04-27,ARA TIENDA #8773,178.59,Alimentacion
702,2026-06-07,BAR RESTAURANTE AMIGOS,41.24,Ocio
702,2026-06-17,JUMBO #3517,229.79,Alimentacion
702,2026-02-11,MOVISTAR PLAN CELULAR #3827,81.59,Servicios
702,2026-07-02,NETFLIX #594,67.29,Ocio
702,2026-04-12,DIDI MONTERREY,205.32,Transporte
702,2026-02-26,NETFLIX TIJUANA,123.39,Ocio
702,2026-05-22,TRANSFERENCIA MERCADO PAGO #3462 TIJUANA REF149732,70.95,Otros
702,2026-06-11,UBER #2192,38.12,Transporte
702,2026-06-28,SORIANA #5943,94.67,Alimentacion
702,2026-05-13,TRANSFERENCIA NEQUI #9604,15.18,Otros
702,2026-06-07,SUPERAMA CARTAGENA,15.4,Alimentacion
702,2026-02-12,SUPERAMA PUEBLA,112.84,Alimentacion
702,2026-03-27,MATRICULA UNIVERSIDAD NACIONAL BOGOTA,377.88,Educacion
702,2026-05-03,BAR RESTAURANTE AMIGOS,113.92,Ocio
702,2026-06-26,JUMBO #2500,142.98,Alimentacion
702,2026-03-22,DAVIPLATA,106.09,Otros
702,2026-02-04,ADMINISTRACION CONJUNTO RESIDENCIAL,152.97,Vivienda
702,2026-07-24,CINE COLOMBIA,31.94,Ocio
702,2026-03-13,BAR RESTAURANTE AMIGOS #1508,8.1,Ocio
703,2026-02-28,ADMINISTRACION CONDOMINIO,228.86,Vivienda
703,2026-03-19,DAVIPLATA #4635,116.7,Otros
703,2026-07-11,EPS SURA COPAGO #6828 REF849495,271.74,Salud
703,2026-05-21,WALMART SUPERCENTER #7675,196.77,Alimentacion
703,2026-04-17,ARA TIENDA CALI,100.62,Alimentacion
703,2026-06-07,CLARO HOGAR INTERNET,94.3,Servicios
703,2026-05-01,ESTACION SERVICIO PRIMAX,72.15,Transporte
703,2026-02-22,TELCEL PLAN CELULAR CIUDAD DE MEXICO,149.89,Servicios
703,2026-04-21,BAR RESTAURANTE AMIGOS GUADALAJARA,98.6,Ocio
703,2026-03-01,TELMEX INTERNET HOGAR #164,97.94,Servicios
703,2026-02-14,ESTACION SERVICIO PRIMAX #916 CARTAGENA,94.65,Transporte
703,2026-04-01,TRANSMILENIO #2995 PUEBLA,133.63,Transporte
703,2026-02-02,CARULLA QUERETARO,98.82,Alimentacion
703,2026-07-07,AGENCIA DE VIAJES #2330 GUADALAJARA,8.61,Ocio
703,2026-03-30,EXITO,112.72,Alimentacion
703,2026-03-28,WALMART SUPERCENTER #3669 PUEBLA REF669564,251.93,Alimentacion
703,2026-03-30,ADMINISTRACION CONJUNTO RESIDENCIAL CIUDAD DE MEXICO,463.15,Vivienda
703,2026-06-23,EPS SURA COPAGO #6653 CALI REF216208,38.93,Salud
703,2026-04-06,FACTURA ACUEDUCTO #4761,134.47,Servicios
704,2026-07-11,TRANSFERENCIA MERCADO PAGO #9033 REF763685,63.81,Otros
704,2026-04-02,GASOLINERA PEMEX,166.41,Transporte
704,2026-04-04,FACTURA ACUEDUCTO #314 REF413583,38.67,Servicios
704,2026-04-25,GASOLINERA PEMEX,166.52,Transporte
704,2026-04-14,CHEDRAUI #4122,182.59,Alimentacion
704,2026-02-25,IZZI TELECOM #3528,107.23,Servicios
704,2026-05-29,BAR RESTAURANTE AMIGOS,65.19,Ocio
704,2026-03-03,COURSERA CURSO ONLINE #6135 REF457348,275.13,Educacion
704,2026-04-15,COOMEVA MEDICINA PREPAGADA #9607,37.74,Salud
704,2026-07-25,ADMINISTRACION CONDOMINIO #3828,575.78,Vivienda
704,2026-05-05,TRANSMILENIO #3088,21.11,Transporte
704,2026-03-26,JUMBO CARTAGENA,48.67,Alimentacion
704,2026-02-01,FARMACIAS SIMILARES #5939 CALI,179.39,Salud
704,2026-07-28,TELCEL PLAN CELULAR #8113,114.82,Servicios
704,2026-07-07,SPOTIFY PREMIUM #2962,14.53,Ocio
704,2026-04-05,DEPOSITO BANCO AZTECA #8866 REF772989,166.53,Otros
704,2026-04-29,CINEPOLIS #8315 CUCUTA,126.7,Ocio
704,2026-03-04,BAR RESTAURANTE AMIGOS #9091,80.74,Ocio
704,2026-06-15,ADMINISTRACION CONJUNTO RESIDENCIAL,390.62,Vivienda
704,2026-02-21,UBER REF297584,158.28,Transporte
704,2026-06-01,ARA TIENDA,95.37,Alimentacion
705,2026-06-16,AGENCIA DE VIAJES REF853380,34.06,Ocio
705,2026-03-21,TELMEX INTERNET HOGAR,55.18,Servicios
705,2026-07-08,CABIFY,98.26,Transporte
705,2026-07-21,RECARGA OXXO #2248 GUADALAJARA REF777726,63.41,Otros
705,2026-07-21,SUPERAMA #3731 MEDELLIN,107.3,Alimentacion
705,2026-05-19,IZZI TELECOM #8252,98.79,Servicios
705,2026-03-26,CLARO HOGAR INTERNET #9546 REF797795,117.94,Servicios
705,2026-02-03,TRANSFERENCIA NEQUI PUEBLA,135.04,Otros
705,2026-05-16,BODEGA AURRERA REF691889,221.75,Alimentacion
705,2026-06-07,DIDI REF795029,16.44,Transporte
705,2026-06-20,ESTACION SERVICIO PRIMAX,19.55,Transporte
705,2026-07-07,BODEGA AURRERA #8650 CIUDAD DE MEXICO,215.24,Alimentacion
705,2026-07-09,ESTACION SERVICIO PRIMAX #5311,116.62,Transporte
705,2026-06-03,EXITO REF780065,160.32,Alimentacion
705,2026-02-28,CARULLA #5552,23.67,Alimentacion
705,2026-05-16,FARMATODO BARRANQUILLA,87.76,Salud
705,2026-06-30,EPS SURA COPAGO #4548 CARTAGENA,196.93,Salud
705,2026-03-09,WALMART SUPERCENTER,233.39,Alimentacion
705,2026-02-08,ARA TIENDA,248.42,Alimentacion
705,2026-05-17,ESTACION SERVICIO PRIMAX,110.08,Transporte
705,2026-02-06,FACTURA ENERGIA ENEL CODENSA #789 GUADALAJARA REF420700,88.64,Servicios
705,2026-04-05,CHEDRAUI #2585,226.59,Alimentacion
705,2026-02-02,OXXO #4391,149.78,Alimentacion
705,2026-04-07,CABIFY,113.37,Transporte
705,2026-06-09,MOVISTAR PLAN CELULAR #8736,137.19,Servicios
705,2026-06-10,CHEDRAUI #5278,215.38,Alimentacion
706,2026-02-25,WALMART SUPERCENTER #6550,60.24,Alimentacion
706,2026-06-05,CARULLA #8974 REF343164,133.07,Alimentacion
706,2026-07-09,TELMEX INTERNET HOGAR #1962 REF240974,107.06,Servicios
706,2026-06-11,CLARO HOGAR INTERNET #7351 BARRANQUILLA REF249006,100.57,Servicios
706,2026-07-01,PLATZI CURSO ONLINE TIJUANA REF560290,185.22,Educacion
706,2026-06-07,SUPERMERCADO D1 CALI,243.84,Alimentacion
706,2026-06-24,FACTURA ENERGIA ENEL CODENSA REF943968,85.1,Servicios
706,2026-05-06,PEAJE AUTOPISTA BARRANQUILLA,111.17,Transporte
706,2026-03-16,SUPERAMA,26.19,Alimentacion
707,2026-06-22,PEAJE AUTOPISTA #5958 REF445082,161.94,Transporte
707,2026-03-21,FARMACIAS DEL AHORRO #3865 PUEBLA,175.84,Salud
707,2026-02-11,MOVISTAR PLAN CELULAR #2399,130.56,Servicios
707,2026-07-10,SUPERMERCADO D1 CALI,242.59,Alimentacion
707,2026-04-21,SPOTIFY PREMIUM,86.09,Ocio
707,2026-04-10,TELMEX INTERNET HOGAR MONTERREY REF646631,112.93,Servicios
707,2026-03-29,CARULLA MONTERREY,152.8,Alimentacion
707,2026-02-23,FACTURA ENERGIA ENEL CODENSA #3082 REF374532,66.9,Servicios
707,2026-03-22,SUPERAMA QUERETARO,178.51,Alimentacion
707,2026-05-04,TELMEX INTERNET HOGAR TIJUANA,137.62,Servicios
707,2026-07-20,PAGO INFONAVIT,358.34,Vivienda
707,2026-02-14,ADMINISTRACION CONDOMINIO,307.21,Vivienda
707,2026-07-25,MATRICULA UNIVERSIDAD NACIONAL CIUDAD DE MEXICO,170.66,Educacion
707,2026-04-24,UBER,97.08,Transporte
707,2026-07-20,COMBUSTIBLE TERPEL #1760,24.71,Transporte
707,2026-04-11,RETIRO CAJERO AUTOMATICO #4100,94.74,Otros
707,2026-07-05,ICETEX CREDITO EDUCATIVO #9544 REF265284,210.37,Educacion
707,2026-05-21,FARMACIAS SIMILARES #4547 REF339480,182.71,Salud
707,2026-03-15,CARULLA #1722,104.33,Alimentacion
708,2026-07-13,ICETEX CREDITO EDUCATIVO #3604,150.99,Educacion
708,2026-03-22,RECARGA OXXO,35.02,Otros
708,2026-07-20,DIDI #7803 REF709579,38.68,Transporte
708,2026-07-29,MOVISTAR PLAN CELULAR,37.65,Servicios
708,2026-03-30,RENTA DEPARTAMENTO,172.79,Vivienda
708,2026-03-12,SORIANA,244.56,Alimentacion
708,2026-02-14,ESTACION SERVICIO PRIMAX REF670089,118.15,Transporte
708,2026-04-13,EXITO BOGOTA,191.99,Alimentacion
708,2026-06-03,UBER MONTERREY REF601079,175.62,Transporte
709,2026-06-09,AGENCIA DE VIAJES,95.41,Ocio
709,2026-04-19,WALMART SUPERCENTER,28.37,Alimentacion
709,2026-05-06,GASOLINERA PEMEX,146.36,Transporte
709,2026-05-17,AGENCIA DE VIAJES,90.84,Ocio
709,2026-05-28,TRANSFERENCIA NEQUI #7765 REF298962,164.0,Otros
709,2026-02-10,FARMACIAS DEL AHORRO #3634,121.29,Salud
709,2026-03-25,ARRIENDO APARTAMENTO #7003,442.46,Vivienda
709,2026-02-27,MATRICULA UNAM #1948 CUCUTA,29.57,Educacion
709,2026-02-26,PEAJE AUTOPISTA REF620507,76.42,Transporte
709,2026-03-22,RECARGA OXXO #9305 MONTERREY,20.58,Otros
709,2026-07-27,SUPERAMA,145.69,Alimentacion
709,2026-07-06,EXITO MONTERREY,222.54,Alimentacion
709,2026-06-08,BODEGA AURRERA #4312,63.68,Alimentacion
709,2026-05-05,SUPERMERCADO D1 PUEBLA,147.13,Alimentacion
709,2026-06-03,DISNEY PLUS REF310793,30.5,Ocio
709,2026-02-26,EPS SURA COPAGO MONTERREY,49.4,Salud
709,2026-03-17,DEPOSITO BANCO AZTECA,96.87,Otros
709,2026-06-09,COMBUSTIBLE TERPEL REF503772,25.83,Transporte
709,2026-02-27,STEAM VIDEOJUEGOS #3975,78.42,Ocio
709,2026-06-13,CABIFY REF906796,16.27,Transporte
709,2026-03-06,MOVISTAR PLAN CELULAR REF701581,29.41,Servicios
709,2026-06-04,ESTACION SERVICIO PRIMAX,120.0,Transporte
710,2026-04-30,GASOLINERA PEMEX QUERETARO,144.45,Transporte
710,2026-05-11,COMBUSTIBLE TERPEL #3292,17.45,Transporte
710,2026-04-28,SUPERAMA #5129 GUADALAJARA,232.39,Alimentacion
710,2026-04-25,TRANSMILENIO #3432 PUEBLA,191.25,Transporte
710,2026-04-06,ARA TIENDA #7040 MEDELLIN REF920255,231.12,Alimentacion
710,2026-05-03,FACTURA CFE,126.33,Servicios
710,2026-05-28,OXXO #3198,203.69,Alimentacion
710,2026-04-10,COURSERA CURSO ONLINE REF975313,262.54,Educacion
710,2026-07-03,AGENCIA DE VIAJES #9012 GUADALAJARA,89.83,Ocio
710,2026-05-12,FACTURA CFE #8057 CUCUTA,123.86,Servicios
710,2026-05-14,IZZI TELECOM,104.44,Servicios
710,2026-02-15,ADMINISTRACION CONJUNTO RESIDENCIAL #824 REF455988,313.86,Vivienda
710,2026-03-31,AGENCIA DE VIAJES PUEBLA,52.0,Ocio
710,2026-07-11,CHEDRAUI,243.23,Alimentacion
710,2026-03-08,METROBUS CDMX QUERETARO,13.42,Transporte
710,2026-06-23,TELMEX INTERNET HOGAR #5623 REF930238,109.34,Servicios
710,2026-04-18,DISNEY PLUS GUADALAJARA,124.35,Ocio
710,2026-07-06,PAGO INFONAVIT #229 PUEBLA,503.11,Vivienda
710,2026-03-29,TELMEX INTERNET HOGAR #6181,149.18,Servicios
710,2026-03-07,FARMACIAS GUADALAJARA,210.95,Salud
711,2026-05-14,WALMART SUPERCENTER #9805,108.48,Alimentacion
711,2026-06-14,CABIFY,136.67,Transporte
711,2026-05-17,EXITO,221.42,Alimentacion
711,2026-03-31,SORIANA BARRANQUILLA,87.24,Alimentacion
711,2026-04-01,METROBUS CDMX,52.74,Transporte
711,2026-02-10,FARMACIAS SIMILARES,205.07,Salud
711,2026-04-29,HOMECENTER PUEBLA,485.16,Vivienda
711,2026-03-02,DIDI,190.23,Transporte
711,2026-02-06,COMBUSTIBLE TERPEL #4190,13.19,Transporte
711,2026-03-28,OXXO #6729,231.79,Alimentacion
711,2026-04-25,FARMACIA CRUZ VERDE CIUDAD DE MEXICO,163.49,Salud
711,2026-02-05,METROBUS CDMX #1095 REF338052,134.26,Transporte
711,2026-07-08,RETIRO CAJERO AUTOMATICO REF122983,25.53,Otros
711,2026-05-20,FARMACIAS DEL AHORRO #1372,138.3,Salud
711,2026-06-03,PAGO INFONAVIT BOGOTA,263.65,Vivienda
711,2026-06-04,DISNEY PLUS #2741,36.78,Ocio
711,2026-07-26,SORIANA,141.06,Alimentacion
711,2026-07-24,PEAJE AUTOPISTA #2435,172.49,Transporte
711,2026-05-08,CABIFY CUCUTA,158.76,Transporte
711,2026-02-10,HOMECENTER #2922 BOGOTA,445.5,Vivienda
711,2026-07-31,AGENCIA DE VIAJES,72.43,Ocio
711,2026-05-21,COURSERA CURSO ONLINE REF144190,185.24,Educacion
711,2026-04-27,COLEGIATURA COLEGIO PRIVADO TIJUANA REF191393,389.77,Educacion
711,2026-07-14,DISNEY PLUS,75.02,Ocio
712,2026-02-17,EPS SURA COPAGO MONTERREY,203.62,Salud
712,2026-04-19,CARULLA #9377,27.88,Alimentacion
712,2026-03-16,METROBUS CDMX,82.41,Transporte
712,2026-03-20,UBER #9344,197.08,Transporte
712,2026-02-01,METROBUS CDMX #9987 REF297328,182.52,Transporte
712,2026-07-16,CABIFY,67.11,Transporte
712,2026-05-05,AGENCIA DE VIAJES #9646 REF156548,24.63,Ocio
712,2026-02-17,ADMINISTRACION CONJUNTO RESIDENCIAL,374.54,Vivienda
712,2026-03-02,SORIANA #2459,102.52,Alimentacion
713,2026-03-15,ARA TIENDA #2814 BOGOTA,182.79,Alimentacion
713,2026-05-30,MATRICULA UNAM,378.13,Educacion
713,2026-07-05,PEAJE AUTOPISTA REF222167,49.93,Transporte
713,2026-04-22,CINE COLOMBIA #4201 MEDELLIN,10.09,Ocio
713,2026-05-14,DAVIPLATA #2102,93.0,Otros
713,2026-04-08,ESTACION SERVICIO PRIMAX,100.12,Transporte
713,2026-06-01,PEAJE AUTOPISTA #7397,76.3,Transporte
713,2026-02-09,MATRICULA UNIVERSIDAD NACIONAL #679,384.12,Educacion
713,2026-02-10,ADMINISTRACION CONJUNTO RESIDENCIAL,561.29,Vivienda
713,2026-04-21,PLATZI CURSO ONLINE,273.09,Educacion
713,2026-06-07,CARULLA REF789763,52.34,Alimentacion
713,2026-04-01,DAVIPLATA #5843 REF748606,134.83,Otros
713,2026-07-10,UBER #8624 MONTERREY REF788398,155.4,Transporte
713,2026-05-16,JUMBO #6664,120.52,Alimentacion
713,2026-03-21,TELMEX INTERNET HOGAR #2594 REF336406,139.85,Servicios
713,2026-05-25,COURSERA CURSO ONLINE #9264,87.62,Educacion
713,2026-05-01,GASOLINERA PEMEX,63.47,Transporte
713,2026-03-30,ADMINISTRACION CONJUNTO RESIDENCIAL CALI,181.61,Vivienda
713,2026-02-22,TRANSMILENIO #6854,169.09,Transporte
713,2026-05-22,DISNEY PLUS #5522 REF898344,82.72,Ocio
713,2026-02-08,FACTURA ENERGIA ENEL CODENSA #4568 REF896673,57.52,Servicios
713,2026-07-07,CHEDRAUI,52.59,Alimentacion
713,2026-07-14,SPOTIFY PREMIUM TIJUANA,10.02,Ocio
713,2026-06-14,FARMACIAS SIMILARES REF647526,62.52,Salud
713,2026-07-02,RETIRO CAJERO AUTOMATICO,87.06,Otros
714,2026-02-08,MOVISTAR PLAN CELULAR,79.69,Servicios
714,2026-02-25,METROBUS CDMX REF413543,47.28,Transporte
714,2026-07-06,CARULLA #5484,41.25,Alimentacion
714,2026-05-28,AGENCIA DE VIAJES,113.79,Ocio
714,2026-03-02,NETFLIX #8958 PUEBLA,122.43,Ocio
714,2026-02-03,FARMACIAS DEL AHORRO #2192 REF237779,37.46,Salud
714,2026-04-30,PAGO INFONAVIT #9116,324.51,Vivienda
714,2026-06-07,TELMEX INTERNET HOGAR #9428 BOGOTA REF416927,144.37,Servicios
714,2026-05-21,SUPERAMA REF323899,31.62,Alimentacion
714,2026-02-04,WALMART SUPERCENTER #3871,177.35,Alimentacion
714,2026-04-02,JUMBO BOGOTA REF295630,262.78,Alimentacion
714,2026-07-20,CLARO HOGAR INTERNET #9897,147.06,Servicios
714,2026-02-04,SUPERAMA QUERETARO,132.52,Alimentacion
714,2026-04-27,DIDI,42.55,Transporte
714,2026-04-14,ESTACION SERVICIO PRIMAX #6676 PUEBLA,50.42,Transporte
714,2026-03-15,BAR RESTAURANTE AMIGOS #783 REF341563,116.2,Ocio
714,2026-07-23,CABIFY CUCUTA,192.34,Transporte
714,2026-07-21,FARMACIA CRUZ VERDE #7783 GUADALAJARA,188.25,Salud
714,2026-06-12,SUPERAMA,209.21,Alimentacion
714,2026-04-07,CARULLA CUCUTA,202.38,Alimentacion
714,2026-03-08,COLEGIATURA COLEGIO PRIVADO,273.18,Educacion
714,2026-07-20,PEAJE AUTOPISTA #3804,175.46,Transporte
714,2026-03-04,GASOLINERA PEMEX #5530,147.08,Transporte
714,2026-05-06,BAR RESTAURANTE AMIGOS,71.75,Ocio
714,2026-07-29,DAVIPLATA #8024 CALI,50.28,Otros
714,2026-03-01,STEAM VIDEOJUEGOS CUCUTA,97.99,Ocio
715,2026-07-24,MATRICULA UNAM #7966,87.04,Educacion
715,2026-02-03,CHEDRAUI #9086,178.79,Alimentacion
715,2026-03-04,SUPERMERCADO D1 #1810 REF807824,73.5,Alimentacion
715,2026-04-11,ADMINISTRACION CONDOMINIO REF165142,601.79,Vivienda
715,2026-05-16,TELMEX INTERNET HOGAR MEDELLIN,28.43,Servicios
715,2026-03-28,CINEPOLIS,87.02,Ocio
715,2026-02-13,BODEGA AURRERA #1798,215.68,Alimentacion
715,2026-07-30,TELMEX INTERNET HOGAR #6936 GUADALAJARA REF908787,62.91,Servicios
715,2026-06-04,GASOLINERA PEMEX #2485,200.83,Transporte
715,2026-05-11,ARA TIENDA #4746,231.19,Alimentacion
715,2026-02-16,GASOLINERA PEMEX,68.92,Transporte
715,2026-02-02,HOMECENTER #6205,153.77,Vivienda
715,2026-04-24,ARA TIENDA #1158,87.13,Alimentacion
715,2026-07-12,EXITO CARTAGENA,83.14,Alimentacion
715,2026-06-18,EPS SURA COPAGO #6063,268.64,Salud
715,2026-05-29,UBER #5544 REF861554,203.42,Transporte
715,2026-02-21,CABIFY,24.09,Transporte
715,2026-04-27,FACTURA CFE,78.62,Servicios
715,2026-03-03,BAR RESTAURANTE AMIGOS,73.54,Ocio
715,2026-06-06,STEAM VIDEOJUEGOS #6764 CIUDAD DE MEXICO REF180708,16.61,Ocio
715,2026-07-04,CARULLA,108.15,Alimentacion
715,2026-04-18,WALMART SUPERCENTER #345,92.44,Alimentacion
715,2026-03-05,TELCEL PLAN CELULAR CALI REF234950,87.37,Servicios
715,2026-03-21,AGENCIA DE VIAJES,87.65,Ocio
716,2026-07-12,FARMATODO #3216 CIUDAD DE MEXICO,261.75,Salud
716,2026-04-12,BAR RESTAURANTE AMIGOS #9831 REF140609,59.8,Ocio
716,2026-07-30,HOMECENTER REF340540,340.57,Vivienda
716,2026-03-04,JUMBO #5059 REF537063,252.53,Alimentacion
716,2026-03-12,DIDI CIUDAD DE MEXICO,153.03,Transporte
716,2026-02-22,FACTURA ACUEDUCTO #9442 MONTERREY,140.31,Servicios
716,2026-02-21,PAGO INFONAVIT #2907,548.49,Vivienda
716,2026-06-10,SUPERMERCADO D1 CIUDAD DE MEXICO,168.42,Alimentacion
716,2026-04-24,TELCEL PLAN CELULAR #7822,30.64,Servicios
716,2026-06-22,GASOLINERA PEMEX #9805,68.3,Transporte
716,2026-04-15,SUPERAMA TIJUANA,261.9,Alimentacion
717,2026-02-22,ESTACION SERVICIO PRIMAX,69.53,Transporte
717,2026-03-14,TRANSFERENCIA MERCADO PAGO,89.71,Otros
717,2026-05-16,ESTACION SERVICIO PRIMAX #5958,14.36,Transporte
717,2026-07-27,CINEPOLIS #6343,103.67,Ocio
717,2026-03-09,UBER TIJUANA,73.42,Transporte
717,2026-06-25,FARMACIAS GUADALAJARA #769,258.32,Salud
717,2026-05-27,COMBUSTIBLE TERPEL #1172,170.53,Transporte
717,2026-06-21,CARULLA REF975285,181.96,Alimentacion
717,2026-05-03,EXITO #8323,94.47,Alimentacion
717,2026-04-03,SUPERAMA BOGOTA,144.24,Alimentacion
717,2026-04-27,FACTURA ENERGIA ENEL CODENSA #6203 REF791846,75.05,Servicios
717,2026-05-17,DISNEY PLUS CIUDAD DE MEXICO,47.36,Ocio
717,2026-03-02,GASOLINERA PEMEX CARTAGENA REF426137,179.63,Transporte
717,2026-02-02,IZZI TELECOM #8190 REF177542,80.27,Servicios
717,2026-03-25,AGENCIA DE VIAJES,109.09,Ocio
717,2026-04-20,HOME DEPOT MEXICO #7570,202.61,Vivienda
717,2026-06-04,UBER #4450,38.2,Transporte
717,2026-07-25,JUMBO #7106,264.1,Alimentacion
717,2026-04-26,EXITO PUEBLA,162.82,Alimentacion
717,2026-03-28,DIDI #8266 CALI,111.95,Transporte
718,2026-04-15,FARMACIAS DEL AHORRO #5203 CUCUTA,164.96,Salud
718,2026-03-11,SUPERMERCADO D1,45.64,Alimentacion
718,2026-04-27,AGENCIA DE VIAJES #8208,76.59,Ocio
718,2026-06-17,CINEPOLIS CUCUTA,16.42,Ocio
718,2026-04-13,STEAM VIDEOJUEGOS,30.47,Ocio
718,2026-03-28,EXITO,18.09,Alimentacion
718,2026-03-23,BODEGA AURRERA REF692523,143.46,Alimentacion
718,2026-03-05,EXITO,31.98,Alimentacion
718,2026-03-26,FARMACIAS SIMILARES,148.78,Salud
718,2026-04-10,FACTURA ACUEDUCTO #3367,140.95,Servicios
718,2026-02-22,DAVIPLATA,132.36,Otros
718,2026-07-27,DIDI #9287 BOGOTA,25.48,Transporte
719,2026-07-13,FARMATODO #2359,175.12,Salud
719,2026-04-27,PLATZI CURSO ONLINE #5679,229.78,Educacion
719,2026-02-25,ADMINISTRACION CONJUNTO RESIDENCIAL #883 QUERETARO REF731191,628.91,Vivienda
719,2026-04-10,ARRIENDO APARTAMENTO #3547,523.82,Vivienda
719,2026-03-01,GASOLINERA PEMEX #7555,180.02,Transporte
719,2026-06-17,EXITO MEDELLIN,102.04,Alimentacion
719,2026-03-31,CINE COLOMBIA #2963 QUERETARO REF550234,74.3,Ocio
719,2026-03-06,IZZI TELECOM #586,98.08,Servicios
719,2026-07-17,FARMACIAS DEL AHORRO #4154,106.65,Salud
719,2026-03-14,ARA TIENDA,158.26,Alimentacion
719,2026-04-02,CHEDRAUI,71.53,Alimentacion
719,2026-07-24,FARMACIAS SIMILARES,55.86,Salud
719,2026-02-24,FACTURA CFE #2907,65.49,Servicios
719,2026-04-05,FACTURA ACUEDUCTO,114.8,Servicios
720,2026-05-03,EXITO #2092 QUERETARO,147.59,Alimentacion
720,2026-07-01,CABIFY,202.1,Transporte
720,2026-06-09,CARULLA #3683,33.3,Alimentacion
720,2026-05-23,PEAJE AUTOPISTA #7708,146.61,Transporte
720,2026-07-26,SORIANA #7367,260.19,Alimentacion
720,2026-03-07,CINEPOLIS #2157,42.57,Ocio
720,2026-02-15,CABIFY BARRANQUILLA,182.29,Transporte
720,2026-07-17,CHEDRAUI GUADALAJARA,252.75,Alimentacion
720,2026-07-03,RECARGA OXXO #3476,137.0,Otros
720,2026-04-05,ADMINISTRACION CONDOMINIO BARRANQUILLA,265.66,Vivienda
721,2026-04-17,BAR RESTAURANTE AMIGOS,49.07,Ocio
721,2026-03-17,EPS SURA COPAGO #9873 REF531016,36.89,Salud
721,2026-04-02,UBER #3769 GUADALAJARA,160.61,Transporte
721,2026-07-31,WALMART SUPERCENTER MONTERREY REF737081,198.9,Alimentacion
721,2026-06-26,TRANSMILENIO,192.52,Transporte
721,2026-06-07,SPOTIFY PREMIUM,96.32,Ocio
721,2026-03-21,CINEPOLIS #2743,108.59,Ocio
721,2026-02-28,SPOTIFY PREMIUM #172,98.24,Ocio
721,2026-07-06,SPOTIFY PREMIUM,83.84,Ocio
721,2026-03-18,FARMACIAS GUADALAJARA REF376469,136.69,Salud
721,2026-04-02,FARMACIAS DEL AHORRO #973,272.1,Salud
721,2026-03-13,RETIRO CAJERO AUTOMATICO #8109 CUCUTA,120.66,Otros
721,2026-03-26,MOVISTAR PLAN CELULAR,68.78,Servicios
721,2026-05-22,IZZI TELECOM,26.27,Servicios
722,2026-04-03,SUPERAMA,135.94,Alimentacion
722,2026-04-03,ADMINISTRACION CONJUNTO RESIDENCIAL #6115,436.93,Vivienda
722,2026-04-09,SUPERAMA,48.32,Alimentacion
722,2026-02-19,WALMART SUPERCENTER,94.39,Alimentacion
722,2026-06-03,ARRIENDO APARTAMENTO GUADALAJARA REF492328,355.04,Vivienda
722,2026-07-01,TRANSMILENIO #7556 REF997452,171.64,Transporte
722,2026-03-22,SPOTIFY PREMIUM #3313 TIJUANA,101.27,Ocio
722,2026-05-18,TRANSMILENIO,54.6,Transporte
722,2026-02-28,WALMART SUPERCENTER #2233 BARRANQUILLA,170.21,Alimentacion
722,2026-07-19,BODEGA AURRERA #8485,73.3,Alimentacion
722,2026-07-08,TRANSFERENCIA NEQUI #8129,178.0,Otros
722,2026-07-10,ARA TIENDA,257.55,Alimentacion
722,2026-05-28,BODEGA AURRERA,156.45,Alimentacion
722,2026-04-25,DAVIPLATA #7114,128.81,Otros
722,2026-04-08,FACTURA CFE #2984 CIUDAD DE MEXICO,123.19,Servicios
722,2026-03-30,CINE COLOMBIA #707,95.12,Ocio
722,2026-05-28,SUPERAMA #8097,191.96,Alimentacion
722,2026-05-25,DEPOSITO BANCO AZTECA #9306 QUERETARO,172.95,Otros
722,2026-04-09,DAVIPLATA,111.4,Otros
722,2026-04-16,BODEGA AURRERA #9101,175.44,Alimentacion
722,2026-07-07,GASOLINERA PEMEX,179.85,Transporte
722,2026-06-24,SUPERMERCADO D1,184.17,Alimentacion
722,2026-04-02,FACTURA CFE REF380992,113.95,Servicios
723,2026-04-27,RECARGA OXXO #3983 QUERETARO,179.52,Otros
723,2026-03-23,RECARGA OXXO,113.91,Otros
723,2026-06-07,CARULLA REF975185,214.48,Alimentacion
723,2026-03-01,CINEPOLIS #4197,46.75,Ocio
723,2026-05-07,CINE COLOMBIA #3411 CALI,108.94,Ocio
723,2026-05-31,MATRICULA UNAM REF503254,255.66,Educacion
723,2026-05-18,FACTURA CFE CARTAGENA,109.09,Servicios
723,2026-04-04,UBER QUERETARO,68.89,Transporte
723,2026-03-18,OXXO PUEBLA,152.65,Alimentacion
723,2026-04-12,IZZI TELECOM #5633,100.59,Servicios
723,2026-07-30,GASOLINERA PEMEX,127.82,Transporte
723,2026-06-14,CARULLA #2806,247.95,Alimentacion
723,2026-04-26,FACTURA ACUEDUCTO #9405,136.27,Servicios
723,2026-02-20,COMBUSTIBLE TERPEL MEDELLIN REF730630,204.2,Transporte
723,2026-03-10,OXXO QUERETARO,183.53,Alimentacion
723,2026-03-25,CABIFY CALI,204.38,Transporte
723,2026-03-21,ARA TIENDA #2276,226.44,Alimentacion
723,2026-02-24,STEAM VIDEOJUEGOS #8052,38.85,Ocio
724,2026-03-21,CLARO HOGAR INTERNET,127.39,Servicios
724,2026-02-11,HOME DEPOT MEXICO BOGOTA REF393654,637.65,Vivienda
724,2026-07-07,PEAJE AUTOPISTA #2458,138.4,Transporte
724,2026-06-07,FACTURA ENERGIA ENEL CODENSA #5983 QUERETARO,77.31,Servicios
724,2026-07-19,FARMACIAS GUADALAJARA #1932,102.0,Salud
724,2026-04-08,NETFLIX #5803 REF239992,32.79,Ocio
724,2026-07-02,MATRICULA UNIVERSIDAD NACIONAL #2593,104.85,Educacion
724,2026-04-16,BODEGA AURRERA,116.39,Alimentacion
724,2026-03-28,GASOLINERA PEMEX,208.36,Transporte
724,2026-04-06,ESTACION SERVICIO PRIMAX REF413901,10.17,Transporte
724,2026-03-20,DISNEY PLUS #3955,29.65,Ocio
724,2026-07-31,CONSULTORIO IMSS #2188 REF601088,68.69,Salud
724,2026-04-21,UBER,153.42,Transporte
724,2026-02-28,CARULLA #2342 GUADALAJARA,101.65,Alimentacion
725,2026-06-11,PEAJE AUTOPISTA #2790,29.59,Transporte
725,2026-05-24,TELMEX INTERNET HOGAR,121.72,Servicios
725,2026-06-14,SUPERMERCADO D1 CUCUTA,157.32,Alimentacion
725,2026-07-12,MOVISTAR PLAN CELULAR #5819,112.74,Servicios
725,2026-02-20,OXXO QUERETARO REF367530,118.81,Alimentacion
725,2026-06-17,RECARGA OXXO CARTAGENA,74.85,Otros
725,2026-07-08,JUMBO #3844,35.53,Alimentacion
725,2026-07-13,BODEGA AURRERA REF990963,146.2,Alimentacion
725,2026-02-18,DISNEY PLUS PUEBLA,69.31,Ocio
725,2026-02-10,COURSERA CURSO ONLINE,200.54,Educacion
726,2026-04-13,DIDI #8157,86.37,Transporte
726,2026-06-04,DISNEY PLUS #853 GUADALAJARA,21.56,Ocio
726,2026-04-11,ICETEX CREDITO EDUCATIVO,348.27,Educacion
726,2026-04-27,CABIFY,132.8,Transporte
726,2026-03-20,ADMINISTRACION CONDOMINIO,327.36,Vivienda
726,2026-04-15,FACTURA CFE REF507610,19.15,Servicios
726,2026-06-19,WALMART SUPERCENTER,149.7,Alimentacion
726,2026-04-12,CINE COLOMBIA #7965,120.4,Ocio
726,2026-05-05,COOMEVA MEDICINA PREPAGADA #4358 REF773891,184.97,Salud
727,2026-03-24,STEAM VIDEOJUEGOS REF496113,81.47,Ocio
727,2026-03-12,TELCEL PLAN CELULAR,113.38,Servicios
727,2026-03-16,FACTURA ENERGIA ENEL CODENSA #6470,117.76,Servicios
727,2026-02-12,CABIFY #8852 REF147541,164.15,Transporte
727,2026-02-04,MATRICULA UNAM,273.79,Educacion
727,2026-06-15,UBER #6955 CARTAGENA,53.16,Transporte
727,2026-03-12,RECARGA OXXO CARTAGENA,78.72,Otros
727,2026-07-02,BODEGA AURRERA #6717 TIJUANA,211.79,Alimentacion
727,2026-06-09,HOME DEPOT MEXICO #5170 REF257446,626.71,Vivienda
727,2026-07-21,BAR RESTAURANTE AMIGOS,14.87,Ocio
727,2026-07-08,ICETEX CREDITO EDUCATIVO #6736 BARRANQUILLA,225.83,Educacion
727,2026-03-13,METROBUS CDMX #7669 PUEBLA,72.5,Transporte
727,2026-07-03,SORIANA #4451,68.6,Alimentacion
727,2026-04-27,SPOTIFY PREMIUM REF643647,68.23,Ocio
727,2026-05-29,SORIANA #9300,167.58,Alimentacion
727,2026-03-19,JUMBO #709,12.54,Alimentacion
727,2026-06-19,CINEPOLIS #9776 REF248000,102.53,Ocio
727,2026-03-05,IZZI TELECOM BOGOTA,125.68,Servicios
728,2026-06-10,CABIFY,171.98,Transporte
728,2026-05-04,FACTURA ENERGIA ENEL CODENSA,116.41,Servicios
728,2026-02-12,TRANSFERENCIA NEQUI #7742,139.27,Otros
728,2026-02-20,COOMEVA MEDICINA PREPAGADA MONTERREY REF808942,125.88,Salud
728,2026-03-02,MATRICULA UNAM #7847,306.86,Educacion
728,2026-04-10,ARA TIENDA #9854,110.56,Alimentacion
728,2026-03-11,WALMART SUPERCENTER #1864,243.66,Alimentacion
728,2026-06-07,WALMART SUPERCENTER #5577,56.08,Alimentacion
728,2026-07-28,CARULLA #1706 TIJUANA,86.01,Alimentacion
728,2026-04-02,OXXO QUERETARO,153.35,Alimentacion
729,2026-07-17,DISNEY PLUS REF246254,50.31,Ocio
729,2026-05-19,TRANSFERENCIA NEQUI,52.12,Otros
729,2026-06-07,METROBUS CDMX #1539 BARRANQUILLA,91.74,Transporte
729,2026-06-06,HOMECENTER #7508,407.87,Vivienda
729,2026-03-03,BODEGA AURRERA #2386,203.99,Alimentacion
729,2026-06-27,DIDI #6031 QUERETARO,34.21,Transporte
729,2026-02-25,SUPERMERCADO D1 REF671947,67.62,Alimentacion
729,2026-06-11,SORIANA #4239,108.71,Alimentacion
729,2026-05-22,BAR RESTAURANTE AMIGOS,50.05,Ocio
729,2026-03-31,RECARGA OXXO #5257,76.6,Otros
730,2026-03-24,SPOTIFY PREMIUM,60.85,Ocio
730,2026-02-19,COLEGIATURA COLEGIO PRIVADO,328.67,Educacion
730,2026-03-14,CINEPOLIS #6378,35.44,Ocio
730,2026-03-03,CINEPOLIS,115.4,Ocio
730,2026-06-03,CARULLA,155.87,Alimentacion
730,2026-04-19,WALMART SUPERCENTER,168.39,Alimentacion
730,2026-04-28,HOMECENTER #6522,587.53,Vivienda
730,2026-05-18,SORIANA,222.57,Alimentacion
730,2026-06-20,SUPERAMA #4452 REF278140,166.41,Alimentacion
730,2026-02-27,CINEPOLIS BARRANQUILLA,99.15,Ocio
730,2026-06-14,CINE COLOMBIA,59.16,Ocio
730,2026-03-12,GASOLINERA PEMEX,119.48,Transporte
730,2026-02-23,EPS SURA COPAGO,32.69,Salud
730,2026-03-07,PEAJE AUTOPISTA,27.97,Transporte
730,2026-06-14,CARULLA #1896 REF588857,225.65,Alimentacion
730,2026-03-16,FARMACIA CRUZ VERDE #321 CALI,32.01,Salud
730,2026-04-25,BODEGA AURRERA,54.04,Alimentacion
730,2026-05-24,FARMACIAS GUADALAJARA #8083,241.81,Salud
730,2026-07-04,ESTACION SERVICIO PRIMAX REF616474,10.23,Transporte
731,2026-04-13,TRANSMILENIO,111.88,Transporte
731,2026-04-19,TELMEX INTERNET HOGAR #8277 REF422075,112.92,Servicios
731,2026-03-07,FARMATODO,157.11,Salud
731,2026-02-18,TRANSMILENIO PUEBLA,131.7,Transporte
731,2026-06-13,MOVISTAR PLAN CELULAR,136.2,Servicios
731,2026-05-23,DISNEY PLUS #6812 REF147953,55.18,Ocio
731,2026-06-26,FARMACIA CRUZ VERDE,124.76,Salud
731,2026-05-31,DEPOSITO BANCO AZTECA #8692 GUADALAJARA,10.6,Otros
731,2026-02-04,NETFLIX TIJUANA,81.68,Ocio
731,2026-07-05,ESTACION SERVICIO PRIMAX REF553152,15.95,Transporte
732,2026-05-26,FARMACIAS DEL AHORRO,188.92,Salud
732,2026-05-31,ESTACION SERVICIO PRIMAX #9984,44.0,Transporte
732,2026-05-08,DAVIPLATA REF273371,163.87,Otros
732,2026-06-14,TELMEX INTERNET HOGAR #224 TIJUANA,42.09,Servicios
732,2026-06-21,CLARO HOGAR INTERNET,148.59,Servicios
732,2026-02-16,DISNEY PLUS BOGOTA REF204085,5.91,Ocio
732,2026-03-07,FARMACIAS DEL AHORRO,90.09,Salud
732,2026-03-22,RENTA DEPARTAMENTO,249.93,Vivienda
732,2026-03-20,IZZI TELECOM,16.89,Servicios
732,2026-03-14,ADMINISTRACION CONDOMINIO,516.18,Vivienda
732,2026-06-23,OXXO,190.29,Alimentacion
732,2026-02-11,RETIRO CAJERO AUTOMATICO,144.7,Otros
732,2026-05-04,ADMINISTRACION CONDOMINIO,278.35,Vivienda
732,2026-07-12,FARMACIA CRUZ VERDE TIJUANA,141.64,Salud
732,2026-03-14,TRANSMILENIO,141.82,Transporte
732,2026-06-08,OXXO #8740,124.34,Alimentacion
732,2026-03-18,SPOTIFY PREMIUM #8384 TIJUANA,92.17,Ocio
732,2026-04-25,TELMEX INTERNET HOGAR #688,100.59,Servicios
733,2026-06-28,IZZI TELECOM #9180,51.18,Servicios
733,2026-04-19,SUPERAMA REF522170,112.23,Alimentacion
733,2026-07-03,TRANSFERENCIA NEQUI REF669589,57.59,Otros
733,2026-03-31,RETIRO CAJERO AUTOMATICO CALI,48.73,Otros
733,2026-02-04,FACTURA CFE #1050,123.72,Servicios
733,2026-03-07,TRANSFERENCIA MERCADO PAGO #2598 TIJUANA,118.5,Otros
733,2026-06-21,BAR RESTAURANTE AMIGOS,75.68,Ocio
733,2026-06-18,WALMART SUPERCENTER,68.75,Alimentacion
733,2026-07-01,CONSULTORIO IMSS,276.65,Salud
733,2026-06-23,SUPERAMA GUADALAJARA,59.71,Alimentacion
733,2026-07-16,COLEGIATURA COLEGIO PRIVADO #2824 REF413366,323.11,Educacion
733,2026-04-21,EPS SURA COPAGO #8411 MEDELLIN,290.5,Salud
733,2026-04-21,COOMEVA MEDICINA PREPAGADA,222.22,Salud
733,2026-02-18,TELCEL PLAN CELULAR,149.04,Servicios
733,2026-02-13,COMBUSTIBLE TERPEL REF907170,140.21,Transporte
733,2026-04-09,RETIRO CAJERO AUTOMATICO #1905 CUCUTA,46.97,Otros
733,2026-04-17,CLARO HOGAR INTERNET,42.52,Servicios
733,2026-04-25,WALMART SUPERCENTER #3576 MEDELLIN,94.39,Alimentacion
734,2026-07-31,DIDI #2653 MEDELLIN REF279607,161.02,Transporte
734,2026-05-21,TRANSMILENIO QUERETARO,54.2,Transporte
734,2026-04-02,EXITO GUADALAJARA,140.26,Alimentacion
734,2026-04-23,SPOTIFY PREMIUM CIUDAD DE MEXICO,48.78,Ocio
734,2026-07-03,SUPERMERCADO D1,210.7,Alimentacion
734,2026-05-07,CLARO HOGAR INTERNET #6512,99.04,Servicios
734,2026-03-28,FARMACIAS GUADALAJARA #4193,150.66,Salud
734,2026-07-31,TRANSMILENIO #755 CALI,165.87,Transporte
734,2026-07-24,STEAM VIDEOJUEGOS REF522343,34.39,Ocio
734,2026-04-11,COURSERA CURSO ONLINE REF221128,307.61,Educacion
734,2026-03-20,GASOLINERA PEMEX CALI,183.07,Transporte
734,2026-05-04,ARA TIENDA #2972,238.44,Alimentacion
734,2026-07-11,MATRICULA UNIVERSIDAD NACIONAL #3043 REF924012,318.88,Educacion
734,2026-07-12,UBER #1539 REF111037,91.6,Transporte
734,2026-02-15,OXXO REF167049,265.27,Alimentacion
734,2026-04-26,GASOLINERA PEMEX REF714418,85.92,Transporte
734,2026-03-09,BODEGA AURRERA #9035 CARTAGENA REF365847,176.04,Alimentacion
735,2026-07-06,IZZI TELECOM,105.69,Servicios
735,2026-06-14,COLEGIATURA COLEGIO PRIVADO,134.47,Educacion
735,2026-03-18,ARRIENDO APARTAMENTO #5411 GUADALAJARA,394.85,Vivienda
735,2026-02-18,COMBUSTIBLE TERPEL #3032,32.09,Transporte
735,2026-07-30,TRANSMILENIO,104.32,Transporte
735,2026-07-20,RETIRO CAJERO AUTOMATICO #7719 BOGOTA,51.45,Otros
735,2026-07-01,CLARO HOGAR INTERNET #3833,62.13,Servicios
735,2026-07-23,SORIANA #3905 MONTERREY,52.28,Alimentacion
735,2026-04-27,UBER #6847 REF883459,56.01,Transporte
735,2026-06-26,HOMECENTER #4097,188.28,Vivienda
735,2026-05-07,CONSULTORIO IMSS #4069,277.17,Salud
735,2026-07-14,CINEPOLIS #4273 REF187278,71.3,Ocio
735,2026-03-06,OXXO REF574992,113.15,Alimentacion
735,2026-04-29,FACTURA ENERGIA ENEL CODENSA #1185,87.23,Servicios
736,2026-02-11,STEAM VIDEOJUEGOS,128.74,Ocio
736,2026-05-09,COLEGIATURA COLEGIO PRIVADO #498,129.58,Educacion
736,2026-03-01,FACTURA ENERGIA ENEL CODENSA #3670 MEDELLIN,139.68,Servicios
736,2026-06-28,COOMEVA MEDICINA PREPAGADA BARRANQUILLA REF848284,298.83,Salud
736,2026-03-02,HOMECENTER GUADALAJARA,449.92,Vivienda
736,2026-07-12,ADMINISTRACION CONDOMINIO #5310 CUCUTA,166.6,Vivienda
736,2026-07-23,TRANSMILENIO REF802202,26.32,Transporte
736,2026-03-09,PEAJE AUTOPISTA #7302,106.32,Transporte
736,2026-04-03,TELMEX INTERNET HOGAR,69.83,Servicios
736,2026-04-19,RECARGA OXXO,113.05,Otros
736,2026-06-04,ICETEX CREDITO EDUCATIVO CARTAGENA,189.57,Educacion
736,2026-06-30,JUMBO,252.86,Alimentacion
736,2026-07-11,CINE COLOMBIA CIUDAD DE MEXICO,71.84,Ocio
736,2026-02-05,PLATZI CURSO ONLINE #8031 BARRANQUILLA,285.15,Educacion
737,2026-05-13,CINEPOLIS #5253,57.9,Ocio
737,2026-07-12,SUPERMERCADO D1 #7924 REF218177,265.45,Alimentacion
737,2026-02-16,TRANSFERENCIA NEQUI #9258 CUCUTA,36.64,Otros
737,2026-06-11,DIDI #3930,118.16,Transporte
737,2026-06-15,PAGO INFONAVIT,199.44,Vivienda
737,2026-06-05,CHEDRAUI #9794,92.81,Alimentacion
737,2026-07-22,DIDI,115.51,Transporte
737,2026-03-18,CHEDRAUI,256.12,Alimentacion
737,2026-07-31,SUPERMERCADO D1,111.72,Alimentacion
737,2026-06-05,SUPERMERCADO D1 #6702,26.88,Alimentacion
737,2026-06-21,COMBUSTIBLE TERPEL #1272,87.63,Transporte
737,2026-05-29,HOME DEPOT MEXICO #1088,222.87,Vivienda
737,2026-02-21,DISNEY PLUS BARRANQUILLA,33.75,Ocio
737,2026-02-04,STEAM VIDEOJUEGOS,82.26,Ocio
737,2026-07-14,DIDI #5890,23.48,Transporte
737,2026-03-05,RECARGA OXXO QUERETARO,89.0,Otros
737,2026-03-22,GASOLINERA PEMEX MONTERREY,131.89,Transporte
737,2026-02-02,BODEGA AURRERA #671 REF658210,119.68,Alimentacion
737,2026-05-09,EXITO,14.97,Alimentacion
737,2026-06-17,CHEDRAUI #8969,266.24,Alimentacion
737,2026-05-25,CABIFY BARRANQUILLA REF651231,83.42,Transporte
737,2026-03-22,JUMBO #5412,212.43,Alimentacion
738,2026-07-10,CINE COLOMBIA,78.89,Ocio
738,2026-04-03,DISNEY PLUS,116.53,Ocio
738,2026-03-12,CHEDRAUI #7460 REF343939,192.01,Alimentacion
738,2026-04-23,DIDI #9727,39.74,Transporte
738,2026-04-02,JUMBO #5713,235.64,Alimentacion
738,2026-03-25,DIDI #8126 REF624016,70.31,Transporte
738,2026-05-16,JUMBO,128.06,Alimentacion
738,2026-02-26,UBER #7373 CALI REF158217,115.23,Transporte
738,2026-02-17,SUPERAMA,231.13,Alimentacion
738,2026-02-12,TELMEX INTERNET HOGAR #196 REF862320,140.77,Servicios
738,2026-02-05,RETIRO CAJERO AUTOMATICO MONTERREY,168.04,Otros
738,2026-04-21,CLARO HOGAR INTERNET,16.07,Servicios
738,2026-06-12,WALMART SUPERCENTER #1629,249.69,Alimentacion
738,2026-06-03,DIDI #1044,20.88,Transporte
738,2026-06-23,CINE COLOMBIA MEDELLIN,38.22,Ocio
738,2026-06-02,FARMATODO #1903 REF190766,161.77,Salud
738,2026-06-25,RECARGA OXXO,91.59,Otros
739,2026-03-09,CINEPOLIS #4505 QUERETARO,120.09,Ocio
739,2026-05-16,CARULLA #7395 GUADALAJARA,29.95,Alimentacion
739,2026-06-19,DISNEY PLUS #4333 MEDELLIN REF289224,81.2,Ocio
739,2026-02-02,AGENCIA DE VIAJES #9586,90.22,Ocio
739,2026-02-18,SUPERAMA,141.44,Alimentacion
739,2026-02-26,AGENCIA DE VIAJES #4274,91.78,Ocio
739,2026-04-12,BODEGA AURRERA #7909 CIUDAD DE MEXICO REF991067,54.92,Alimentacion
739,2026-04-08,RENTA DEPARTAMENTO CIUDAD DE MEXICO,576.32,Vivienda
739,2026-03-26,TELMEX INTERNET HOGAR #2040 BARRANQUILLA,33.9,Servicios
739,2026-04-08,METROBUS CDMX,90.16,Transporte
739,2026-07-31,FARMATODO #2016 REF939327,36.45,Salud
739,2026-07-19,CHEDRAUI #4124 REF947108,151.75,Alimentacion
739,2026-05-17,SUPERAMA,184.13,Alimentacion
739,2026-02-12,TRANSMILENIO,198.24,Transporte
739,2026-04-25,CHEDRAUI #8034 GUADALAJARA,202.23,Alimentacion
739,2026-05-20,GASOLINERA PEMEX #9993,118.22,Transporte
739,2026-05-14,COMBUSTIBLE TERPEL #8206 MONTERREY,196.52,Transporte
739,2026-07-22,CABIFY #2704,105.69,Transporte
740,2026-07-09,GASOLINERA PEMEX,190.8,Transporte
740,2026-04-12,TELMEX INTERNET HOGAR #5382 REF113527,134.33,Servicios
740,2026-02-07,CINE COLOMBIA,68.59,Ocio
740,2026-04-10,SUPERMERCADO D1 CALI,177.22,Alimentacion
740,2026-06-29,MATRICULA UNIVERSIDAD NACIONAL #7985,172.84,Educacion
740,2026-04-13,TRANSMILENIO,103.64,Transporte
740,2026-03-02,RECARGA OXXO,164.07,Otros
740,2026-06-28,EXITO,251.98,Alimentacion
740,2026-06-20,RETIRO CAJERO AUTOMATICO,162.22,Otros
740,2026-04-29,DAVIPLATA #4715,33.52,Otros
741,2026-02-12,GASOLINERA PEMEX #5565,101.14,Transporte
741,2026-04-10,BODEGA AURRERA #3735 REF615057,195.63,Alimentacion
741,2026-06-24,GASOLINERA PEMEX #5862,168.52,Transporte
741,2026-03-13,DEPOSITO BANCO AZTECA,94.0,Otros
741,2026-07-01,MATRICULA UNAM REF219964,346.37,Educacion
741,2026-02-04,UBER,119.23,Transporte
741,2026-06-11,SUPERAMA #8217,117.03,Alimentacion
741,2026-02-22,CINEPOLIS #4146,18.48,Ocio
741,2026-04-29,CINEPOLIS,54.18,Ocio
741,2026-05-09,MOVISTAR PLAN CELULAR #3331 REF543795,114.08,Servicios
741,2026-03-29,FACTURA ACUEDUCTO #2020 MONTERREY,139.37,Servicios
741,2026-04-08,METROBUS CDMX #9434 PUEBLA,60.34,Transporte
741,2026-04-19,DISNEY PLUS #3279,49.4,Ocio
742,2026-04-25,SUPERMERCADO D1 #4000,199.67,Alimentacion
742,2026-02-20,EPS SURA COPAGO CUCUTA,186.58,Salud
742,2026-05-19,JUMBO REF613056,181.98,Alimentacion
742,2026-03-08,PAGO INFONAVIT #8706,599.41,Vivienda
742,2026-07-09,AGENCIA DE VIAJES,103.0,Ocio
742,2026-07-26,TELMEX INTERNET HOGAR #6243,120.42,Servicios
742,2026-05-14,TRANSMILENIO REF228822,195.44,Transporte
742,2026-06-24,ARRIENDO APARTAMENTO,644.97,Vivienda
742,2026-02-19,METROBUS CDMX REF325277,126.26,Transporte
742,2026-04-12,EXITO,38.31,Alimentacion
742,2026-04-06,DISNEY PLUS,62.39,Ocio
742,2026-07-11,CINEPOLIS #6452,103.45,Ocio
742,2026-04-01,PEAJE AUTOPISTA #6611,15.55,Transporte
742,2026-06-22,AGENCIA DE VIAJES REF167787,12.11,Ocio
743,2026-06-27,METROBUS CDMX REF954099,156.45,Transporte
743,2026-07-26,ESTACION SERVICIO PRIMAX,74.2,Transporte
743,2026-05-15,BODEGA AURRERA REF546349,78.98,Alimentacion
743,2026-02-02,ARRIENDO APARTAMENTO #9073,476.16,Vivienda
743,2026-03-23,ARA TIENDA #3121,155.34,Alimentacion
743,2026-02-15,ADMINISTRACION CONJUNTO RESIDENCIAL #1105,331.21,Vivienda
743,2026-02-05,MATRICULA UNAM CIUDAD DE MEXICO,265.56,Educacion
743,2026-03-01,NETFLIX REF530577,38.9,Ocio
743,2026-06-19,COOMEVA MEDICINA PREPAGADA GUADALAJARA,241.53,Salud
743,2026-03-16,ICETEX CREDITO EDUCATIVO,110.99,Educacion
743,2026-03-30,CABIFY CALI,41.77,Transporte
743,2026-03-12,COURSERA CURSO ONLINE #889,318.41,Educacion
743,2026-07-15,CHEDRAUI,194.05,Alimentacion
743,2026-04-07,SORIANA #9224,57.49,Alimentacion
743,2026-04-04,ARA TIENDA #8520,40.22,Alimentacion
743,2026-02-01,SPOTIFY PREMIUM #6428,109.8,Ocio
743,2026-04-06,DIDI MEDELLIN,165.32,Transporte
743,2026-04-21,FACTURA ACUEDUCTO REF926613,59.18,Servicios
743,2026-02-23,TRANSMILENIO #7308,141.64,Transporte
743,2026-04-14,DAVIPLATA QUERETARO,31.11,Otros
744,2026-06-30,DEPOSITO BANCO AZTECA TIJUANA,17.71,Otros
744,2026-02-10,TRANSFERENCIA MERCADO PAGO REF658951,71.47,Otros
744,2026-05-21,AGENCIA DE VIAJES #1142,99.56,Ocio
744,2026-06-04,GASOLINERA PEMEX,83.78,Transporte
744,2026-07-17,METROBUS CDMX CARTAGENA,153.03,Transporte
744,2026-06-13,METROBUS CDMX #3031 CALI,83.9,Transporte
744,2026-04-09,MATRICULA UNAM TIJUANA,183.71,Educacion
744,2026-07-19,FARMATODO #3820 BOGOTA,175.71,Salud
744,2026-03-21,COLEGIATURA COLEGIO PRIVADO #3644 REF362404,381.51,Educacion
744,2026-06-07,IZZI TELECOM,29.7,Servicios
744,2026-07-23,AGENCIA DE VIAJES BOGOTA,9.11,Ocio
744,2026-07-22,FARMACIAS DEL AHORRO BOGOTA,188.27,Salud
745,2026-02-17,SPOTIFY PREMIUM #8823 MONTERREY,62.73,Ocio
745,2026-02-07,CINE COLOMBIA,84.95,Ocio
745,2026-07-14,ICETEX CREDITO EDUCATIVO,195.89,Educacion
745,2026-05-11,DAVIPLATA #2223,87.82,Otros
745,2026-07-02,OXXO #977 CALI REF782041,14.24,Alimentacion
745,2026-04-13,COOMEVA MEDICINA PREPAGADA #766 REF287996,64.61,Salud
745,2026-03-22,TELCEL PLAN CELULAR #8149 REF377218,80.95,Servicios
745,2026-02-23,STEAM VIDEOJUEGOS,107.83,Ocio
745,2026-03-04,TRANSFERENCIA MERCADO PAGO,57.38,Otros
745,2026-05-16,CABIFY,114.53,Transporte
745,2026-05-21,CHEDRAUI CALI,99.69,Alimentacion
745,2026-03-01,METROBUS CDMX QUERETARO,30.96,Transporte
745,2026-06-26,TELCEL PLAN CELULAR,144.37,Servicios
745,2026-07-15,DEPOSITO BANCO AZTECA #8047 CARTAGENA,155.29,Otros
745,2026-03-31,BODEGA AURRERA #4906,30.41,Alimentacion
745,2026-02-12,RECARGA OXXO,132.36,Otros
746,2026-07-23,FARMACIAS DEL AHORRO #4349,217.18,Salud
746,2026-05-22,HOME DEPOT MEXICO #9158 REF939720,180.7,Vivienda
746,2026-04-10,MOVISTAR PLAN CELULAR #4514,139.06,Servicios
746,2026-03-11,TRANSMILENIO #1017,26.21,Transporte
746,2026-03-07,SORIANA #7070,247.7,Alimentacion
746,2026-03-21,METROBUS CDMX,108.16,Transporte
746,2026-06-05,COMBUSTIBLE TERPEL,99.62,Transporte
746,2026-02-15,FACTURA ENERGIA ENEL CODENSA #4455 CIUDAD DE MEXICO,146.4,Servicios
746,2026-05-28,COMBUSTIBLE TERPEL #4434 REF272252,208.08,Transporte
746,2026-04-11,SUPERAMA,179.05,Alimentacion
746,2026-05-28,FACTURA ENERGIA ENEL CODENSA,32.16,Servicios
746,2026-04-14,SORIANA #2727,141.6,Alimentacion
746,2026-04-02,PEAJE AUTOPISTA #3443 CUCUTA,115.83,Transporte
747,2026-05-31,AGENCIA DE VIAJES #7383,76.05,Ocio
747,2026-03-23,ICETEX CREDITO EDUCATIVO REF612549,280.92,Educacion
747,2026-02-24,UBER #7107,27.08,Transporte
747,2026-03-03,TELCEL PLAN CELULAR REF314632,99.58,Servicios
747,2026-02-09,GASOLINERA PEMEX #1034,66.15,Transporte
747,2026-03-22,SUPERAMA #5990 REF953079,141.82,Alimentacion
747,2026-04-20,RETIRO CAJERO AUTOMATICO,141.47,Otros
747,2026-04-06,AGENCIA DE VIAJES MONTERREY,93.21,Ocio
747,2026-05-02,FARMACIAS SIMILARES #1826 REF310284,48.89,Salud
747,2026-05-09,PLATZI CURSO ONLINE PUEBLA,246.69,Educacion
747,2026-04-12,OXXO #528,261.97,Alimentacion
747,2026-04-19,OXXO #619,50.76,Alimentacion
747,2026-02-23,CARULLA,231.76,Alimentacion
747,2026-03-21,CHEDRAUI #5300 BOGOTA,192.66,Alimentacion
747,2026-04-01,SORIANA #9884,211.24,Alimentacion
747,2026-06-30,CARULLA,83.31,Alimentacion
747,2026-05-17,COLEGIATURA COLEGIO PRIVADO MONTERREY REF281265,132.96,Educacion
747,2026-05-06,STEAM VIDEOJUEGOS REF197997,118.25,Ocio
747,2026-03-05,TRANSFERENCIA NEQUI,71.17,Otros
747,2026-02-19,COLEGIATURA COLEGIO PRIVADO REF529405,48.63,Educacion
747,2026-03-15,PAGO INFONAVIT CUCUTA,450.3,Vivienda
747,2026-02-03,ESTACION SERVICIO PRIMAX,34.96,Transporte
748,2026-07-06,METROBUS CDMX GUADALAJARA,86.21,Transporte
748,2026-05-19,SUPERAMA,211.39,Alimentacion
748,2026-05-13,SUPERMERCADO D1 #6361 MONTERREY REF961887,118.51,Alimentacion
748,2026-07-23,TRANSMILENIO PUEBLA REF719387,204.47,Transporte
748,2026-07-28,ESTACION SERVICIO PRIMAX BOGOTA,157.15,Transporte
748,2026-06-06,FACTURA CFE,17.09,Servicios
748,2026-02-25,CHEDRAUI REF855851,238.8,Alimentacion
748,2026-07-12,JUMBO PUEBLA,36.21,Alimentacion
748,2026-04-03,UBER #736,38.1,Transporte
748,2026-02-05,ARA TIENDA #9525 CALI,200.97,Alimentacion
748,2026-07-12,SORIANA #1817 REF529590,234.89,Alimentacion
748,2026-06-28,TELMEX INTERNET HOGAR #8427 MEDELLIN,87.41,Servicios
748,2026-02-21,CABIFY REF601637,67.81,Transporte
748,2026-06-20,COURSERA CURSO ONLINE #3457 PUEBLA,156.74,Educacion
748,2026-02-07,PAGO MULTA TRANSITO #6170,68.29,Otros
748,2026-04-05,SUPERMERCADO D1 REF837152,94.94,Alimentacion
748,2026-07-20,PEAJE AUTOPISTA,58.58,Transporte
748,2026-05-14,PAGO INFONAVIT,454.43,Vivienda
748,2026-03-06,CABIFY,190.08,Transporte
748,2026-05-31,ESTACION SERVICIO PRIMAX #7162 BARRANQUILLA,71.42,Transporte
748,2026-04-01,ARA TIENDA,58.54,Alimentacion
748,2026-05-28,COMBUSTIBLE TERPEL,177.72,Transporte
748,2026-03-01,DEPOSITO BANCO AZTECA #7859,136.1,Otros
748,2026-04-04,ADMINISTRACION CONDOMINIO #1931 REF744254,615.42,Vivienda
748,2026-07-19,OXXO #994 BOGOTA,53.04,Alimentacion
748,2026-07-26,HOME DEPOT MEXICO,222.13,Vivienda
749,2026-07-09,CINE COLOMBIA #6009,59.09,Ocio
749,2026-03-17,PEAJE AUTOPISTA #4102,145.89,Transporte
749,2026-03-05,HOME DEPOT MEXICO,375.6,Vivienda
749,2026-02-20,UBER CIUDAD DE MEXICO,76.72,Transporte
749,2026-02-12,FACTURA ENERGIA ENEL CODENSA #3082,55.99,Servicios
749,2026-03-08,DISNEY PLUS GUADALAJARA,56.36,Ocio
749,2026-04-23,STEAM VIDEOJUEGOS #7603,7.89,Ocio
749,2026-03-16,FACTURA ENERGIA ENEL CODENSA #5661 REF480075,105.25,Servicios
749,2026-04-13,TRANSFERENCIA NEQUI #5186,153.67,Otros
749,2026-04-11,WALMART SUPERCENTER CARTAGENA REF637857,102.2,Alimentacion
749,2026-03-23,FACTURA ENERGIA ENEL CODENSA REF593598,21.21,Servicios
749,2026-02-12,CINE COLOMBIA,128.35,Ocio
750,2026-02-13,CINEPOLIS,76.84,Ocio
750,2026-03-31,EXITO CARTAGENA REF655583,118.05,Alimentacion
750,2026-07-30,NETFLIX,19.72,Ocio
750,2026-07-19,CONSULTORIO IMSS,109.13,Salud
750,2026-05-23,SPOTIFY PREMIUM #6185,95.61,Ocio
750,2026-04-23,EXITO #6864,169.12,Alimentacion
750,2026-06-16,MATRICULA UNIVERSIDAD NACIONAL,69.92,Educacion
750,2026-06-07,CARULLA #1485 CALI,52.46,Alimentacion
750,2026-06-22,JUMBO,176.59,Alimentacion
750,2026-06-02,CINEPOLIS,106.68,Ocio
750,2026-02-25,STEAM VIDEOJUEGOS #4996,48.68,Ocio
751,2026-06-15,CHEDRAUI #7404 MONTERREY,84.27,Alimentacion
751,2026-05-03,HOMECENTER #2375 MEDELLIN,242.55,Vivienda
751,2026-02-19,CARULLA,262.7,Alimentacion
751,2026-05-13,AGENCIA DE VIAJES REF566256,94.67,Ocio
751,2026-07-04,FARMACIAS SIMILARES #4413 PUEBLA REF498400,252.7,Salud
751,2026-07-15,ICETEX CREDITO EDUCATIVO #6320,29.93,Educacion
751,2026-07-03,MATRICULA UNIVERSIDAD NACIONAL TIJUANA,157.92,Educacion
751,2026-05-17,WALMART SUPERCENTER #3158,203.13,Alimentacion
751,2026-04-18,TELCEL PLAN CELULAR,25.53,Servicios
751,2026-05-04,WALMART SUPERCENTER,157.51,Alimentacion
751,2026-05-19,CINEPOLIS QUERETARO,58.63,Ocio
751,2026-03-26,STEAM VIDEOJUEGOS #7587,7.2,Ocio
751,2026-03-26,ESTACION SERVICIO PRIMAX #3793,57.2,Transporte
751,2026-05-04,PEAJE AUTOPISTA #3370 MEDELLIN,66.96,Transporte
751,2026-07-18,PLATZI CURSO ONLINE #4905,66.95,Educacion
751,2026-03-26,DAVIPLATA,117.36,Otros
752,2026-07-10,ARA TIENDA REF530232,198.21,Alimentacion
752,2026-02-12,DISNEY PLUS,118.7,Ocio
752,2026-04-09,HOME DEPOT MEXICO,162.52,Vivienda
752,2026-02-18,FACTURA ENERGIA ENEL CODENSA #5564 REF692774,75.51,Servicios
752,2026-07-24,ESTACION SERVICIO PRIMAX #2136,132.16,Transporte
752,2026-05-07,SUPERAMA,92.83,Alimentacion
752,2026-02-04,CINE COLOMBIA #9102,101.55,Ocio
752,2026-04-08,CHEDRAUI #1519,262.58,Alimentacion
752,2026-04-26,CINEPOLIS,122.93,Ocio
752,2026-02-03,CARULLA REF694165,79.16,Alimentacion
752,2026-05-13,CONSULTORIO IMSS,79.51,Salud
752,2026-03-10,TRANSFERENCIA NEQUI #4982,172.77,Otros
752,2026-05-07,MOVISTAR PLAN CELULAR,76.91,Servicios
752,2026-02-03,BODEGA AURRERA #8138,64.16,Alimentacion
753,2026-05-01,BAR RESTAURANTE AMIGOS #3034 TIJUANA REF190639,63.95,Ocio
753,2026-02-09,JUMBO BARRANQUILLA,173.11,Alimentacion
753,2026-05-24,CINE COLOMBIA REF436538,111.09,Ocio
753,2026-04-20,BODEGA AURRERA MEDELLIN,69.77,Alimentacion
753,2026-04-01,METROBUS CDMX,173.47,Transporte
753,2026-02-16,TELCEL PLAN CELULAR #7481,46.71,Servicios
753,2026-07-29,CABIFY #7636,145.35,Transporte
753,2026-06-04,PLATZI CURSO ONLINE REF579477,186.5,Educacion
754,2026-02-17,HOME DEPOT MEXICO GUADALAJARA,476.65,Vivienda
754,2026-03-07,TRANSMILENIO #174,56.8,Transporte
754,2026-03-05,FACTURA ACUEDUCTO CUCUTA,39.79,Servicios
754,2026-03-13,UBER #3896 CARTAGENA,11.99,Transporte
754,2026-05-25,RENTA DEPARTAMENTO #2353 CALI,385.82,Vivienda
754,2026-07-05,FARMACIAS SIMILARES,137.16,Salud
754,2026-05-24,FARMATODO,81.65,Salud
754,2026-07-09,GASOLINERA PEMEX REF387953,20.73,Transporte
754,2026-05-26,BODEGA AURRERA,121.61,Alimentacion
754,2026-05-27,CLARO HOGAR INTERNET #8453,121.41,Servicios
754,2026-06-01,DISNEY PLUS TIJUANA,94.41,Ocio
754,2026-07-14,FACTURA ENERGIA ENEL CODENSA MONTERREY,131.21,Servicios
754,2026-05-21,CABIFY REF962950,11.92,Transporte
754,2026-02-07,SORIANA #7878 MONTERREY,261.27,Alimentacion
754,2026-02-06,COMBUSTIBLE TERPEL #1188 CIUDAD DE MEXICO REF582820,78.28,Transporte
754,2026-03-10,RENTA DEPARTAMENTO #9931,645.2,Vivienda
754,2026-04-26,ARA TIENDA #5115,75.68,Alimentacion
754,2026-03-16,PAGO MULTA TRANSITO GUADALAJARA,90.16,Otros
754,2026-02-16,NETFLIX,49.24,Ocio
754,2026-03-01,JUMBO QUERETARO,102.5,Alimentacion
754,2026-04-30,FARMATODO #2252 MEDELLIN REF696793,255.05,Salud
754,2026-04-15,CABIFY CALI,159.28,Transporte
755,2026-03-24,OXXO,255.07,Alimentacion
755,2026-05-18,DISNEY PLUS #8562,25.8,Ocio
755,2026-07-17,JUMBO,86.02,Alimentacion
755,2026-05-30,DIDI,40.41,Transporte
755,2026-04-22,DISNEY PLUS #6865 REF497296,104.03,Ocio
755,2026-04-06,CARULLA #8064 GUADALAJARA,26.13,Alimentacion
755,2026-02-05,DIDI #729,26.33,Transporte
755,2026-04-28,GASOLINERA PEMEX #6369,69.7,Transporte
755,2026-04-18,FARMACIA CRUZ VERDE #7897,161.54,Salud
755,2026-07-01,CHEDRAUI,115.63,Alimentacion
755,2026-02-12,CLARO HOGAR INTERNET,21.05,Servicios
755,2026-07-31,FARMATODO REF170048,287.89,Salud
755,2026-05-03,SPOTIFY PREMIUM #6602 REF221272,124.11,Ocio
755,2026-04-14,UBER REF279769,65.87,Transporte
755,2026-07-02,CHEDRAUI,200.2,Alimentacion
755,2026-06-15,MOVISTAR PLAN CELULAR #1405,93.11,Servicios
756,2026-06-30,OXXO #7897,219.95,Alimentacion
756,2026-07-29,CONSULTORIO IMSS #8925 REF483316,152.22,Salud
756,2026-03-09,DEPOSITO BANCO AZTECA REF513997,121.32,Otros
756,2026-06-16,METROBUS CDMX,47.85,Transporte
756,2026-05-01,DIDI #4270,116.7,Transporte
756,2026-02-26,ESTACION SERVICIO PRIMAX,73.6,Transporte
756,2026-06-08,CINEPOLIS #1367,70.8,Ocio
756,2026-05-28,ADMINISTRACION CONDOMINIO,540.41,Vivienda
756,2026-02-21,FACTURA ENERGIA ENEL CODENSA,118.8,Servicios
756,2026-03-27,CINEPOLIS TIJUANA REF190842,49.28,Ocio
756,2026-04-19,TRANSFERENCIA MERCADO PAGO #1558,128.03,Otros
756,2026-03-08,ESTACION SERVICIO PRIMAX,198.26,Transporte
756,2026-05-22,TRANSMILENIO CUCUTA,135.13,Transporte
756,2026-02-18,SUPERAMA REF211547,48.59,Alimentacion
756,2026-06-29,AGENCIA DE VIAJES #963 CUCUTA REF825995,89.96,Ocio
756,2026-05-27,UBER QUERETARO REF987222,30.98,Transporte
756,2026-04-20,METROBUS CDMX,184.42,Transporte
756,2026-04-12,TELMEX INTERNET HOGAR #8905 REF498738,84.75,Servicios
756,2026-07-07,CINEPOLIS #1288 REF154581,53.14,Ocio
756,2026-06-20,FARMACIAS DEL AHORRO #5762,31.25,Salud
757,2026-04-18,BAR RESTAURANTE AMIGOS #6536 BOGOTA,77.32,Ocio
757,2026-07-31,OXXO #7114 BARRANQUILLA,130.36,Alimentacion
757,2026-03-10,IZZI TELECOM #7487 REF222479,37.76,Servicios
757,2026-07-19,DIDI,13.71,Transporte
757,2026-05-11,METROBUS CDMX,131.96,Transporte
757,2026-04-23,CINEPOLIS #414,120.1,Ocio
757,2026-04-14,EPS SURA COPAGO,45.31,Salud
757,2026-05-16,AGENCIA DE VIAJES PUEBLA,31.37,Ocio
758,2026-04-06,FACTURA CFE BOGOTA,142.03,Servicios
758,2026-05-05,MATRICULA UNAM,235.28,Educacion
758,2026-03-13,FARMACIAS DEL AHORRO #4801 CARTAGENA REF963508,202.75,Salud
758,2026-06-28,TELMEX INTERNET HOGAR,64.64,Servicios
758,2026-06-19,COLEGIATURA COLEGIO PRIVADO,318.25,Educacion
758,2026-04-26,BAR RESTAURANTE AMIGOS #3147,25.82,Ocio
758,2026-03-24,FARMACIAS DEL AHORRO #189 REF240527,28.94,Salud
758,2026-07-14,JUMBO #2808 GUADALAJARA,112.83,Alimentacion
758,2026-03-17,ADMINISTRACION CONDOMINIO #8046,576.85,Vivienda
758,2026-03-06,FACTURA ENERGIA ENEL CODENSA #3500,116.92,Servicios
758,2026-05-01,TELMEX INTERNET HOGAR,84.82,Servicios
758,2026-02-03,JUMBO #4824,158.76,Alimentacion
758,2026-03-03,TRANSFERENCIA MERCADO PAGO #7772,32.08,Otros
758,2026-02-02,TRANSFERENCIA MERCADO PAGO QUERETARO,152.92,Otros
758,2026-04-29,SPOTIFY PREMIUM REF203795,103.37,Ocio
758,2026-03-03,TELCEL PLAN CELULAR CARTAGENA,103.62,Servicios
758,2026-03-06,CINE COLOMBIA #787,63.27,Ocio
758,2026-06-02,BAR RESTAURANTE AMIGOS,125.56,Ocio
758,2026-02-02,CABIFY #4350,185.81,Transporte
758,2026-03-16,ESTACION SERVICIO PRIMAX,138.89,Transporte
758,2026-04-22,CINE COLOMBIA #852 MONTERREY,51.48,Ocio
758,2026-06-09,CARULLA #8624,170.69,Alimentacion
758,2026-02-04,FACTURA ACUEDUCTO MONTERREY,92.68,Servicios
758,2026-06-25,COLEGIATURA COLEGIO PRIVADO #6497,172.84,Educacion
759,2026-02-22,EXITO #4759,27.6,Alimentacion
759,2026-07-23,SUPERAMA #2175,105.76,Alimentacion
759,2026-03-12,NETFLIX #3953 REF423125,115.61,Ocio
759,2026-03-05,PAGO MULTA TRANSITO REF416447,138.39,Otros
759,2026-04-12,MATRICULA UNAM,146.22,Educacion
759,2026-05-01,BAR RESTAURANTE AMIGOS #6079,122.27,Ocio
759,2026-05-15,FACTURA CFE #259 BARRANQUILLA,25.34,Servicios
759,2026-05-19,SORIANA #5995 BOGOTA,259.92,Alimentacion
759,2026-02-15,STEAM VIDEOJUEGOS QUERETARO,35.71,Ocio
759,2026-06-14,TRANSFERENCIA MERCADO PAGO #4077,11.55,Otros
759,2026-05-16,PAGO MULTA TRANSITO,83.75,Otros
759,2026-05-07,COOMEVA MEDICINA PREPAGADA,117.31,Salud
759,2026-02-22,RETIRO CAJERO AUTOMATICO #5830,101.65,Otros
759,2026-05-20,DIDI #498,169.35,Transporte
759,2026-05-23,ESTACION SERVICIO PRIMAX #4829 BOGOTA,178.49,Transporte
759,2026-03-28,NETFLIX REF210258,55.15,Ocio
759,2026-07-19,CONSULTORIO IMSS QUERETARO,137.51,Salud
759,2026-07-18,PEAJE AUTOPISTA CIUDAD DE MEXICO,39.64,Transporte
759,2026-04-26,MATRICULA UNAM #5538,42.83,Educacion
759,2026-03-08,STEAM VIDEOJUEGOS #2410 MONTERREY,85.15,Ocio
759,2026-02-06,CHEDRAUI,26.75,Alimentacion
759,2026-05-03,OXXO #2695,200.8,Alimentacion
759,2026-04-24,FARMACIAS GUADALAJARA BARRANQUILLA REF698500,168.64,Salud
760,2026-06-15,HOMECENTER #1489,380.96,Vivienda
760,2026-04-01,ADMINISTRACION CONJUNTO RESIDENCIAL REF519933,224.35,Vivienda
760,2026-06-16,JUMBO,198.2,Alimentacion
760,2026-05-14,RECARGA OXXO #2969 BARRANQUILLA,41.75,Otros
760,2026-02-07,OXXO TIJUANA,202.02,Alimentacion
760,2026-03-29,PEAJE AUTOPISTA #3474 REF772367,105.87,Transporte
760,2026-06-25,FACTURA ENERGIA ENEL CODENSA #2174 REF932665,76.26,Servicios
760,2026-02-16,WALMART SUPERCENTER #9217,231.37,Alimentacion
760,2026-02-14,TRANSFERENCIA NEQUI BARRANQUILLA,130.46,Otros
760,2026-06-08,MATRICULA UNIVERSIDAD NACIONAL CIUDAD DE MEXICO,37.34,Educacion
760,2026-05-23,NETFLIX,42.02,Ocio
760,2026-02-06,EPS SURA COPAGO #6082,263.21,Salud
760,2026-05-24,FARMATODO #2401,20.22,Salud
760,2026-07-09,PAGO MULTA TRANSITO MEDELLIN,102.69,Otros
760,2026-06-02,CABIFY #4259,155.57,Transporte
761,2026-03-31,ARA TIENDA,132.7,Alimentacion
761,2026-05-25,EXITO #3518,196.35,Alimentacion
761,2026-02-08,CABIFY #9475 QUERETARO REF641802,185.26,Transporte
761,2026-04-25,SPOTIFY PREMIUM #1414,39.03,Ocio
761,2026-02-22,RENTA DEPARTAMENTO #8822,321.04,Vivienda
761,2026-04-02,FACTURA ACUEDUCTO #3913 QUERETARO REF833787,140.65,Servicios
761,2026-07-12,TELMEX INTERNET HOGAR,93.1,Servicios
761,2026-07-03,RETIRO CAJERO AUTOMATICO #1492 MONTERREY,40.42,Otros
761,2026-04-17,GASOLINERA PEMEX #9451,142.74,Transporte
761,2026-06-21,COMBUSTIBLE TERPEL,208.15,Transporte
761,2026-02-27,MOVISTAR PLAN CELULAR #1991 REF942160,126.17,Servicios
761,2026-02-17,SUPERAMA #6489,203.89,Alimentacion
761,2026-03-21,OXXO #2433 CARTAGENA,64.09,Alimentacion
761,2026-03-08,RETIRO CAJERO AUTOMATICO,158.94,Otros
761,2026-04-01,PLATZI CURSO ONLINE #9095,222.17,Educacion
761,2026-05-02,COLEGIATURA COLEGIO PRIVADO #2732,358.48,Educacion
761,2026-05-19,SPOTIFY PREMIUM #203 REF903889,46.23,Ocio
761,2026-06-18,CABIFY #6678,22.41,Transporte
761,2026-05-02,TELCEL PLAN CELULAR,79.26,Servicios
761,2026-02-24,METROBUS CDMX MONTERREY,63.97,Transporte
761,2026-03-22,SORIANA #236 CIUDAD DE MEXICO,195.96,Alimentacion
761,2026-02-14,OXXO #9484,258.85,Alimentacion
761,2026-05-07,JUMBO,189.65,Alimentacion
761,2026-07-02,BAR RESTAURANTE AMIGOS #8844,115.87,Ocio
761,2026-02-16,IZZI TELECOM,76.16,Servicios
761,2026-04-28,WALMART SUPERCENTER #7258 REF696913,210.63,Alimentacion
762,2026-04-06,COMBUSTIBLE TERPEL #5907,60.62,Transporte
762,2026-03-22,SPOTIFY PREMIUM #6152 GUADALAJARA,106.2,Ocio
762,2026-03-08,BODEGA AURRERA #5998,257.08,Alimentacion
762,2026-05-27,SUPERMERCADO D1,130.96,Alimentacion
762,2026-02-26,CARULLA,192.28,Alimentacion
762,2026-05-11,CLARO HOGAR INTERNET,114.5,Servicios
762,2026-05-29,NETFLIX PUEBLA,87.78,Ocio
762,2026-03-11,TRANSFERENCIA NEQUI,103.01,Otros
762,2026-06-10,RETIRO CAJERO AUTOMATICO,159.88,Otros
763,2026-06-26,UBER #6129 MONTERREY,196.87,Transporte
763,2026-07-21,SUPERAMA #6323,48.41,Alimentacion
763,2026-07-08,SUPERAMA,220.51,Alimentacion
763,2026-05-04,UBER REF535904,174.64,Transporte
763,2026-02-23,COURSERA CURSO ONLINE TIJUANA REF885179,290.76,Educacion
763,2026-03-24,BODEGA AURRERA #3809 TIJUANA,44.13,Alimentacion
763,2026-05-16,TRANSMILENIO,143.48,Transporte
763,2026-05-05,FARMACIAS GUADALAJARA REF716589,268.39,Salud
763,2026-04-15,EXITO #6935,120.64,Alimentacion
763,2026-07-02,TELMEX INTERNET HOGAR,70.82,Servicios
763,2026-03-22,ESTACION SERVICIO PRIMAX CARTAGENA REF491588,98.57,Transporte
763,2026-07-04,GASOLINERA PEMEX PUEBLA REF261416,26.45,Transporte
763,2026-06-15,OXXO #2932 CUCUTA REF349469,241.93,Alimentacion
763,2026-06-02,DISNEY PLUS,113.65,Ocio
763,2026-04-04,FACTURA CFE #7347 GUADALAJARA,149.72,Servicios
763,2026-02-15,STEAM VIDEOJUEGOS,78.15,Ocio
763,2026-04-16,OXXO #4542 MEDELLIN,205.31,Alimentacion
763,2026-04-13,PEAJE AUTOPISTA REF296955,50.53,Transporte
763,2026-03-06,DEPOSITO BANCO AZTECA CUCUTA,123.48,Otros
764,2026-06-01,RECARGA OXXO #188 REF912896,157.68,Otros
764,2026-03-13,FACTURA ACUEDUCTO #9401,23.6,Servicios
764,2026-06-29,HOME DEPOT MEXICO,572.98,Vivienda
764,2026-04-26,RETIRO CAJERO AUTOMATICO #4195,113.27,Otros
764,2026-04-17,CINE COLOMBIA #1874,52.56,Ocio
764,2026-07-11,FARMACIAS SIMILARES #6396,31.11,Salud
764,2026-07-13,MOVISTAR PLAN CELULAR #8106,106.49,Servicios
764,2026-03-25,ADMINISTRACION CONDOMINIO REF225614,314.1,Vivienda
764,2026-04-30,CARULLA MONTERREY,131.62,Alimentacion
764,2026-03-21,FARMACIAS GUADALAJARA #7478,209.29,Salud
764,2026-04-20,PEAJE AUTOPISTA #7560 REF811990,192.35,Transporte
764,2026-03-10,UBER CARTAGENA,175.09,Transporte
764,2026-03-27,FACTURA ENERGIA ENEL CODENSA CALI,75.83,Servicios
764,2026-03-14,METROBUS CDMX,87.56,Transporte
764,2026-06-16,BAR RESTAURANTE AMIGOS,34.97,Ocio
764,2026-06-18,EPS SURA COPAGO #5580,121.14,Salud
764,2026-07-24,IZZI TELECOM REF382138,29.99,Servicios
764,2026-03-30,JUMBO,262.49,Alimentacion
764,2026-03-19,AGENCIA DE VIAJES,76.74,Ocio
764,2026-03-27,COURSERA CURSO ONLINE,72.93,Educacion
764,2026-03-11,FARMATODO #9512 CIUDAD DE MEXICO,115.55,Salud
764,2026-03-11,PAGO INFONAVIT #6067,423.52,Vivienda
764,2026-05-23,COMBUSTIBLE TERPEL,116.58,Transporte
764,2026-07-13,ICETEX CREDITO EDUCATIVO #3125 REF984486,38.31,Educacion
764,2026-04-29,STEAM VIDEOJUEGOS PUEBLA REF597624,123.86,Ocio
764,2026-02-26,DISNEY PLUS CIUDAD DE MEXICO REF153934,39.42,Ocio
765,2026-04-15,COLEGIATURA COLEGIO PRIVADO #7380,181.66,Educacion
765,2026-06-22,COMBUSTIBLE TERPEL #2232 CALI,41.89,Transporte
765,2026-06-22,PEAJE AUTOPISTA,111.21,Transporte
765,2026-06-25,CLARO HOGAR INTERNET,26.5,Servicios
765,2026-03-18,CHEDRAUI,22.09,Alimentacion
765,2026-05-05,COMBUSTIBLE TERPEL #9035,113.97,Transporte
765,2026-06-17,JUMBO #1874,74.45,Alimentacion
765,2026-03-28,CHEDRAUI,34.8,Alimentacion
765,2026-02-19,CHEDRAUI #3978 TIJUANA REF225954,120.22,Alimentacion
765,2026-04-28,PEAJE AUTOPISTA,193.03,Transporte
765,2026-07-22,RETIRO CAJERO AUTOMATICO,133.11,Otros
765,2026-05-30,ARA TIENDA #8459,222.06,Alimentacion
765,2026-07-20,FARMATODO #9192,263.5,Salud
765,2026-06-28,CARULLA #9158,262.88,Alimentacion
765,2026-05-09,PLATZI CURSO ONLINE,311.22,Educacion
765,2026-07-02,CARULLA #9754,168.19,Alimentacion
765,2026-03-25,SUPERAMA BARRANQUILLA,105.01,Alimentacion
765,2026-02-20,BODEGA AURRERA #7640,57.23,Alimentacion
766,2026-02-21,DEPOSITO BANCO AZTECA CARTAGENA REF740536,95.79,Otros
766,2026-03-04,FACTURA CFE #1237 REF967914,64.53,Servicios
766,2026-03-04,DEPOSITO BANCO AZTECA,137.29,Otros
766,2026-07-24,ARA TIENDA BOGOTA,237.31,Alimentacion
766,2026-03-02,PEAJE AUTOPISTA,186.58,Transporte
766,2026-05-06,FACTURA CFE #9525,45.74,Servicios
766,2026-05-23,FARMACIAS SIMILARES #454 REF442120,270.33,Salud
766,2026-07-26,FACTURA ENERGIA ENEL CODENSA,61.11,Servicios
766,2026-03-02,TRANSMILENIO #9234,71.86,Transporte
766,2026-02-22,PAGO MULTA TRANSITO,133.55,Otros
766,2026-06-08,DISNEY PLUS #6945,43.09,Ocio
766,2026-06-08,METROBUS CDMX #7281,20.59,Transporte
766,2026-05-02,FACTURA ACUEDUCTO #7384 TIJUANA,65.44,Servicios
767,2026-06-24,CARULLA #2670,53.27,Alimentacion
767,2026-02-09,TELCEL PLAN CELULAR #3685,58.05,Servicios
767,2026-07-29,JUMBO #7457,122.36,Alimentacion
767,2026-03-14,GASOLINERA PEMEX,152.78,Transporte
767,2026-07-05,DIDI REF561972,12.62,Transporte
767,2026-06-15,SUPERMERCADO D1 CUCUTA,92.1,Alimentacion
767,2026-03-17,TRANSMILENIO #3805,165.97,Transporte
767,2026-05-03,TRANSMILENIO REF355901,144.17,Transporte
767,2026-04-04,GASOLINERA PEMEX REF498481,156.35,Transporte
767,2026-02-09,FACTURA ENERGIA ENEL CODENSA #4009 BARRANQUILLA,124.59,Servicios
767,2026-06-09,ESTACION SERVICIO PRIMAX GUADALAJARA,166.65,Transporte
767,2026-06-27,TELMEX INTERNET HOGAR #8555 REF782232,107.09,Servicios
767,2026-07-06,RENTA DEPARTAMENTO MONTERREY,369.83,Vivienda
767,2026-04-18,ARA TIENDA,265.74,Alimentacion
768,2026-03-12,OXXO,56.47,Alimentacion
768,2026-06-19,METROBUS CDMX,26.47,Transporte
768,2026-02-22,IZZI TELECOM,134.01,Servicios
768,2026-03-07,NETFLIX MEDELLIN REF207549,119.41,Ocio
768,2026-03-03,COMBUSTIBLE TERPEL #8968,65.28,Transporte
768,2026-02-06,EXITO GUADALAJARA,108.09,Alimentacion
768,2026-07-21,CHEDRAUI,181.65,Alimentacion
768,2026-05-31,AGENCIA DE VIAJES #6774 GUADALAJARA,46.24,Ocio
768,2026-04-15,PEAJE AUTOPISTA #701,185.43,Transporte
768,2026-04-07,OXXO #1808 REF253677,37.97,Alimentacion
769,2026-07-13,FACTURA ACUEDUCTO #3092,105.53,Servicios
769,2026-03-11,DEPOSITO BANCO AZTECA #527 REF796640,48.32,Otros
769,2026-02-08,EPS SURA COPAGO #5279 MEDELLIN,83.49,Salud
769,2026-05-19,NETFLIX CUCUTA,76.84,Ocio
769,2026-02-03,CABIFY #4217 BOGOTA,122.13,Transporte
769,2026-05-25,CHEDRAUI #2872 REF824597,209.87,Alimentacion
769,2026-06-07,ICETEX CREDITO EDUCATIVO,309.18,Educacion
769,2026-07-27,COMBUSTIBLE TERPEL #2756,144.14,Transporte
769,2026-05-13,TELMEX INTERNET HOGAR CALI,75.63,Servicios
769,2026-02-03,PLATZI CURSO ONLINE #4934,358.99,Educacion
769,2026-03-16,EXITO #5679,171.87,Alimentacion
769,2026-07-01,ADMINISTRACION CONDOMINIO #8243,645.1,Vivienda
770,2026-03-08,JUMBO,83.49,Alimentacion
770,2026-04-20,DIDI #6565,46.78,Transporte
770,2026-05-02,CHEDRAUI #8983,24.02,Alimentacion
770,2026-02-23,RECARGA OXXO #9222,107.46,Otros
770,2026-04-08,ARA TIENDA #3768 CIUDAD DE MEXICO,189.04,Alimentacion
770,2026-06-26,AGENCIA DE VIAJES #6720,45.77,Ocio
770,2026-02-15,SUPERMERCADO D1 #4520,169.53,Alimentacion
770,2026-02-24,TRANSFERENCIA MERCADO PAGO #3302,18.87,Otros
770,2026-03-08,TELCEL PLAN CELULAR #1781,28.4,Servicios
771,2026-03-10,JUMBO,200.82,Alimentacion
771,2026-03-17,JUMBO,211.23,Alimentacion
771,2026-03-07,FACTURA CFE #6684,120.93,Servicios
771,2026-05-29,TELMEX INTERNET HOGAR,45.8,Servicios
771,2026-07-18,FARMACIA CRUZ VERDE,69.87,Salud
771,2026-06-06,STEAM VIDEOJUEGOS #6316 REF311046,78.75,Ocio
771,2026-05-20,TELMEX INTERNET HOGAR,115.05,Servicios
771,2026-05-11,FACTURA ENERGIA ENEL CODENSA,58.08,Servicios
771,2026-03-10,BODEGA AURRERA #2364,37.22,Alimentacion
771,2026-07-20,EXITO,196.35,Alimentacion
771,2026-07-13,DIDI #6923,69.94,Transporte
771,2026-03-28,BAR RESTAURANTE AMIGOS #3700 MONTERREY REF377641,25.8,Ocio
771,2026-05-09,PAGO INFONAVIT,223.86,Vivienda
771,2026-05-06,FACTURA ENERGIA ENEL CODENSA,57.51,Servicios
772,2026-07-25,EPS SURA COPAGO #1955,203.02,Salud
772,2026-03-11,DIDI #3426,29.7,Transporte
772,2026-06-22,DIDI,122.13,Transporte
772,2026-07-18,DIDI #8649,33.98,Transporte
772,2026-06-29,SUPERAMA #905,65.02,Alimentacion
772,2026-02-04,FACTURA ACUEDUCTO,38.25,Servicios
772,2026-02-04,BAR RESTAURANTE AMIGOS #7772,13.4,Ocio
772,2026-06-19,FACTURA ENERGIA ENEL CODENSA #1248 GUADALAJARA,105.63,Servicios
772,2026-03-22,PEAJE AUTOPISTA #4073 CALI,102.68,Transporte
772,2026-07-25,CINEPOLIS,108.88,Ocio
772,2026-02-16,SORIANA #1223,35.71,Alimentacion
772,2026-07-15,CINE COLOMBIA #710 MONTERREY,23.09,Ocio
773,2026-03-30,DEPOSITO BANCO AZTECA #9269,103.25,Otros
773,2026-06-28,AGENCIA DE VIAJES CARTAGENA,103.48,Ocio
773,2026-02-26,FACTURA CFE CARTAGENA,103.88,Servicios
773,2026-02-20,PEAJE AUTOPISTA #3093,112.85,Transporte
773,2026-03-30,PAGO MULTA TRANSITO #4025,25.25,Otros
773,2026-02-15,OXXO #6950,177.11,Alimentacion
773,2026-05-27,NETFLIX,24.42,Ocio
773,2026-03-24,CINE COLOMBIA #7428 REF160056,56.8,Ocio
773,2026-05-03,TRANSMILENIO,135.82,Transporte
773,2026-04-20,ARA TIENDA,213.38,Alimentacion
773,2026-07-09,ESTACION SERVICIO PRIMAX,147.01,Transporte
773,2026-03-25,TRANSMILENIO #4704 REF700541,144.31,Transporte
773,2026-05-01,FARMATODO #3095 QUERETARO,57.48,Salud
773,2026-06-04,DISNEY PLUS #3000,48.27,Ocio
774,2026-04-30,MOVISTAR PLAN CELULAR #1905 PUEBLA,146.53,Servicios
774,2026-05-25,JUMBO #1085,225.45,Alimentacion
774,2026-03-10,FACTURA ACUEDUCTO #4848,32.77,Servicios
774,2026-05-24,RECARGA OXXO #5663,166.71,Otros
774,2026-03-02,CHEDRAUI #1783,127.18,Alimentacion
774,2026-05-11,EXITO,106.69,Alimentacion
774,2026-02-28,DISNEY PLUS #1570 REF991167,62.63,Ocio
774,2026-06-24,CLARO HOGAR INTERNET #7943 GUADALAJARA,127.67,Servicios
774,2026-04-29,MATRICULA UNAM #3693 TIJUANA,272.3,Educacion
774,2026-03-22,CABIFY REF257176,21.85,Transporte
774,2026-03-02,TRANSFERENCIA MERCADO PAGO CALI,172.79,Otros
774,2026-03-03,TRANSMILENIO #4397 REF547382,39.56,Transporte
774,2026-07-29,PAGO MULTA TRANSITO #3076,136.75,Otros
775,2026-02-08,ARA TIENDA CIUDAD DE MEXICO,199.11,Alimentacion
775,2026-05-04,METROBUS CDMX,105.85,Transporte
775,2026-05-09,ADMINISTRACION CONDOMINIO,293.69,Vivienda
775,2026-04-05,DIDI REF695082,82.68,Transporte
775,2026-04-19,ADMINISTRACION CONJUNTO RESIDENCIAL,579.54,Vivienda
775,2026-05-06,BAR RESTAURANTE AMIGOS #868,63.5,Ocio
775,2026-03-07,PEAJE AUTOPISTA #9736,52.69,Transporte
775,2026-03-17,AGENCIA DE VIAJES MONTERREY,121.83,Ocio
775,2026-05-23,MOVISTAR PLAN CELULAR,122.54,Servicios
775,2026-03-14,PAGO INFONAVIT #5975,177.83,Vivienda
775,2026-06-29,FACTURA CFE CUCUTA,149.86,Servicios
775,2026-06-29,STEAM VIDEOJUEGOS #5191,91.87,Ocio
775,2026-03-20,AGENCIA DE VIAJES #2848,25.03,Ocio
775,2026-03-17,SPOTIFY PREMIUM #1579 MONTERREY,34.65,Ocio
775,2026-06-20,TRANSMILENIO,148.49,Transporte
776,2026-07-27,PEAJE AUTOPISTA,44.36,Transporte
776,2026-06-07,TRANSFERENCIA MERCADO PAGO #2245,27.72,Otros
776,2026-07-03,OXXO #680 QUERETARO,186.5,Alimentacion
776,2026-07-29,CHEDRAUI #1900 TIJUANA,212.57,Alimentacion
776,2026-02-21,FARMATODO #1307 BOGOTA,157.76,Salud
776,2026-05-20,BODEGA AURRERA,104.6,Alimentacion
776,2026-02-23,FARMACIAS DEL AHORRO #2745,138.13,Salud
776,2026-02-20,COMBUSTIBLE TERPEL #4071,87.68,Transporte
776,2026-05-15,SORIANA QUERETARO,259.6,Alimentacion
776,2026-04-29,FARMACIA CRUZ VERDE #673,233.91,Salud
776,2026-03-01,METROBUS CDMX #2861,51.62,Transporte
776,2026-06-25,CONSULTORIO IMSS GUADALAJARA,124.49,Salud
776,2026-05-22,WALMART SUPERCENTER,151.44,Alimentacion
776,2026-06-08,COMBUSTIBLE TERPEL CUCUTA REF241260,132.6,Transporte
776,2026-06-24,ICETEX CREDITO EDUCATIVO,200.57,Educacion
776,2026-05-13,SUPERAMA GUADALAJARA,220.63,Alimentacion
776,2026-07-07,CINE COLOMBIA REF107262,100.95,Ocio
776,2026-03-27,ADMINISTRACION CONJUNTO RESIDENCIAL,402.58,Vivienda
776,2026-02-20,ARA TIENDA #4367,232.15,Alimentacion
777,2026-03-03,CLARO HOGAR INTERNET,140.08,Servicios
777,2026-04-19,ARRIENDO APARTAMENTO,181.57,Vivienda
777,2026-03-04,TRANSFERENCIA MERCADO PAGO #5304 CUCUTA,116.72,Otros
777,2026-03-06,SORIANA REF393422,47.6,Alimentacion
777,2026-07-31,RETIRO CAJERO AUTOMATICO REF964434,95.66,Otros
777,2026-04-03,FACTURA ACUEDUCTO REF702370,36.03,Servicios
777,2026-05-26,METROBUS CDMX #4541 TIJUANA,35.62,Transporte
777,2026-04-03,COURSERA CURSO ONLINE REF959836,29.56,Educacion
777,2026-04-29,MOVISTAR PLAN CELULAR,100.08,Servicios
777,2026-02-10,SORIANA,103.35,Alimentacion
777,2026-06-22,FACTURA ENERGIA ENEL CODENSA #4498,29.2,Servicios
777,2026-06-19,STEAM VIDEOJUEGOS,45.35,Ocio
777,2026-06-27,HOME DEPOT MEXICO,234.47,Vivienda
777,2026-05-18,FACTURA ENERGIA ENEL CODENSA #5800,142.13,Servicios
777,2026-03-31,SUPERAMA QUERETARO,93.2,Alimentacion
777,2026-04-20,RETIRO CAJERO AUTOMATICO #2306 BARRANQUILLA REF393189,66.77,Otros
777,2026-05-20,TRANSFERENCIA NEQUI #7702,152.78,Otros
777,2026-03-12,TRANSMILENIO #235,139.55,Transporte
777,2026-03-01,STEAM VIDEOJUEGOS #5809 REF922363,93.77,Ocio
777,2026-07-26,WALMART SUPERCENTER,175.36,Alimentacion
777,2026-04-11,FARMACIA CRUZ VERDE,284.67,Salud
777,2026-06-26,FACTURA ACUEDUCTO,42.95,Servicios
777,2026-05-03,IZZI TELECOM #4862 CARTAGENA REF146145,148.52,Servicios
777,2026-03-22,FARMATODO,251.82,Salud
777,2026-02-17,RETIRO CAJERO AUTOMATICO CARTAGENA,110.13,Otros
777,2026-07-10,IZZI TELECOM #2706 REF713052,104.42,Servicios
778,2026-04-11,SUPERMERCADO D1 #2697,108.37,Alimentacion
778,2026-06-30,CHEDRAUI #3553,208.13,Alimentacion
778,2026-03-19,TELCEL PLAN CELULAR,85.81,Servicios
778,2026-05-06,ARA TIENDA #2296 CIUDAD DE MEXICO,13.42,Alimentacion
778,2026-03-27,CINEPOLIS,97.03,Ocio
778,2026-07-07,OXXO BOGOTA,200.38,Alimentacion
778,2026-04-01,TELCEL PLAN CELULAR #695,37.3,Servicios
778,2026-03-07,JUMBO #1536,258.73,Alimentacion
778,2026-04-28,CINE COLOMBIA #3569 REF165375,32.99,Ocio
778,2026-04-13,DEPOSITO BANCO AZTECA REF425852,87.82,Otros
778,2026-06-09,FARMATODO #6378 QUERETARO REF980700,47.7,Salud
778,2026-05-22,SUPERMERCADO D1 #8919 CALI,166.85,Alimentacion
778,2026-05-16,TRANSFERENCIA MERCADO PAGO CARTAGENA,73.83,Otros
778,2026-04-21,SUPERMERCADO D1 #9948 REF857053,101.83,Alimentacion
778,2026-06-06,SORIANA #6142,225.01,Alimentacion
778,2026-04-10,CARULLA #133,12.49,Alimentacion
778,2026-07-10,NETFLIX,104.74,Ocio
778,2026-05-13,CINEPOLIS #2732 REF138893,76.43,Ocio
778,2026-06-17,COOMEVA MEDICINA PREPAGADA,296.04,Salud
778,2026-04-02,WALMART SUPERCENTER #4514,163.26,Alimentacion
778,2026-06-10,CINEPOLIS,11.92,Ocio
779,2026-05-13,UBER #7189,183.29,Transporte
779,2026-02-22,MOVISTAR PLAN CELULAR,137.79,Servicios
779,2026-07-28,AGENCIA DE VIAJES #4145,32.16,Ocio
779,2026-05-19,UBER,176.2,Transporte
779,2026-02-24,GASOLINERA PEMEX #2022,151.77,Transporte
779,2026-05-14,DIDI,202.56,Transporte
779,2026-03-05,CINEPOLIS #1350 REF408111,76.41,Ocio
779,2026-02-02,PEAJE AUTOPISTA #6547,27.03,Transporte
779,2026-07-15,STEAM VIDEOJUEGOS #8558,79.67,Ocio
779,2026-04-02,COOMEVA MEDICINA PREPAGADA #3338,210.68,Salud
779,2026-07-04,COMBUSTIBLE TERPEL,54.06,Transporte
779,2026-04-26,ADMINISTRACION CONDOMINIO #9026,347.06,Vivienda
779,2026-03-29,BODEGA AURRERA CIUDAD DE MEXICO,165.61,Alimentacion
779,2026-06-20,NETFLIX,51.76,Ocio
779,2026-06-16,CARULLA #1786 TIJUANA,107.49,Alimentacion
779,2026-05-26,ADMINISTRACION CONJUNTO RESIDENCIAL,216.54,Vivienda
779,2026-07-13,GASOLINERA PEMEX #7602,198.15,Transporte
780,2026-04-07,PLATZI CURSO ONLINE,194.78,Educacion
780,2026-06-13,DEPOSITO BANCO AZTECA REF740141,142.26,Otros
780,2026-06-06,MOVISTAR PLAN CELULAR #9637 CIUDAD DE MEXICO,72.44,Servicios
780,2026-04-01,WALMART SUPERCENTER,50.0,Alimentacion
780,2026-07-05,AGENCIA DE VIAJES,127.05,Ocio
780,2026-07-04,SORIANA #4305 REF864608,72.93,Alimentacion
780,2026-02-20,BODEGA AURRERA #677 BARRANQUILLA REF171042,196.6,Alimentacion
780,2026-07-09,SORIANA CIUDAD DE MEXICO,47.22,Alimentacion
780,2026-04-29,SUPERMERCADO D1 QUERETARO,95.54,Alimentacion
780,2026-05-30,OXXO,124.93,Alimentacion
780,2026-07-31,METROBUS CDMX #1044 QUERETARO REF153700,48.45,Transporte
781,2026-05-09,METROBUS CDMX #818 REF391914,55.07,Transporte
781,2026-06-29,ESTACION SERVICIO PRIMAX,142.27,Transporte
781,2026-02-19,SUPERMERCADO D1 #5557 MONTERREY REF601693,131.88,Alimentacion
781,2026-05-17,RECARGA OXXO #5914,94.9,Otros
781,2026-05-22,NETFLIX #7346,21.02,Ocio
781,2026-05-21,CINEPOLIS REF148974,105.72,Ocio
781,2026-05-13,DAVIPLATA MONTERREY REF673774,114.9,Otros
781,2026-04-23,SORIANA #8402,45.2,Alimentacion
781,2026-07-07,FACTURA CFE #3844 GUADALAJARA,65.49,Servicios
781,2026-06-19,JUMBO #7255 MONTERREY,220.71,Alimentacion
781,2026-04-04,JUMBO #8423 BARRANQUILLA,157.77,Alimentacion
781,2026-06-18,PEAJE AUTOPISTA #5730,31.73,Transporte
781,2026-07-12,SUPERAMA #7924,106.92,Alimentacion
781,2026-02-24,DEPOSITO BANCO AZTECA PUEBLA,51.26,Otros
781,2026-05-26,DEPOSITO BANCO AZTECA,97.97,Otros
781,2026-05-24,UBER #4976,178.67,Transporte
781,2026-06-29,MOVISTAR PLAN CELULAR #8295,73.9,Servicios
781,2026-03-10,SUPERMERCADO D1,122.67,Alimentacion
781,2026-07-21,CABIFY,191.07,Transporte
781,2026-02-14,ESTACION SERVICIO PRIMAX #1275,125.24,Transporte
781,2026-05-14,TRANSFERENCIA NEQUI #3262 REF214890,106.25,Otros
781,2026-05-30,SUPERAMA GUADALAJARA,78.1,Alimentacion
781,2026-05-07,FACTURA ENERGIA ENEL CODENSA,97.04,Servicios
781,2026-05-26,UBER #4922 CUCUTA REF581365,125.18,Transporte
782,2026-03-30,RETIRO CAJERO AUTOMATICO,61.98,Otros
782,2026-07-12,PEAJE AUTOPISTA,164.79,Transporte
782,2026-07-28,FARMACIAS SIMILARES #1398 REF856969,144.32,Salud
782,2026-07-03,FARMACIAS SIMILARES #6977 CALI,266.45,Salud
782,2026-03-10,METROBUS CDMX,39.58,Transporte
782,2026-07-14,STEAM VIDEOJUEGOS REF982305,68.54,Ocio
782,2026-04-20,COOMEVA MEDICINA PREPAGADA #9989,199.39,Salud
782,2026-04-15,WALMART SUPERCENTER #1632 CARTAGENA,144.38,Alimentacion
782,2026-07-29,OXXO MONTERREY,241.2,Alimentacion
782,2026-07-19,DAVIPLATA,178.23,Otros
782,2026-02-07,CARULLA #3466 BOGOTA REF426634,40.12,Alimentacion
782,2026-03-08,FARMATODO,52.04,Salud
783,2026-04-22,FACTURA ENERGIA ENEL CODENSA #3216 CARTAGENA,89.01,Servicios
783,2026-07-22,JUMBO CALI REF906121,150.27,Alimentacion
783,2026-05-29,BODEGA AURRERA,32.94,Alimentacion
783,2026-07-02,RECARGA OXXO #2162 GUADALAJARA,79.83,Otros
783,2026-05-17,TELMEX INTERNET HOGAR #3331 MONTERREY,88.68,Servicios
783,2026-04-26,WALMART SUPERCENTER REF602690,130.12,Alimentacion
783,2026-04-30,UBER,190.16,Transporte
783,2026-05-24,SUPERMERCADO D1 REF957631,245.7,Alimentacion
783,2026-03-05,IZZI TELECOM #5398 REF962769,125.96,Servicios
783,2026-04-05,OXXO,107.58,Alimentacion
783,2026-04-09,PEAJE AUTOPISTA REF229328,153.46,Transporte
783,2026-02-10,SORIANA #5252 REF409162,112.77,Alimentacion
783,2026-03-12,SORIANA MONTERREY,70.47,Alimentacion
783,2026-03-20,CINEPOLIS REF121298,47.86,Ocio
783,2026-07-28,CABIFY #5351,24.19,Transporte
783,2026-05-09,FARMACIAS SIMILARES,109.56,Salud
783,2026-05-06,DEPOSITO BANCO AZTECA #6326,88.33,Otros
783,2026-04-11,TRANSMILENIO REF827753,201.1,Transporte
783,2026-02-21,BODEGA AURRERA,91.49,Alimentacion
783,2026-03-11,WALMART SUPERCENTER,244.64,Alimentacion
784,2026-06-06,CONSULTORIO IMSS #4008,78.0,Salud
784,2026-07-15,UBER QUERETARO,101.14,Transporte
784,2026-05-08,ARA TIENDA #7941,96.06,Alimentacion
784,2026-03-24,FARMACIAS SIMILARES #139,218.1,Salud
784,2026-06-20,ARRIENDO APARTAMENTO,405.58,Vivienda
784,2026-02-01,HOME DEPOT MEXICO #2092 CIUDAD DE MEXICO,230.18,Vivienda
784,2026-07-17,UBER CIUDAD DE MEXICO REF272293,188.89,Transporte
784,2026-03-16,HOME DEPOT MEXICO,296.45,Vivienda
784,2026-02-26,FARMACIAS SIMILARES #9232,223.37,Salud
784,2026-04-15,SUPERAMA #348,212.78,Alimentacion
784,2026-07-25,TRANSMILENIO #490,202.63,Transporte
784,2026-05-06,NETFLIX MONTERREY,67.31,Ocio
784,2026-06-06,CLARO HOGAR INTERNET #5177,98.14,Servicios
784,2026-04-16,FARMACIAS SIMILARES PUEBLA,110.44,Salud
784,2026-06-13,BODEGA AURRERA,186.33,Alimentacion
784,2026-07-16,TELCEL PLAN CELULAR #8104,77.56,Servicios
784,2026-02-22,CARULLA,123.79,Alimentacion
785,2026-07-05,CARULLA #4165,177.4,Alimentacion
785,2026-07-27,EXITO,40.37,Alimentacion
785,2026-07-21,WALMART SUPERCENTER,107.17,Alimentacion
785,2026-04-29,JUMBO #9559,46.1,Alimentacion
785,2026-05-01,FACTURA CFE #7492,133.96,Servicios
785,2026-07-18,WALMART SUPERCENTER #2152,204.9,Alimentacion
785,2026-06-13,PEAJE AUTOPISTA,161.51,Transporte
785,2026-02-12,ESTACION SERVICIO PRIMAX,140.45,Transporte
785,2026-04-08,COMBUSTIBLE TERPEL,111.41,Transporte
785,2026-07-16,PEAJE AUTOPISTA,39.99,Transporte
785,2026-03-21,DIDI #4619 CIUDAD DE MEXICO,75.94,Transporte
785,2026-04-23,NETFLIX #9048,22.11,Ocio
785,2026-05-27,CARULLA,198.48,Alimentacion
785,2026-07-01,PEAJE AUTOPISTA #9267,42.05,Transporte
785,2026-03-27,SORIANA #4045,192.55,Alimentacion
785,2026-07-06,CABIFY REF306248,148.45,Transporte
785,2026-03-30,COMBUSTIBLE TERPEL,101.86,Transporte
785,2026-06-06,EXITO #746,45.16,Alimentacion
785,2026-06-02,CABIFY #6697 CUCUTA,72.96,Transporte
785,2026-03-10,PAGO MULTA TRANSITO #9627,64.42,Otros
785,2026-04-04,MOVISTAR PLAN CELULAR #4305,109.55,Servicios
785,2026-06-18,DISNEY PLUS #3508,19.22,Ocio
785,2026-07-16,FARMACIAS DEL AHORRO,251.28,Salud
785,2026-06-07,CLARO HOGAR INTERNET #5753 REF335473,117.74,Servicios
785,2026-03-15,DAVIPLATA #4990 MEDELLIN REF487121,41.67,Otros
785,2026-06-03,FACTURA ACUEDUCTO #8818 BOGOTA,112.09,Servicios
786,2026-05-22,CHEDRAUI #4235 MEDELLIN,105.13,Alimentacion
786,2026-05-01,COMBUSTIBLE TERPEL QUERETARO REF472021,168.73,Transporte
786,2026-02-18,HOME DEPOT MEXICO,518.96,Vivienda
786,2026-06-25,UBER,195.09,Transporte
786,2026-02-10,DIDI #7880 QUERETARO,21.73,Transporte
786,2026-03-22,JUMBO #1709 REF689494,13.0,Alimentacion
786,2026-07-15,PEAJE AUTOPISTA #8109,149.83,Transporte
786,2026-07-19,COLEGIATURA COLEGIO PRIVADO REF202846,129.73,Educacion
786,2026-07-10,MATRICULA UNAM #3871 PUEBLA,150.28,Educacion
786,2026-07-29,CINE COLOMBIA BOGOTA,73.35,Ocio
786,2026-07-22,GASOLINERA PEMEX #9998,30.48,Transporte
786,2026-04-01,OXXO,177.1,Alimentacion
786,2026-06-21,ESTACION SERVICIO PRIMAX,75.03,Transporte
786,2026-03-01,FACTURA ENERGIA ENEL CODENSA,100.42,Servicios
786,2026-03-21,DIDI #8511 PUEBLA,176.8,Transporte
786,2026-04-02,OXXO BARRANQUILLA,54.49,Alimentacion
786,2026-07-26,UBER #7144 PUEBLA REF325904,196.17,Transporte
786,2026-03-22,ESTACION SERVICIO PRIMAX #1158 REF713797,116.14,Transporte
786,2026-06-27,FARMACIAS DEL AHORRO,278.03,Salud
787,2026-04-24,BAR RESTAURANTE AMIGOS #3384 BOGOTA,52.14,Ocio
787,2026-07-10,TRANSFERENCIA NEQUI #2472,47.4,Otros
787,2026-02-23,WALMART SUPERCENTER #1780,168.11,Alimentacion
787,2026-02-04,TELMEX INTERNET HOGAR MONTERREY,99.24,Servicios
787,2026-06-18,RETIRO CAJERO AUTOMATICO #422,84.65,Otros
787,2026-04-20,CARULLA #3298 BOGOTA,136.52,Alimentacion
787,2026-05-23,FARMACIAS GUADALAJARA #8684 TIJUANA,288.47,Salud
787,2026-07-07,SUPERAMA,200.5,Alimentacion
787,2026-06-06,BAR RESTAURANTE AMIGOS,18.83,Ocio
787,2026-05-17,JUMBO BOGOTA,65.15,Alimentacion
787,2026-03-13,FACTURA ENERGIA ENEL CODENSA,146.7,Servicios
787,2026-03-26,ADMINISTRACION CONDOMINIO TIJUANA,513.23,Vivienda
787,2026-02-16,FACTURA ACUEDUCTO REF294997,138.53,Servicios
787,2026-04-20,CARULLA #3538 TIJUANA REF552057,89.0,Alimentacion
787,2026-03-27,CARULLA #3519 GUADALAJARA REF179653,202.89,Alimentacion
787,2026-06-10,COLEGIATURA COLEGIO PRIVADO #8830,292.75,Educacion
787,2026-06-26,METROBUS CDMX #4501,68.94,Transporte
787,2026-02-07,ESTACION SERVICIO PRIMAX #6231,120.16,Transporte
787,2026-04-04,PEAJE AUTOPISTA,135.48,Transporte
787,2026-07-18,FACTURA CFE #5082,79.95,Servicios
787,2026-07-19,JUMBO REF611534,225.07,Alimentacion
787,2026-06-01,CINEPOLIS #2816 REF506368,109.11,Ocio
787,2026-06-05,CHEDRAUI #7000 GUADALAJARA,231.16,Alimentacion
787,2026-05-31,ESTACION SERVICIO PRIMAX,170.68,Transporte
788,2026-06-26,MATRICULA UNAM,150.97,Educacion
788,2026-02-14,BAR RESTAURANTE AMIGOS #2767,37.58,Ocio
788,2026-06-20,NETFLIX #2909 REF152748,124.56,Ocio
788,2026-03-24,CONSULTORIO IMSS,236.41,Salud
788,2026-02-20,FACTURA ENERGIA ENEL CODENSA #9407 CIUDAD DE MEXICO,121.25,Servicios
788,2026-02-26,TRANSMILENIO #4571,134.74,Transporte
788,2026-07-07,METROBUS CDMX,177.83,Transporte
788,2026-07-30,DAVIPLATA #845,139.06,Otros
788,2026-07-14,CARULLA #9107 CALI,165.68,Alimentacion
788,2026-06-20,COLEGIATURA COLEGIO PRIVADO REF630818,385.42,Educacion
788,2026-06-05,TELMEX INTERNET HOGAR,40.87,Servicios
789,2026-04-24,CABIFY REF345406,132.24,Transporte
789,2026-02-10,UBER #9492 REF843294,209.54,Transporte
789,2026-04-27,DEPOSITO BANCO AZTECA,175.78,Otros
789,2026-06-21,GASOLINERA PEMEX #8592,203.28,Transporte
789,2026-06-09,COMBUSTIBLE TERPEL,79.68,Transporte
789,2026-06-22,COURSERA CURSO ONLINE REF694720,396.72,Educacion
789,2026-03-05,CHEDRAUI,128.42,Alimentacion
789,2026-04-09,DISNEY PLUS,111.48,Ocio
789,2026-02-02,SORIANA REF802012,66.24,Alimentacion
789,2026-03-25,BAR RESTAURANTE AMIGOS,68.23,Ocio
789,2026-03-19,COMBUSTIBLE TERPEL #3540,203.2,Transporte
789,2026-07-31,ARA TIENDA,256.23,Alimentacion
789,2026-05-05,SORIANA #3368,187.77,Alimentacion
789,2026-05-23,RENTA DEPARTAMENTO #8758 CIUDAD DE MEXICO,548.91,Vivienda
789,2026-07-31,NETFLIX MONTERREY,27.05,Ocio
789,2026-07-18,CINE COLOMBIA,95.21,Ocio
789,2026-07-03,GASOLINERA PEMEX #5076 REF542479,133.61,Transporte
790,2026-02-11,PEAJE AUTOPISTA REF993953,146.94,Transporte
790,2026-04-28,UBER,113.1,Transporte
790,2026-04-07,TRANSFERENCIA NEQUI #7525 REF619781,88.94,Otros
790,2026-05-08,JUMBO,113.43,Alimentacion
790,2026-04-23,ARA TIENDA,234.1,Alimentacion
790,2026-02-24,RENTA DEPARTAMENTO REF352315,315.43,Vivienda
790,2026-06-11,COMBUSTIBLE TERPEL #8652,61.87,Transporte
790,2026-07-13,UBER,158.66,Transporte
790,2026-02-16,CINE COLOMBIA #119,49.97,Ocio
790,2026-05-05,CARULLA #5220,230.22,Alimentacion
790,2026-07-30,PEAJE AUTOPISTA #4992,75.58,Transporte
790,2026-04-03,NETFLIX REF804293,92.74,Ocio
790,2026-03-25,SUPERAMA,21.73,Alimentacion
790,2026-04-21,PAGO INFONAVIT REF711172,342.78,Vivienda
790,2026-07-31,TRANSMILENIO,78.65,Transporte
790,2026-02-20,DIDI,173.34,Transporte
790,2026-02-10,RENTA DEPARTAMENTO #2363 CARTAGENA,633.53,Vivienda
790,2026-02-22,COOMEVA MEDICINA PREPAGADA #1831,146.35,Salud
790,2026-07-29,RETIRO CAJERO AUTOMATICO REF891592,150.22,Otros
790,2026-05-02,TELMEX INTERNET HOGAR,109.46,Servicios
790,2026-04-26,ARA TIENDA REF388721,261.52,Alimentacion
791,2026-04-21,PEAJE AUTOPISTA #4870,195.21,Transporte
791,2026-06-10,HOMECENTER MEDELLIN,549.43,Vivienda
791,2026-05-02,COMBUSTIBLE TERPEL #1327 BARRANQUILLA,206.36,Transporte
791,2026-07-05,TRANSFERENCIA MERCADO PAGO,147.11,Otros
791,2026-02-08,OXXO #9975 PUEBLA REF456329,12.65,Alimentacion
791,2026-04-17,COOMEVA MEDICINA PREPAGADA #1101,97.03,Salud
791,2026-04-28,PEAJE AUTOPISTA #4599 BARRANQUILLA,16.12,Transporte
791,2026-04-06,COOMEVA MEDICINA PREPAGADA,41.82,Salud
791,2026-06-13,DIDI #7702 REF667959,53.77,Transporte
791,2026-06-22,JUMBO #5957 BOGOTA,140.93,Alimentacion
791,2026-06-24,EPS SURA COPAGO,256.55,Salud
791,2026-05-26,CHEDRAUI,234.11,Alimentacion
791,2026-03-08,AGENCIA DE VIAJES,82.03,Ocio
791,2026-03-19,GASOLINERA PEMEX PUEBLA,195.64,Transporte
791,2026-03-12,AGENCIA DE VIAJES #9799,67.51,Ocio
791,2026-06-29,FARMACIAS GUADALAJARA,268.38,Salud
791,2026-03-24,SUPERMERCADO D1 REF240089,128.06,Alimentacion
791,2026-06-06,METROBUS CDMX,65.45,Transporte
791,2026-04-03,TELMEX INTERNET HOGAR,138.72,Servicios
791,2026-03-11,JUMBO,110.86,Alimentacion
791,2026-06-07,COMBUSTIBLE TERPEL #6011 CALI REF915130,110.68,Transporte
791,2026-03-19,PEAJE AUTOPISTA #6559 REF595843,75.77,Transporte
792,2026-03-18,FARMACIAS DEL AHORRO #4000,76.96,Salud
792,2026-07-26,CLARO HOGAR INTERNET,45.2,Servicios
792,2026-05-11,CLARO HOGAR INTERNET #2653 REF398973,52.14,Servicios
792,2026-02-07,SORIANA #8808,162.56,Alimentacion
792,2026-07-06,SPOTIFY PREMIUM,87.46,Ocio
792,2026-07-16,IZZI TELECOM #4128 CALI REF616319,17.38,Servicios
792,2026-06-09,RETIRO CAJERO AUTOMATICO #3709,51.12,Otros
792,2026-04-29,JUMBO REF190474,122.05,Alimentacion
792,2026-05-13,EPS SURA COPAGO #9240,109.61,Salud
792,2026-02-23,CHEDRAUI MONTERREY,239.88,Alimentacion
792,2026-04-30,CHEDRAUI #9286 CIUDAD DE MEXICO,214.8,Alimentacion
792,2026-05-22,SPOTIFY PREMIUM #2718,83.24,Ocio
792,2026-02-22,COOMEVA MEDICINA PREPAGADA,111.34,Salud
792,2026-05-28,COOMEVA MEDICINA PREPAGADA,214.69,Salud
792,2026-03-21,PEAJE AUTOPISTA #8658,178.73,Transporte
792,2026-04-22,SUPERMERCADO D1 #8466,164.66,Alimentacion
792,2026-07-31,METROBUS CDMX MONTERREY,166.89,Transporte
792,2026-06-20,FACTURA ENERGIA ENEL CODENSA #9635,116.13,Servicios
792,2026-05-07,FARMACIAS SIMILARES #3022,177.95,Salud
792,2026-03-01,ARRIENDO APARTAMENTO,306.09,Vivienda
792,2026-05-31,BAR RESTAURANTE AMIGOS,98.22,Ocio
792,2026-05-22,STEAM VIDEOJUEGOS CARTAGENA,30.85,Ocio
792,2026-06-23,SUPERMERCADO D1 CUCUTA REF406991,212.67,Alimentacion
792,2026-04-04,SUPERMERCADO D1 #8809,219.18,Alimentacion
792,2026-04-29,EPS SURA COPAGO,249.31,Salud
792,2026-04-27,BODEGA AURRERA MEDELLIN,132.96,Alimentacion
793,2026-03-25,FACTURA ENERGIA ENEL CODENSA #8585,148.53,Servicios
793,2026-06-04,UBER #9471 BARRANQUILLA REF575190,96.68,Transporte
793,2026-04-23,CABIFY #8451 CARTAGENA,128.97,Transporte
793,2026-04-12,HOME DEPOT MEXICO,538.61,Vivienda
793,2026-03-22,SUPERAMA,201.46,Alimentacion
793,2026-02-16,ARA TIENDA #8106 CIUDAD DE MEXICO,261.62,Alimentacion
793,2026-07-29,CABIFY REF660231,32.98,Transporte
793,2026-02-27,TRANSFERENCIA MERCADO PAGO CARTAGENA,108.72,Otros
793,2026-02-04,ARRIENDO APARTAMENTO #8718 QUERETARO,495.97,Vivienda
794,2026-04-17,ESTACION SERVICIO PRIMAX #6613,207.16,Transporte
794,2026-04-02,BODEGA AURRERA,76.65,Alimentacion
794,2026-05-10,ARRIENDO APARTAMENTO,178.07,Vivienda
794,2026-07-25,BODEGA AURRERA #445,222.04,Alimentacion
794,2026-05-22,STEAM VIDEOJUEGOS #1609,82.53,Ocio
794,2026-07-15,DISNEY PLUS,124.96,Ocio
794,2026-07-25,ADMINISTRACION CONDOMINIO,276.12,Vivienda
794,2026-03-22,FACTURA ENERGIA ENEL CODENSA #7487 PUEBLA REF863800,24.59,Servicios
794,2026-07-28,SUPERAMA #4085,138.03,Alimentacion
794,2026-03-23,SPOTIFY PREMIUM,15.68,Ocio
794,2026-04-14,AGENCIA DE VIAJES #3443,37.72,Ocio
794,2026-05-06,HOME DEPOT MEXICO #4930,212.99,Vivienda
794,2026-05-16,CABIFY #115 REF668122,54.83,Transporte
794,2026-04-30,RETIRO CAJERO AUTOMATICO #8205,28.04,Otros
794,2026-04-23,PAGO MULTA TRANSITO #3302,172.16,Otros
794,2026-03-26,UBER,65.71,Transporte
794,2026-06-13,STEAM VIDEOJUEGOS #699,60.49,Ocio
794,2026-03-10,RENTA DEPARTAMENTO,599.31,Vivienda
794,2026-03-23,STEAM VIDEOJUEGOS,89.67,Ocio
794,2026-07-15,SUPERMERCADO D1,170.69,Alimentacion
794,2026-02-11,CABIFY #5665 REF996430,151.11,Transporte
794,2026-04-30,CINEPOLIS REF103093,108.6,Ocio
794,2026-02-02,DIDI,185.53,Transporte
794,2026-04-04,CINEPOLIS #8773,85.33,Ocio
794,2026-06-07,FARMACIAS SIMILARES MEDELLIN,268.65,Salud
794,2026-05-28,BAR RESTAURANTE AMIGOS #8136,71.92,Ocio
795,2026-05-26,ARA TIENDA,113.35,Alimentacion
795,2026-05-14,JUMBO,256.43,Alimentacion
795,2026-04-03,FACTURA CFE,48.7,Servicios
795,2026-03-29,TELCEL PLAN CELULAR #1710 REF974431,142.11,Servicios
795,2026-04-24,TELMEX INTERNET HOGAR REF557101,143.78,Servicios
795,2026-04-02,PLATZI CURSO ONLINE,355.8,Educacion
795,2026-05-27,TELCEL PLAN CELULAR BARRANQUILLA REF764027,91.1,Servicios
795,2026-03-29,AGENCIA DE VIAJES,85.87,Ocio
795,2026-07-09,BAR RESTAURANTE AMIGOS #3355,113.7,Ocio
795,2026-06-27,MOVISTAR PLAN CELULAR REF884717,119.75,Servicios
795,2026-02-11,NETFLIX #3447,83.76,Ocio
795,2026-05-04,NETFLIX,127.78,Ocio
795,2026-03-31,FARMACIAS GUADALAJARA #6096 REF695933,210.42,Salud
795,2026-04-13,ICETEX CREDITO EDUCATIVO CIUDAD DE MEXICO,390.81,Educacion
795,2026-04-23,METROBUS CDMX #7284 REF591413,21.48,Transporte
795,2026-06-15,FARMACIA CRUZ VERDE #4898 QUERETARO REF874786,54.6,Salud
796,2026-05-22,FARMACIAS GUADALAJARA,31.71,Salud
796,2026-05-14,JUMBO,48.92,Alimentacion
796,2026-07-02,CINEPOLIS #9240 CIUDAD DE MEXICO,98.22,Ocio
796,2026-04-23,ARRIENDO APARTAMENTO BOGOTA,243.25,Vivienda
796,2026-02-08,FACTURA CFE,46.79,Servicios
796,2026-07-01,HOME DEPOT MEXICO REF517927,546.49,Vivienda
796,2026-04-03,SUPERAMA #8055,34.26,Alimentacion
796,2026-07-20,ARA TIENDA MEDELLIN REF932179,123.74,Alimentacion
796,2026-04-01,CHEDRAUI #4191,16.0,Alimentacion
796,2026-07-15,SUPERAMA,100.17,Alimentacion
796,2026-02-28,AGENCIA DE VIAJES #1037 BARRANQUILLA,92.37,Ocio
796,2026-05-06,DISNEY PLUS #6650,16.26,Ocio
796,2026-04-03,ADMINISTRACION CONDOMINIO MONTERREY,594.17,Vivienda
796,2026-05-03,TRANSFERENCIA NEQUI CUCUTA,164.61,Otros
796,2026-03-27,UBER #5277 REF248826,31.0,Transporte
796,2026-05-02,FACTURA CFE #134,148.75,Servicios
796,2026-07-18,CINE COLOMBIA #2531,42.19,Ocio
796,2026-06-15,ESTACION SERVICIO PRIMAX #6678,26.82,Transporte
796,2026-05-23,FARMATODO #9684 REF152311,16.44,Salud
797,2026-05-19,DIDI GUADALAJARA REF985841,80.03,Transporte
797,2026-03-04,TRANSFERENCIA MERCADO PAGO,134.83,Otros
797,2026-07-18,METROBUS CDMX CUCUTA,198.1,Transporte
797,2026-06-02,DIDI #4637,28.62,Transporte
797,2026-07-29,CABIFY #8821 CALI REF489721,71.22,Transporte
797,2026-03-13,OXXO #9245,130.46,Alimentacion
797,2026-03-17,MATRICULA UNIVERSIDAD NACIONAL,211.75,Educacion
797,2026-03-24,FACTURA ENERGIA ENEL CODENSA,88.2,Servicios
797,2026-04-13,OXXO MONTERREY,88.16,Alimentacion
797,2026-05-29,FARMACIAS SIMILARES #9413,205.17,Salud
797,2026-06-20,AGENCIA DE VIAJES REF263049,85.64,Ocio
797,2026-06-04,FACTURA ENERGIA ENEL CODENSA #1742,93.01,Servicios
797,2026-04-28,CONSULTORIO IMSS #3552,47.42,Salud
797,2026-03-06,FARMACIA CRUZ VERDE #2936 TIJUANA,150.94,Salud
797,2026-06-04,METROBUS CDMX,81.25,Transporte
797,2026-07-23,WALMART SUPERCENTER REF654826,137.67,Alimentacion
797,2026-02-13,COLEGIATURA COLEGIO PRIVADO #5247,370.7,Educacion
798,2026-03-01,PAGO MULTA TRANSITO #1357 BARRANQUILLA,89.07,Otros
798,2026-05-28,ARA TIENDA #2426 CIUDAD DE MEXICO,156.56,Alimentacion
798,2026-06-14,FARMACIAS GUADALAJARA,299.96,Salud
798,2026-07-19,PAGO MULTA TRANSITO,119.51,Otros
798,2026-03-22,METROBUS CDMX #5591,148.85,Transporte
798,2026-02-27,JUMBO,137.78,Alimentacion
798,2026-04-12,MATRICULA UNAM REF993744,157.93,Educacion
798,2026-06-19,FACTURA ENERGIA ENEL CODENSA #7978,124.75,Servicios
798,2026-05-07,SUPERMERCADO D1,138.68,Alimentacion
798,2026-03-10,TRANSFERENCIA NEQUI MONTERREY REF670022,179.1,Otros
798,2026-06-02,GASOLINERA PEMEX,101.42,Transporte
798,2026-03-07,JUMBO #9578 QUERETARO,27.68,Alimentacion
798,2026-04-02,COMBUSTIBLE TERPEL,146.52,Transporte
798,2026-02-14,IZZI TELECOM,21.3,Servicios
798,2026-07-16,AGENCIA DE VIAJES,36.31,Ocio
798,2026-06-29,MOVISTAR PLAN CELULAR #2746,62.75,Servicios
798,2026-05-31,SPOTIFY PREMIUM #7782 GUADALAJARA,97.44,Ocio
798,2026-05-02,TELCEL PLAN CELULAR #4913 CALI REF217724,81.72,Servicios
798,2026-06-13,RETIRO CAJERO AUTOMATICO #7734 BARRANQUILLA,14.87,Otros
798,2026-07-25,BODEGA AURRERA #6427 CARTAGENA REF815035,170.38,Alimentacion
798,2026-03-23,CARULLA,116.97,Alimentacion
798,2026-03-11,FACTURA ENERGIA ENEL CODENSA #392 MEDELLIN,139.45,Servicios
799,2026-07-29,CINE COLOMBIA #9195,118.01,Ocio
799,2026-06-21,UBER #2838 MONTERREY REF575043,16.76,Transporte
799,2026-02-16,TRANSFERENCIA MERCADO PAGO #2487 TIJUANA,86.08,Otros
799,2026-07-20,TELCEL PLAN CELULAR #7276 CIUDAD DE MEXICO,106.69,Servicios
799,2026-06-19,PEAJE AUTOPISTA,29.03,Transporte
799,2026-07-14,PLATZI CURSO ONLINE CARTAGENA,178.98,Educacion
799,2026-06-03,ARA TIENDA #5942 GUADALAJARA,254.96,Alimentacion
799,2026-02-27,CINEPOLIS,59.49,Ocio
799,2026-07-05,FARMATODO,295.84,Salud
799,2026-07-09,FARMACIAS DEL AHORRO #4037,31.2,Salud
799,2026-05-23,CINE COLOMBIA #5662 BOGOTA,94.73,Ocio
799,2026-06-01,CABIFY,126.2,Transporte
800,2026-04-14,ADMINISTRACION CONJUNTO RESIDENCIAL CARTAGENA,364.65,Vivienda
800,2026-05-05,FARMACIA CRUZ VERDE MEDELLIN,247.05,Salud
800,2026-06-05,PEAJE AUTOPISTA,87.77,Transporte
800,2026-03-08,DISNEY PLUS,111.37,Ocio
800,2026-03-25,TELCEL PLAN CELULAR,100.94,Servicios
800,2026-06-11,FACTURA ACUEDUCTO,34.04,Servicios
800,2026-06-12,ESTACION SERVICIO PRIMAX #4416,139.93,Transporte
800,2026-02-23,SUPERMERCADO D1 #627 MEDELLIN,59.75,Alimentacion
800,2026-07-08,CINEPOLIS REF376889,56.49,Ocio
800,2026-05-11,RETIRO CAJERO AUTOMATICO #1396,38.95,Otros
800,2026-07-16,CABIFY,14.4,Transporte
