ingreso_mensual,nivel_endeudamiento,num_transacciones,gasto_total,ratio_gasto_ingreso,gasto_alimentacion,gasto_transporte,gasto_salud,gasto_vivienda,gasto_educacion,gasto_ocio,gasto_servicios,gasto_otros,pct_alimentacion,pct_transporte,pct_salud,pct_vivienda,pct_educacion,pct_ocio,pct_servicios,pct_otros,gasto_promedio_transaccion,frecuencia_ahorro_cod,dominante_alimentacion,dominante_educacion,dominante_ocio,dominante_otros,dominante_salud,dominante_servicios,dominante_transporte,dominante_vivienda,perfil_financiero
7952.51,39.1,17,2445.53,0.308,500.11,518.78,293.69,621.3,166.02,106.85,182.03,56.75,0.20449963811525518,0.2121339750483535,0.12009257706918336,0.25405535814322455,0.06788712467236141,0.043691960433934564,0.07443376282441842,0.02320560369326894,143.85470588235296,0.0,0,0,0,0,0,0,0,1,En observacion
3959.97,24.5,16,3057.99,0.772,552.04,513.01,544.95,1113.45,0.0,221.97,112.57,0.0,0.1805238081223287,0.16776052243467116,0.1782052917112221,0.364111720443821,0.0,0.07258689531358835,0.036811761974368785,0.0,191.124375,1.0,0,0,0,0,0,0,0,1,En observacion
1942.34,59.8,14,1857.13,0.956,531.96,125.3,199.76,554.99,0.0,106.5,242.85,95.77,0.2864419830598827,0.06746969786713908,0.10756382159568796,0.2988428381427256,0.0,0.05734655086073673,0.13076628992046868,0.05156881855335921,132.65214285714288,0.0,0,0,0,0,0,0,0,1,En riesgo
2755.86,43.8,18,2301.7,0.835,335.08,140.21,789.37,0.0,323.11,75.68,366.46,271.79,0.1455793543902333,0.06091584481035757,0.3429508624060477,0.0,0.14037885041491074,0.03288004518399444,0.1592127557891993,0.118082287005257,127.8722222222222,0.0,0,0,0,0,1,0,0,0,En riesgo
3713.5,59.3,12,1341.77,0.361,365.44,200.94,391.68,0.0,0.0,383.71,0.0,0.0,0.2723566632135165,0.14975740998829903,0.29191292099242044,0.0,0.0,0.285973005805764,0.0,0.0,111.81416666666667,1.0,0,0,0,0,1,0,0,0,En observacion
4821.19,10.1,16,2271.63,0.471,656.71,288.41,393.95,700.23,0.0,41.33,191.0,0.0,0.28909197360485644,0.12696169710736344,0.17342172801028335,0.30825002311115807,0.0,0.018193984055501995,0.08408059411083671,0.0,141.976875,1.0,0,0,0,0,0,0,0,1,Saludable
3585.3,9.8,13,1385.44,0.386,472.94,221.9,252.01,0.0,0.0,226.71,37.08,174.8,0.34136447626746735,0.1601657235246564,0.18189889132694306,0.0,0.0,0.163637544751126,0.026764060515071023,0.1261693036147361,106.5723076923077,1.0,1,0,0,0,0,0,0,0,Saludable
3607.92,39.8,14,1730.42,0.48,165.43,192.42,277.17,583.13,134.47,71.3,255.05,51.45,0.09560106794882167,0.11119843737358559,0.16017498641948197,0.3369875521549681,0.0777094578194889,0.04120386958079541,0.147391962644907,0.02973266605795125,123.60142857142857,2.0,0,0,0,0,0,0,0,1,Saludable
8652.49,26.6,15,2114.17,0.244,289.23,265.71,717.14,0.0,399.16,87.26,233.52,122.15,0.1368054602988407,0.12568052710992966,0.33920640251256995,0.0,0.1888022249866378,0.041273880529947925,0.11045469380418793,0.05777681075788607,140.94466666666668,0.0,0,0,0,0,1,0,0,0,En observacion
4772.57,13.5,16,2507.52,0.525,794.83,290.71,219.76,765.86,141.17,295.19,0.0,0.0,0.3169785285860133,0.1159352667177131,0.0876403777437468,0.3054252807554875,0.05629865364982133,0.11772189254721797,0.0,0.0,156.72,1.0,1,0,0,0,0,0,0,0,Saludable
3151.1,51.0,10,1924.56,0.611,0.0,607.07,201.33,888.77,0.0,0.0,97.82,129.57,0.0,0.3154331379640022,0.10461092405536851,0.461804256557343,0.0,0.0,0.05082720206176996,0.06732447936151639,192.456,0.0,0,0,0,0,0,0,0,1,En riesgo
3123.19,33.2,14,1739.5,0.557,696.94,132.16,79.51,162.52,0.0,343.18,152.42,172.77,0.4006553607358437,0.07597585513078471,0.04570853693590112,0.09342914630640989,0.0,0.19728657660247198,0.08762288013797068,0.099321644150618,124.25,1.0,1,0,0,0,0,0,0,0,En observacion
4448.7,26.3,11,1356.37,0.305,234.53,492.45,126.17,0.0,0.0,198.47,48.18,256.57,0.17291004666868187,0.36306465050096953,0.0930203410573811,0.0,0.0,0.14632438051564103,0.0355212810663757,0.18915930019095087,123.30636363636363,1.0,0,0,0,0,0,0,1,0,Saludable
1982.79,44.8,12,1255.28,0.633,129.37,191.54,101.44,0.0,281.45,146.72,236.02,168.74,0.10306067172264356,0.1525874705245045,0.08081065578994329,0.0,0.2242129246064623,0.11688228921037537,0.1880217959339749,0.13442419221209612,104.60666666666667,0.0,0,1,0,0,0,0,0,0,En observacion
2309.66,37.2,19,3150.1,1.364,747.55,381.19,715.07,981.72,0.0,104.43,0.0,220.14,0.23730992666899461,0.12100885686168693,0.2269991428843529,0.3116472492936732,0.0,0.033151328529253045,0.0,0.0698834957620393,165.79473684210527,1.0,0,0,0,0,0,0,0,1,En riesgo
4087.69,20.7,13,1969.1,0.482,328.38,350.36,0.0,670.67,0.0,20.36,470.92,128.41,0.16676654309075212,0.17792900309786197,0.0,0.34059722715961605,0.0,0.010339749123965264,0.23915494388299224,0.06521253364481235,151.46923076923076,0.0,0,0,0,0,0,0,0,1,En observacion
2234.25,45.4,14,1528.52,0.684,262.15,744.67,49.68,0.0,314.23,0.0,41.83,115.96,0.17150577028759845,0.4871836809462748,0.03250202810561851,0.0,0.20557794467851256,0.0,0.027366341297464212,0.07586423468453143,109.17999999999999,1.0,0,0,0,0,0,0,1,0,En observacion
3010.44,32.9,23,2918.28,0.969,1081.01,157.35,43.78,404.62,407.53,37.12,238.71,548.16,0.3704271008950477,0.05391874665899091,0.01500198747207259,0.1386501637951122,0.13964732650739475,0.012719821264580504,0.08179818249105637,0.18783667091574488,126.8817391304348,2.0,1,0,0,0,0,0,0,0,En observacion
5174.35,30.5,18,2450.32,0.474,361.49,690.8,0.0,620.23,0.0,244.08,89.89,443.83,0.14752766985536583,0.2819223611609912,0.0,0.25312204120278164,0.0,0.09961147931698716,0.036685004407587575,0.1811314440562865,136.1288888888889,1.0,0,0,0,0,0,0,1,0,En observacion
3423.44,56.0,11,802.68,0.234,88.84,261.59,0.0,0.0,0.0,19.81,197.2,235.24,0.11067922459759806,0.32589574924004583,0.0,0.0,0.0,0.024679822594309064,0.24567698210993172,0.29306822145811534,72.97090909090909,1.0,0,0,0,0,0,0,1,0,En observacion
6745.18,40.1,20,3088.31,0.458,526.08,579.38,241.53,807.37,694.96,148.7,59.18,31.11,0.1703455935446895,0.187604223669256,0.07820782240124859,0.2614277711758211,0.22502922310260307,0.04814931143570431,0.019162584067014,0.010073470603663492,154.4155,0.0,0,0,0,0,0,0,0,1,En observacion
1574.88,63.4,20,2292.19,1.455,789.88,443.5,224.87,0.0,442.17,105.71,266.36,19.7,0.3445962158459813,0.19348308822567065,0.0981026878225627,0.0,0.1929028570929984,0.04611746844720551,0.11620328157787967,0.008594400987701718,114.6095,1.0,1,0,0,0,0,0,0,0,En riesgo
4841.28,23.7,18,2086.86,0.431,491.91,57.74,359.83,712.41,0.0,141.09,143.65,180.23,0.2357177769471838,0.02766836299512186,0.17242651639304982,0.34137891377476204,0.0,0.0676087519047756,0.06883547530739963,0.08636420267770717,115.93666666666667,1.0,0,0,0,0,0,0,0,1,Saludable
3693.86,24.0,16,1958.29,0.53,405.56,755.17,0.0,0.0,0.0,300.64,307.05,189.87,0.20709905070239853,0.3856272564329083,0.0,0.0,0.0,0.15352169494814352,0.15679495886717496,0.09695703904937471,122.393125,2.0,0,0,0,0,0,0,1,0,Saludable
4192.15,31.9,14,1649.48,0.393,198.9,353.13,445.68,0.0,0.0,436.06,95.05,120.66,0.12058345660450566,0.21408565123554088,0.27019424303416834,0.0,0.0,0.2643621019957805,0.05762422096660766,0.07315032616339695,117.82000000000001,1.0,0,0,0,0,1,0,0,0,En observacion
2826.48,69.1,19,2743.32,0.971,992.93,157.68,306.51,587.53,328.67,370.0,0.0,0.0,0.3619446510068092,0.05747780062114518,0.11172958313284632,0.21416750506685328,0.11980738667016608,0.13487307350217984,0.0,0.0,144.38526315789474,1.0,1,0,0,0,0,0,0,0,En riesgo
3343.78,10.9,10,1983.09,0.593,712.41,316.77,150.73,730.42,0.0,72.76,0.0,0.0,0.35924239444503275,0.15973556419527102,0.07600764463539224,0.3683241809499317,0.0,0.03669021577437232,0.0,0.0,198.309,0.0,0,0,0,0,0,0,0,1,En observacion
4121.16,76.9,24,2823.54,0.685,920.36,730.37,674.65,0.0,0.0,81.52,219.18,197.46,0.32595961098479215,0.25867173831431467,0.23893764565049547,0.0,0.0,0.028871558398322672,0.07762595890265411,0.06993348774942094,117.6475,2.0,1,0,0,0,0,0,0,0,En observacion
3246.11,19.4,13,1685.05,0.519,279.52,189.72,30.54,845.55,0.0,68.99,251.75,18.98,0.16588231803210587,0.11259013085665114,0.018124091273255986,0.5017951989555206,0.0,0.0409424052698733,0.14940209489332662,0.011263760719266491,129.61923076923077,1.0,0,0,0,0,0,0,0,1,Saludable
3476.69,33.2,17,2682.19,0.771,608.91,216.1,272.63,616.93,295.33,0.0,672.29,0.0,0.22701971150440498,0.08056849067366592,0.10164455165368598,0.23000980542019764,0.11010778505624134,0.0,0.2506496556918041,0.0,157.77588235294118,0.0,0,0,0,0,0,1,0,0,En riesgo
3440.56,11.4,19,2820.0,0.82,940.66,239.95,728.09,163.92,367.08,118.71,261.59,0.0,0.3335673758865248,0.0850886524822695,0.25818794326241135,0.05812765957446808,0.13017021276595744,0.04209574468085106,0.09276241134751773,0.0,148.42105263157896,1.0,1,0,0,0,0,0,0,0,En observacion
3174.67,28.5,11,2036.04,0.641,181.72,334.27,378.87,1045.27,0.0,95.91,0.0,0.0,0.08925168464273786,0.16417653877134045,0.18608180585843107,0.5133838235005206,0.0,0.04710614722697,0.0,0.0,185.09454545454545,1.0,0,0,0,0,0,0,0,1,Saludable
4350.05,32.6,12,2230.69,0.513,241.32,736.71,175.72,600.14,431.51,45.29,0.0,0.0,0.10818177335263976,0.3302610403059143,0.07877383231197521,0.26903783134366493,0.1934423877813591,0.020303134904446605,0.0,0.0,185.89083333333335,1.0,0,0,0,0,0,0,1,0,En observacion
5161.48,70.0,23,2482.56,0.481,192.51,1226.99,41.78,330.1,36.44,433.32,153.96,67.46,0.0775449535962877,0.4942438450631606,0.016829401907708173,0.13296758185099253,0.014678396493941736,0.17454563031709203,0.06201662799690642,0.0271735627739108,107.93739130434783,2.0,0,0,0,0,0,0,1,0,En observacion
4926.67,22.2,17,2569.74,0.522,652.89,262.01,0.0,1095.64,0.0,173.06,234.77,151.37,0.2540685049849401,0.10195973133468757,0.0,0.42636220006693293,0.0,0.06734533454746396,0.0913594371415007,0.058904791924474856,151.16117647058823,1.0,0,0,0,0,0,0,0,1,Saludable
4144.85,16.5,22,2404.74,0.58,745.81,189.11,143.17,0.0,201.61,384.82,576.48,163.74,0.3101416369337226,0.07864051830967174,0.059536581917379844,0.0,0.08383858546038242,0.16002561607491872,0.23972654008333544,0.06809052122058934,109.30636363636363,0.0,1,0,0,0,0,0,0,0,En observacion
5805.43,55.2,8,924.89,0.159,590.29,135.02,0.0,0.0,0.0,69.03,37.7,92.85,0.6382272486457848,0.14598492793737636,0.0,0.0,0.0,0.07463590264788246,0.04076160408264767,0.10039031668630864,115.61125,2.0,1,0,0,0,0,0,0,0,En observacion
6117.56,36.6,8,928.45,0.152,378.89,155.94,0.0,0.0,0.0,95.36,126.95,171.31,0.4080887500673165,0.16795734826861974,0.0,0.0,0.0,0.10270881576821583,0.13673326511928482,0.18451182077656308,116.05625,0.0,1,0,0,0,0,0,0,0,En observacion
3173.92,14.0,10,1361.84,0.429,168.31,142.61,0.0,696.2,214.96,0.0,124.21,15.55,0.12359014274804676,0.10471861599013102,0.0,0.5112201139634612,0.15784526816659813,0.0,0.09120748399224579,0.011418375139517125,136.184,0.0,0,0,0,0,0,0,0,1,En observacion
3327.9,62.9,26,4282.61,1.287,863.07,389.62,664.24,1697.31,372.72,105.81,170.83,19.01,0.20152897415361196,0.09097723117444736,0.15510167864923494,0.39632607218495264,0.08703103948293216,0.024706896028356542,0.03988922642967724,0.00443888189678724,164.7157692307692,0.0,0,0,0,0,0,0,0,1,En riesgo
3949.59,22.0,14,2171.06,0.55,851.48,166.58,137.14,376.05,214.92,60.07,364.82,0.0,0.3921955173970319,0.07672749716728235,0.06316730076552467,0.17321032122557645,0.0989931185688097,0.027668512155352685,0.16803773272042227,0.0,155.07571428571427,0.0,1,0,0,0,0,0,0,0,En observacion
9684.68,19.2,22,3810.36,0.393,1094.08,737.7,195.56,1252.84,319.98,20.58,75.86,113.76,0.28713297431213847,0.19360375397600227,0.05132323455001627,0.3287983287668356,0.08397631719837496,0.005401064466349636,0.019908880000839815,0.02985544672944289,173.19818181818184,2.0,0,0,0,0,0,0,0,1,Saludable
3859.93,21.6,16,2818.5,0.73,1007.03,41.49,249.1,1034.47,0.0,169.31,230.66,86.44,0.3572928862870321,0.014720596061734967,0.08838034415469222,0.3670285612914671,0.0,0.06007095973035303,0.08183785701614334,0.030668795458577258,176.15625,1.0,0,0,0,0,0,0,0,1,En observacion
4539.18,32.6,9,1212.31,0.267,580.32,60.62,0.0,0.0,0.0,193.98,114.5,262.89,0.4786894441190785,0.05000371192186817,0.0,0.0,0.0,0.1600085786638731,0.09444778975674539,0.2168504755384349,134.70111111111112,1.0,1,0,0,0,0,0,0,0,En observacion
4698.92,63.3,21,3088.21,0.657,1537.56,166.7,0.0,973.9,0.0,118.97,111.15,179.93,0.49788064930817527,0.05397948973677308,0.0,0.31536067819222136,0.0,0.03852393457698796,0.03599172336078181,0.058263524825060475,147.05761904761906,0.0,1,0,0,0,0,0,0,0,En riesgo
2661.64,33.9,23,3829.65,1.439,921.86,284.34,691.62,1295.92,252.41,0.0,209.75,173.75,0.2407165145639941,0.07424699385061297,0.18059613802827934,0.3383912367970964,0.06590941730967581,0.0,0.054770018147872516,0.04536968130246889,166.50652173913045,1.0,0,0,0,0,0,0,0,1,En riesgo
4441.23,49.3,11,1329.44,0.299,915.47,0.0,20.87,0.0,93.18,43.03,256.89,0.0,0.6886132506920207,0.0,0.015698339150318933,0.0,0.07008966181249247,0.032367011674088335,0.19323173667107954,0.0,120.85818181818182,0.0,1,0,0,0,0,0,0,0,En observacion
2844.34,46.0,24,3252.14,1.143,735.35,448.08,167.06,1010.52,373.0,194.93,170.24,152.96,0.22611265197685218,0.1377800463694675,0.05136925224621326,0.3107246305509603,0.11469370937290523,0.05993899401624777,0.05234706992933884,0.04703364553801497,135.50583333333333,0.0,0,0,0,0,0,0,0,1,En riesgo
2856.41,42.2,21,2849.98,0.998,231.35,589.62,202.17,1215.97,107.54,335.27,0.0,168.06,0.08117600825268949,0.2068856623555253,0.07093733991115726,0.4266591344500663,0.0377335981305132,0.1176394220310318,0.0,0.05896883486901663,135.71333333333334,1.0,0,0,0,0,0,0,0,1,En riesgo
1850.28,19.3,21,2602.99,1.407,958.82,900.04,89.75,368.04,0.0,249.11,37.23,0.0,0.3683533167626461,0.3457715934367785,0.03447957925308972,0.14139124622069238,0.0,0.09570148175751733,0.014302782569276102,0.0,123.95190476190476,0.0,1,0,0,0,0,0,0,0,En riesgo
5485.75,37.3,24,3454.08,0.63,824.56,764.49,79.49,1033.84,326.65,255.1,148.94,21.01,0.23872058551046876,0.2213295580878266,0.02301336390587363,0.29930980174170835,0.09456932091902909,0.0738546877895127,0.04312002038169353,0.006082661663887346,143.92,0.0,0,0,0,0,0,0,0,1,En observacion
7931.66,38.9,25,3532.2,0.445,1198.78,559.49,314.59,575.71,0.0,199.55,280.91,403.17,0.3393862182209388,0.1583970330105883,0.08906347318951362,0.16298907196647983,0.0,0.05649453598323991,0.07952833927863656,0.11414132835060303,141.28799999999998,0.0,1,0,0,0,0,0,0,0,En observacion
2590.71,20.6,10,2195.93,0.848,986.63,171.7,194.23,588.24,0.0,100.27,0.0,154.86,0.449299385681693,0.07819010624200225,0.08844999612920267,0.2678773913558265,0.0,0.045661746959147154,0.0,0.07052137363212854,219.593,0.0,1,0,0,0,0,0,0,0,En observacion
3236.24,25.0,11,1349.46,0.417,496.11,342.26,81.06,0.0,183.02,119.43,127.58,0.0,0.36763594326619536,0.2536273768766766,0.06006847183317771,0.0,0.13562462021845775,0.08850206749366414,0.09454152031182843,0.0,122.67818181818183,2.0,1,0,0,0,0,0,0,0,Saludable
4764.99,73.9,23,2280.25,0.479,582.27,456.97,135.89,0.0,347.51,27.73,426.42,303.46,0.255353579651354,0.20040346453239777,0.05959434272557833,0.0,0.15239995614515953,0.012160947264554325,0.18700581076636336,0.13308189891459268,99.1413043478261,2.0,1,0,0,0,0,0,0,0,En observacion
2177.57,31.0,9,1289.76,0.592,413.37,0.0,0.0,314.42,0.0,440.31,121.66,0.0,0.320501488649051,0.0,0.0,0.24378178885994295,0.0,0.3413890956457015,0.09432762684530455,0.0,143.30666666666667,0.0,0,0,1,0,0,0,0,0,En observacion
3011.93,56.5,22,3544.73,1.177,1094.13,766.18,304.51,883.89,0.0,135.51,78.24,282.27,0.30866384745805747,0.2161462227024343,0.08590499135336119,0.2493532652698513,0.0,0.038228581584493035,0.02207220296045115,0.07963088867135155,161.1240909090909,2.0,1,0,0,0,0,0,0,0,En riesgo
3609.96,21.2,14,2234.6,0.619,161.8,903.29,0.0,871.07,0.0,57.35,241.09,0.0,0.07240669471046272,0.4042289447775888,0.0,0.38981025686923837,0.0,0.025664548465049675,0.10788955517766044,0.0,159.6142857142857,1.0,0,0,0,0,0,0,1,0,Saludable
7262.58,10.9,25,3888.34,0.535,1220.17,599.0,318.77,882.79,261.16,72.87,202.21,331.37,0.3138022909519229,0.15405031453010795,0.08198099960394409,0.22703518725214358,0.0671649084185025,0.018740645108195272,0.052004197163828265,0.08522145697135539,155.5336,2.0,1,0,0,0,0,0,0,0,Saludable
8387.94,53.2,8,945.86,0.113,0.0,306.91,444.34,0.0,58.05,110.79,25.77,0.0,0.0,0.3244771953566067,0.4697735394244391,0.0,0.06137271900704121,0.11713149937622905,0.027245046835683927,0.0,118.2325,1.0,0,0,0,0,1,0,0,0,En observacion
4016.02,40.7,8,485.19,0.121,128.53,64.18,0.0,0.0,0.0,26.52,51.98,213.98,0.2649065314619015,0.13227807662977392,0.0,0.0,0.0,0.054658999567179865,0.10713328799027184,0.44102310435087283,60.64875,2.0,0,0,0,1,0,0,0,0,Saludable
3657.55,31.3,18,2399.98,0.656,432.34,142.59,347.49,1022.22,0.0,291.67,163.67,0.0,0.18014316785973214,0.05941299510829257,0.14478870657255477,0.42592854940457836,0.0,0.12153017941816183,0.0681964016366803,0.0,133.3322222222222,1.0,0,0,0,0,0,0,0,1,En observacion
3643.57,52.9,13,1736.66,0.477,75.48,683.9,697.75,0.0,0.0,128.3,151.23,0.0,0.04346273882049451,0.3938018955926894,0.4017769741918395,0.0,0.0,0.07387744290765032,0.08708094848732624,0.0,133.58923076923077,1.0,0,0,0,0,1,0,0,0,En observacion
5800.88,28.5,9,1631.75,0.281,233.73,181.28,0.0,865.09,0.0,69.07,119.37,163.21,0.14323885399111383,0.11109544967059905,0.0,0.5301608702313467,0.0,0.04232878811092385,0.07315458863183699,0.10002144936417956,181.30555555555554,0.0,0,0,0,0,0,0,0,1,En observacion
3506.21,23.2,22,3640.0,1.038,1092.79,485.0,286.41,807.89,267.55,45.38,498.19,156.79,0.30021703296703295,0.13324175824175824,0.07868406593406595,0.2219478021978022,0.07350274725274726,0.012467032967032967,0.1368653846153846,0.043074175824175824,165.45454545454547,1.0,1,0,0,0,0,0,0,0,En observacion
2486.5,53.1,25,3252.97,1.308,602.69,590.14,185.2,756.94,754.91,201.65,19.74,141.7,0.18527376520533545,0.18141575237398438,0.056932587758263986,0.2326919707221401,0.23206792561874226,0.061989504975453205,0.006068300660627058,0.0435601926854536,130.1188,0.0,0,0,0,0,0,0,0,1,En riesgo
4420.25,50.8,14,2738.73,0.62,304.32,129.22,0.0,1799.85,0.0,155.86,227.51,121.97,0.1111171966568446,0.0471824531808539,0.0,0.6571841693047507,0.0,0.056909589481255914,0.0830713505895068,0.044535240786788034,195.62357142857144,1.0,0,0,0,0,0,0,0,1,En observacion
4065.39,37.7,13,1749.48,0.43,231.94,399.66,181.08,444.32,112.39,63.51,160.39,156.19,0.1325765370281455,0.22844502366417452,0.10350504149804514,0.2539726090038183,0.06424194617829297,0.03630221551546745,0.09167867023344078,0.08927795687861535,134.57538461538462,1.0,0,0,0,0,0,0,0,1,En observacion
2426.51,37.7,19,2075.22,0.855,628.29,258.17,414.49,226.71,0.0,333.79,185.78,27.99,0.3027582617746552,0.12440608706546778,0.1997330403523482,0.1092462485905109,0.0,0.16084559709332025,0.08952303852121704,0.013487726602480701,109.22210526315789,0.0,1,0,0,0,0,0,0,0,En riesgo
3267.73,12.3,18,2179.06,0.667,526.48,844.22,83.74,0.0,379.94,34.19,45.65,264.84,0.24160876708305418,0.3874239350912779,0.03842941451818674,0.0,0.17435958624360964,0.01569025175993318,0.020949400200086274,0.12153864510385211,121.05888888888889,1.0,0,0,0,0,0,0,1,0,Saludable
4228.11,25.5,23,3290.36,0.778,1093.98,715.01,141.52,587.15,221.76,170.71,289.43,70.8,0.3324803364981339,0.21730448947835493,0.04301049125323673,0.1784455196391884,0.0673968805844953,0.05188186095138526,0.08796301924409487,0.021517402351110514,143.05913043478262,1.0,1,0,0,0,0,0,0,0,En observacion
3066.74,35.2,11,935.45,0.305,358.13,425.73,0.0,0.0,115.06,36.53,0.0,0.0,0.38284248222780476,0.45510716767331233,0.0,0.0,0.1229996258485221,0.03905072425036079,0.0,0.0,85.0409090909091,2.0,0,0,0,0,0,0,1,0,Saludable
9036.35,48.1,26,3291.1,0.364,1801.84,474.32,284.69,0.0,0.0,34.06,497.74,198.45,0.547488681595819,0.14412202607031083,0.08650299292030021,0.0,0.0,0.010349123393394307,0.15123818783993195,0.060298988180243686,126.58076923076922,1.0,1,0,0,0,0,0,0,0,En observacion
4451.0,66.5,21,3017.31,0.678,215.14,188.64,732.78,973.4,263.7,431.84,125.35,86.46,0.07130192124773391,0.06251926384759934,0.2428587052705887,0.32260523446381045,0.08739572665718802,0.14312085930845686,0.04154362660780629,0.028654662596816368,143.68142857142857,1.0,0,0,0,0,0,0,0,1,En observacion
2738.62,50.0,22,3545.76,1.295,1676.37,431.31,55.7,886.0,0.0,142.82,98.03,255.53,0.47278157574116686,0.12164105861648841,0.015708903027841704,0.24987590812688956,0.0,0.0402790939037047,0.027647105275032714,0.07206635530887595,161.1709090909091,0.0,1,0,0,0,0,0,0,0,En riesgo
5705.67,41.5,26,3281.03,0.575,608.71,804.26,329.76,827.96,0.0,183.14,300.01,227.19,0.1855240579939836,0.24512424452077547,0.10050502433686982,0.25234758597147844,0.0,0.05581783769121281,0.09143774973102958,0.06924349975465022,126.19346153846155,0.0,0,0,0,0,0,0,0,1,En observacion
3612.4,58.0,24,2487.9,0.689,201.67,1154.38,61.43,0.0,299.11,271.04,277.11,223.16,0.08106033200691345,0.4639977491056715,0.02469150689336388,0.0,0.12022589332368665,0.10894328550182886,0.11138309417581092,0.08969813899272479,103.66250000000001,1.0,0,0,0,0,0,0,1,0,En observacion
2465.32,35.5,13,1231.15,0.499,506.02,102.13,25.02,0.0,158.71,177.31,0.0,261.96,0.4110140925151281,0.08295496080899971,0.0203224627380904,0.0,0.12891199285221133,0.14401981886853754,0.0,0.21277667221703284,94.70384615384616,0.0,1,0,0,0,0,0,0,0,En observacion
3814.18,8.3,24,3200.67,0.839,1070.02,497.26,268.64,755.56,87.04,264.82,257.33,0.0,0.3343112535812814,0.15536122124430196,0.08393242664817054,0.2360630742938197,0.027194306192141023,0.08273892653725626,0.08039879150302905,0.0,133.36125,2.0,1,0,0,0,0,0,0,0,Saludable
2808.04,32.1,17,1751.23,0.624,654.93,479.01,110.2,178.29,0.0,172.57,97.65,58.58,0.3739828577628295,0.27352774906779803,0.06292719973961158,0.10180844320848774,0.0,0.09854216750512497,0.05576080811772297,0.033450774598425104,103.01352941176471,0.0,1,0,0,0,0,0,0,0,En observacion
6813.11,33.1,16,2123.98,0.312,483.54,356.5,0.0,755.76,44.38,181.69,143.93,158.18,0.22765751089934935,0.16784527161272705,0.0,0.3558225595344589,0.020894735355323497,0.08554223674422547,0.06776429156583395,0.0744733942880818,132.74875,2.0,0,0,0,0,0,0,0,1,Saludable
2524.19,24.4,21,2410.08,0.955,1458.47,0.0,343.74,0.0,0.0,323.11,123.11,161.65,0.60515418575317,0.0,0.1426259709221271,0.0,0.0,0.13406608909247827,0.05108129190732258,0.06707246232490208,114.76571428571428,1.0,1,0,0,0,0,0,0,0,En observacion
2838.22,48.3,15,1669.05,0.588,474.04,199.98,288.13,0.0,229.94,98.4,270.83,107.73,0.2840178544681106,0.11981666217309248,0.17263113747341302,0.0,0.1377669931997244,0.05895569335849735,0.16226595967766094,0.06454569964950121,111.27,0.0,1,0,0,0,0,0,0,0,En observacion
2667.73,30.1,14,1826.26,0.685,486.03,162.48,0.0,533.78,181.19,141.43,233.54,87.81,0.266134066343237,0.08896871201252833,0.0,0.2922803981908381,0.09921369355951508,0.07744242331321938,0.1278788343390317,0.048081872241630436,130.44714285714286,2.0,0,0,0,0,0,0,0,1,Saludable
2061.96,60.6,13,1641.6,0.796,446.67,321.8,594.08,0.0,0.0,214.42,64.63,0.0,0.27209429824561404,0.1960282651072125,0.3618908382066277,0.0,0.0,0.1306164717348928,0.03937012670565302,0.0,126.27692307692307,2.0,0,0,0,0,1,0,0,0,En observacion
2304.25,63.8,19,2431.29,1.055,261.2,944.47,758.46,0.0,0.0,195.76,143.68,127.72,0.10743267977082124,0.38846455996610857,0.3119578495366657,0.0,0.0,0.0805169272279325,0.05909619995969218,0.052531783538779825,127.96263157894737,1.0,0,0,0,0,0,0,1,0,En riesgo
1995.9,32.6,16,1965.34,0.985,830.71,258.93,0.0,0.0,374.74,187.94,313.02,0.0,0.4226800451830218,0.13174819624085402,0.0,0.0,0.19067438712894463,0.09562721971770788,0.15927015172947173,0.0,122.83375,0.0,1,0,0,0,0,0,0,0,En riesgo
3608.22,31.9,8,848.35,0.235,0.0,0.0,222.7,158.12,106.71,89.35,104.35,167.12,0.0,0.0,0.262509577414982,0.18638533624093828,0.12578534802852595,0.10532209583308774,0.1230034773383627,0.19699416514410326,106.04375,0.0,0,0,0,0,1,0,0,0,En observacion
3784.99,71.1,10,1663.93,0.44,215.81,98.31,327.53,704.97,0.0,120.1,197.21,0.0,0.12969896570168216,0.05908301430949619,0.19684121327219292,0.42367767874850504,0.0,0.07217851712511944,0.1185206108430042,0.0,166.393,1.0,0,0,0,0,0,0,0,1,En observacion
5894.97,5.7,25,3021.29,0.513,1030.83,550.97,108.34,522.72,224.54,225.03,131.06,227.8,0.34118869754310244,0.18236250078608807,0.03585885499240391,0.17301219015718453,0.07431924773854877,0.07448143011759878,0.04337882162917164,0.07539825703590189,120.8516,0.0,1,0,0,0,0,0,0,0,En observacion
3264.27,64.8,20,2727.68,0.836,163.85,324.22,0.0,1693.32,0.0,303.3,70.84,172.15,0.06006936297512905,0.11886291647114032,0.0,0.6207912951665885,0.0,0.11119339511966214,0.025970788362271235,0.06311224190520882,136.384,1.0,0,0,0,0,0,0,0,1,En riesgo
2614.0,24.7,9,1262.31,0.483,130.4,529.12,203.62,374.54,0.0,24.63,0.0,0.0,0.10330267525409766,0.4191680332089582,0.16130744428864544,0.2967099999207802,0.0,0.019511847327518598,0.0,0.0,140.25666666666666,1.0,0,0,0,0,0,0,1,0,Saludable
3744.42,47.5,22,3039.58,0.812,1246.19,802.57,105.33,365.21,0.0,311.01,209.27,0.0,0.409987564071352,0.26403976865224804,0.034652813875601235,0.1201514682949618,0.0,0.10232005737634804,0.06884832772948894,0.0,138.16272727272727,0.0,1,0,0,0,0,0,0,0,En riesgo
3969.34,37.6,18,2200.98,0.554,1184.73,319.04,64.49,0.0,243.17,302.32,87.23,0.0,0.5382738598260774,0.14495361157302658,0.029300584285182053,0.0,0.1104826032040273,0.13735699552017738,0.03963234559150924,0.0,122.27666666666667,1.0,1,0,0,0,0,0,0,0,En observacion
1763.76,10.7,19,2491.63,1.413,902.43,172.58,350.68,182.42,466.46,258.36,0.0,158.7,0.3621845940207815,0.06926389552220835,0.1407432082612587,0.07321311751744841,0.18721078169712194,0.10369115799697387,0.0,0.06369324498420711,131.13842105263157,1.0,1,0,0,0,0,0,0,0,En observacion
6352.37,30.3,25,3812.21,0.6,884.0,615.15,266.01,912.43,284.49,231.1,387.19,231.84,0.23188649103800682,0.1613630938484501,0.06977842248984184,0.23934410748620877,0.07462600433869068,0.06062100461412147,0.10156575844457677,0.06081511774010351,152.4884,2.0,0,0,0,0,0,0,0,1,Saludable
4380.94,40.2,16,2409.57,0.55,973.49,400.6,254.08,420.63,0.0,18.37,181.8,160.6,0.4040098440800641,0.16625372991861617,0.10544619994438842,0.17456641641454698,0.0,0.007623766896168196,0.07544914652821873,0.0666508962179974,150.598125,2.0,1,0,0,0,0,0,0,0,Saludable
2816.36,13.7,16,1590.43,0.565,773.91,228.39,72.9,0.0,0.0,204.08,153.7,157.45,0.48660425168036314,0.14360267349081693,0.04583666052576976,0.0,0.0,0.12831749904113982,0.09664053117710304,0.09899838408480724,99.401875,0.0,1,0,0,0,0,0,0,0,En observacion
5505.61,12.0,10,1146.47,0.208,404.68,63.89,94.09,0.0,162.75,122.55,227.01,71.5,0.35297914467888386,0.05572758118398213,0.08206930839882422,0.0,0.1419574868945546,0.10689333344963234,0.19800779784904968,0.062365347545073134,114.647,1.0,1,0,0,0,0,0,0,0,Saludable
5060.61,57.5,19,2483.9,0.491,1017.12,130.84,888.17,0.0,93.1,250.55,68.63,35.49,0.4094850839405773,0.05267522847135553,0.35757075566649216,0.0,0.037481380087765206,0.10086960022545191,0.027629936792946574,0.014288014815411249,130.73157894736843,0.0,1,0,0,0,0,0,0,0,En riesgo
4449.15,28.0,11,1391.71,0.313,245.91,237.14,154.74,504.34,105.57,0.0,0.0,144.01,0.17669629448663873,0.17039469429694404,0.11118695705283428,0.3623887160399796,0.07585632064151296,0.0,0.0,0.10347701748209037,126.5190909090909,1.0,0,0,0,0,0,0,0,1,Saludable
3182.63,48.1,22,2254.57,0.708,696.63,738.5,36.26,0.0,165.99,116.78,202.86,297.55,0.30898574894547515,0.3275569177271054,0.016082889420155504,0.0,0.07362379522481005,0.05179701672602758,0.08997724621546459,0.13197638574096168,102.48045454545455,1.0,0,0,0,0,0,0,1,0,En observacion
6233.71,63.6,13,1594.67,0.256,670.62,174.93,284.33,0.0,39.07,188.33,139.3,98.09,0.4205384186069845,0.10969667705544094,0.17830021258316767,0.0,0.024500366847059266,0.11809966952410217,0.08735349633466485,0.06151115904858059,122.66692307692308,2.0,1,0,0,0,0,0,0,0,En observacion
2777.88,68.6,16,2266.67,0.816,358.75,272.39,0.0,1156.53,64.35,121.46,293.19,0.0,0.158271826070844,0.12017188210017338,0.0,0.510233073186657,0.02838966413284686,0.05358521531585982,0.12934833919361882,0.0,141.666875,0.0,0,0,0,0,0,0,0,1,En riesgo
3188.48,28.2,22,2569.0,0.806,748.05,396.79,299.96,0.0,157.93,133.75,429.97,402.55,0.29118333982094197,0.15445309458933437,0.11676138575321136,0.0,0.061475282210977034,0.052063059556247564,0.16736862592448423,0.15669521214480342,116.77272727272727,0.0,1,0,0,0,0,0,0,0,En observacion
8703.02,27.3,18,1931.46,0.222,1030.92,166.6,107.79,281.35,0.0,61.25,201.52,82.03,0.5337516697213507,0.08625599287585557,0.05580752384206766,0.14566700837708263,0.0,0.03171176208671161,0.10433558033818977,0.04247046275874209,107.30333333333334,1.0,1,0,0,0,0,0,0,0,Saludable
2616.0,9.4,26,3479.2,1.33,1057.11,655.13,225.71,324.51,273.18,522.16,371.12,50.28,0.3038370889859738,0.1882990342607496,0.06487410899057255,0.0932714417107381,0.07851805012646586,0.15008047827086687,0.10666819958611176,0.0144515980685215,133.8153846153846,0.0,1,0,0,0,0,0,0,0,En riesgo
3620.2,65.6,11,957.14,0.264,202.07,244.8,211.5,0.0,0.0,0.0,104.37,194.4,0.21111854065236016,0.2557619574983806,0.22097080886808618,0.0,0.0,0.0,0.10904360908540026,0.20310508389577284,87.01272727272728,0.0,0,0,0,0,0,0,1,0,En riesgo
3834.32,32.6,16,1965.32,0.513,495.23,113.44,476.64,406.83,0.0,0.0,211.88,261.3,0.2519844096635663,0.057720880060244645,0.24252539026723383,0.20700445728939817,0.0,0.0,0.10780941526061914,0.132955447458938,122.8325,1.0,1,0,0,0,0,0,0,0,En observacion
3619.96,47.4,12,1330.63,0.368,619.49,205.38,0.0,0.0,190.17,120.26,55.81,139.52,0.4655614257907908,0.15434794044926087,0.0,0.0,0.1429172647542893,0.09037824188542269,0.04194253849680227,0.10485258862343401,110.88583333333334,2.0,1,0,0,0,0,0,0,0,Saludable
2183.8,20.7,9,1715.75,0.786,366.65,161.07,266.16,561.18,255.59,105.1,0.0,0.0,0.2136966341250182,0.09387731312836951,0.15512749526446162,0.3270756229054349,0.14896692408567683,0.061256010491038904,0.0,0.0,190.63888888888889,1.0,0,0,0,0,0,0,0,1,En observacion
2502.06,55.3,17,2367.21,0.946,960.32,405.42,609.25,175.84,0.0,142.12,74.26,0.0,0.4056758800444405,0.17126490678900477,0.2573704909999535,0.07428153818207933,0.0,0.060036921101211976,0.031370262883309886,0.0,139.24764705882353,0.0,1,0,0,0,0,0,0,0,En riesgo
5798.78,39.5,24,3103.64,0.535,535.24,170.52,249.72,1514.8,128.81,60.94,161.2,282.41,0.17245556830044723,0.054941939142426316,0.08046036267092833,0.48807207021432897,0.041502880488716476,0.019635009214986274,0.05193901354538542,0.09099315642278101,129.31833333333333,1.0,0,0,0,0,0,0,0,1,En observacion
3251.81,26.1,26,2636.53,0.811,392.58,1053.45,150.89,0.0,0.0,692.86,346.75,0.0,0.1489002590526184,0.39955926919094414,0.057230526487466474,0.0,0.0,0.26279238241173053,0.13151756285724037,0.0,101.405,1.0,0,0,0,0,0,0,1,0,En observacion
8964.02,25.3,24,3613.47,0.403,824.72,552.93,92.7,1347.2,327.51,153.01,120.73,194.67,0.22823490993421838,0.1530191201255303,0.025654011241272243,0.3728272270144764,0.09063587078348513,0.04234433937461775,0.033411097919728135,0.0538734236066717,150.56125,1.0,0,0,0,0,0,0,0,1,Saludable
5593.42,32.2,8,1401.29,0.251,370.75,305.21,258.61,0.0,377.21,89.51,0.0,0.0,0.26457763917533134,0.21780644977128216,0.18455137765915694,0.0,0.26918767706898644,0.06387685632524318,0.0,0.0,175.16125,2.0,0,1,0,0,0,0,0,0,Saludable
7989.55,29.0,9,1239.14,0.155,560.3,0.0,161.5,254.67,0.0,0.0,23.25,239.42,0.45216843940152035,0.0,0.13033232725922816,0.2055215714124312,0.0,0.0,0.018763013057443063,0.19321464886937711,137.68222222222224,2.0,1,0,0,0,0,0,0,0,Saludable
5478.84,45.3,15,1290.04,0.235,344.16,336.74,0.0,0.0,0.0,262.0,347.14,0.0,0.26678242535115193,0.26103066571579175,0.0,0.0,0.0,0.20309447769061426,0.2690924312424421,0.0,86.00266666666667,1.0,0,0,0,0,0,1,0,0,En observacion
4773.32,14.4,17,2382.61,0.499,684.86,448.73,297.11,358.93,54.13,0.0,208.3,330.55,0.287441083517655,0.18833548083824042,0.12469938428865823,0.1506457204494231,0.022718783183147892,0.0,0.08742513462127667,0.13873441310159867,140.1535294117647,1.0,1,0,0,0,0,0,0,0,Saludable
4999.46,59.1,15,1768.57,0.354,582.0,401.05,167.24,0.0,0.0,139.8,225.17,253.31,0.3290794257507478,0.2267651266277275,0.09456227347518052,0.0,0.0,0.07904691360816932,0.12731755033727812,0.14322871020089678,117.90466666666666,1.0,1,0,0,0,0,0,0,0,En observacion
8394.88,45.1,26,3915.18,0.466,996.1,388.86,540.88,577.49,753.25,236.43,310.86,111.31,0.254419975582221,0.09932110401054359,0.13814945928411976,0.14750024264529346,0.19239217609407486,0.0603880281366374,0.07939864833800746,0.02843036590910252,150.58384615384614,2.0,1,0,0,0,0,0,0,0,Saludable
5951.68,71.3,11,1929.8,0.324,444.53,194.42,151.61,858.14,158.05,100.94,0.0,22.11,0.23035029536739557,0.10074619131516219,0.07856254534148617,0.44467820499533633,0.08189967872318375,0.0523059384392165,0.0,0.011457145818219504,175.43636363636364,1.0,0,0,0,0,0,0,0,1,En observacion
3368.65,43.1,19,2944.04,0.874,903.65,735.74,374.72,694.57,0.0,0.0,16.37,218.99,0.3069421611119414,0.2499082892895477,0.1272808793358786,0.23592410429206126,0.0,0.0,0.0055603864077933725,0.07438417956277768,154.94947368421052,0.0,1,0,0,0,0,0,0,0,En riesgo
2282.2,19.1,8,837.21,0.367,172.19,0.0,179.42,0.0,87.2,116.43,246.55,35.42,0.20567121749620762,0.0,0.21430704363301917,0.0,0.10415546875933158,0.13906905077579101,0.29449003236941745,0.04230718696623308,104.65125,0.0,0,0,0,0,0,1,0,0,En observacion
2504.97,52.1,14,1511.21,0.603,645.62,69.94,69.87,223.86,0.0,104.55,397.37,0.0,0.4272205715949471,0.04628079485974815,0.04623447436160428,0.14813295306410096,0.0,0.0691829725848823,0.2629482335347172,0.0,107.94357142857143,0.0,1,0,0,0,0,0,0,0,En observacion
3840.76,41.7,22,2419.31,0.63,137.89,241.11,311.43,566.56,311.43,163.99,481.06,205.84,0.056995589651594875,0.09966064704399188,0.12872678573642898,0.2341824735151758,0.12872678573642898,0.06778378959290046,0.19884181853503685,0.08508211018844217,109.96863636363636,2.0,0,0,0,0,0,0,0,1,Saludable
3569.62,38.6,23,3648.01,1.022,1596.72,183.69,682.43,282.57,331.61,262.85,130.95,177.19,0.43769616859602906,0.05035348039067875,0.187069114393875,0.07745866924706894,0.09090161485302946,0.07205298231090375,0.0358962831790483,0.04857168702936669,158.60913043478263,0.0,1,0,0,0,0,0,0,0,En riesgo
3335.92,28.2,16,2145.69,0.643,428.08,232.84,226.41,546.61,0.0,236.05,138.13,337.57,0.19950691852038271,0.10851520955962883,0.10551850453700208,0.25474788995614467,0.0,0.110011231818203,0.06437556217347333,0.15732468343516537,134.105625,1.0,0,0,0,0,0,0,0,1,Saludable
4287.27,46.5,14,1521.9,0.355,482.08,461.12,166.79,0.0,0.0,221.27,190.64,0.0,0.3167619423089559,0.30298968394769693,0.10959327156843418,0.0,0.0,0.1453906301333859,0.12526447204152702,0.0,108.70714285714287,1.0,1,0,0,0,0,0,0,0,En observacion
4376.58,26.4,21,2348.93,0.537,75.52,441.7,354.86,448.2,223.77,393.36,269.64,141.88,0.032150809091799244,0.1880430664174752,0.15107304176795394,0.19081028383136153,0.09526465241620653,0.16746348337328062,0.11479269284312432,0.06040197025879869,111.85380952380952,2.0,0,0,0,0,0,0,0,1,Saludable
6716.35,62.2,21,2375.84,0.354,682.63,316.82,355.46,303.13,0.0,143.99,445.65,128.16,0.28732153680382516,0.13335073068893527,0.14961445215166003,0.1275885581520641,0.0,0.06060593305946528,0.18757576267762135,0.05394302646642871,113.13523809523811,0.0,1,0,0,0,0,0,0,0,En riesgo
3902.36,74.7,10,1624.59,0.416,698.64,0.0,388.28,264.12,0.0,124.72,148.83,0.0,0.4300408102967518,0.0,0.23900184046436332,0.16257640389267447,0.0,0.07677013892736013,0.0916108064188503,0.0,162.459,0.0,1,0,0,0,0,0,0,0,En riesgo
3449.09,26.5,22,2535.73,0.735,1112.02,139.03,67.98,0.0,334.35,430.3,90.0,362.05,0.43854038087651287,0.05482839261277817,0.026808847945167667,0.0,0.13185552089536348,0.1696947230186179,0.03549273779148411,0.1427793968600758,115.26045454545455,2.0,1,0,0,0,0,0,0,0,Saludable
6983.87,11.2,25,3821.76,0.547,470.71,976.9,64.96,1033.48,624.51,120.9,351.33,178.97,0.12316576655781628,0.2556152139328477,0.01699740433726869,0.2704199112450808,0.1634090052750565,0.03163463953780457,0.09192884953529264,0.046829209578832784,152.87040000000002,1.0,0,0,0,0,0,0,0,1,Saludable
2864.49,52.3,18,2366.81,0.826,198.6,464.75,357.85,592.34,103.62,125.39,497.27,26.99,0.08391041105961189,0.1963613471296809,0.15119506846768435,0.25026934988444366,0.0437804470996827,0.0529784815849181,0.21010136005847532,0.011403534715503144,131.48944444444444,0.0,0,0,0,0,0,0,0,1,En riesgo
7708.59,53.6,17,2469.23,0.32,1034.83,872.78,0.0,341.94,0.0,138.87,80.81,0.0,0.4190901617103307,0.35346241540885215,0.0,0.1384804169720925,0.0,0.05624020443620076,0.032726801472523825,0.0,145.24882352941177,0.0,1,0,0,0,0,0,0,0,En riesgo
3021.52,15.6,19,1993.76,0.66,168.28,352.99,414.19,504.97,0.0,199.31,259.42,94.6,0.08440333841585748,0.1770473878500923,0.20774315865500362,0.25327521868228875,0.0,0.09996689671775941,0.13011596180081855,0.047448037878179916,104.93473684210527,0.0,0,0,0,0,0,0,0,1,En observacion
4274.73,13.3,14,1281.66,0.3,418.4,248.24,0.0,0.0,0.0,107.3,315.78,191.94,0.3264516330384033,0.19368631306274675,0.0,0.0,0.0,0.08371955120702838,0.24638359627358267,0.14975890641823883,91.54714285714286,0.0,1,0,0,0,0,0,0,0,En observacion
4969.6,67.5,9,1016.65,0.205,0.0,137.27,269.15,0.0,204.86,145.66,0.0,259.71,0.0,0.13502188560468206,0.26474204495155657,0.0,0.20150494270397878,0.1432744799095067,0.0,0.2554566468302759,112.96111111111111,0.0,0,0,0,0,1,0,0,0,En riesgo
2690.87,22.0,26,3380.77,1.256,616.81,262.32,1105.32,281.25,159.75,333.09,310.5,311.73,0.18244660240122812,0.07759179121916013,0.326943270320075,0.08319110735128388,0.047252548975529246,0.09852489225827252,0.0918429825158174,0.09220680495863369,130.0296153846154,0.0,0,0,0,0,1,0,0,0,En riesgo
2373.42,16.5,15,2090.43,0.881,608.89,1100.54,104.64,0.0,0.0,10.0,59.86,206.5,0.29127500083714836,0.526465846739666,0.05005668690173792,0.0,0.0,0.004783704788010123,0.028635256861028593,0.09878350387240903,139.362,1.0,0,0,0,0,0,0,1,0,En observacion
4364.13,15.4,13,1285.13,0.294,267.96,416.65,0.0,275.89,0.0,128.14,82.86,113.63,0.20850808867585377,0.32420844583816416,0.0,0.2146786706403243,0.0,0.09970975698956525,0.06447596741185715,0.0884190704442352,98.85615384615386,2.0,0,0,0,0,0,0,1,0,Saludable
4081.51,44.3,11,2046.95,0.502,598.31,227.1,0.0,1085.35,0.0,124.68,0.0,11.51,0.29229341214978377,0.11094555314003761,0.0,0.5302279000464104,0.0,0.06091013459048829,0.0,0.005623000073279758,186.08636363636364,1.0,0,0,0,0,0,0,0,1,Saludable
3521.94,61.4,26,3394.96,0.964,969.82,557.82,299.25,774.57,0.0,213.95,579.55,0.0,0.2856646322784363,0.16430826872776116,0.088145368428494,0.22815290901807386,0.0,0.06301988830501684,0.17070893324221786,0.0,130.57538461538462,0.0,1,0,0,0,0,0,0,0,En riesgo
2663.18,55.3,22,3058.01,1.148,1138.24,574.37,202.86,196.72,337.08,177.16,298.86,132.72,0.37221591819516614,0.1878247618549318,0.06633725854395506,0.06432941684297958,0.11022854732325923,0.05793310028417173,0.09773022324976047,0.043400773705775976,139.00045454545455,0.0,1,0,0,0,0,0,0,0,En riesgo
5297.7,23.8,24,2569.55,0.485,516.77,501.04,234.01,491.31,75.19,12.84,393.36,345.03,0.20111303535638533,0.19499134089626588,0.09107042089081745,0.19120468564534646,0.029261933023292015,0.0049969839076881165,0.15308517055515555,0.1342764297250491,107.06458333333335,1.0,1,0,0,0,0,0,0,0,Saludable
4156.45,31.4,18,2146.97,0.517,247.88,544.12,264.11,0.0,114.52,243.58,329.97,402.79,0.11545573529206278,0.2534362380471083,0.12301522610935413,0.0,0.05334028887222458,0.11345291270953951,0.153691015710513,0.18760858325919788,119.2761111111111,0.0,0,0,0,0,0,0,1,0,En observacion
6410.19,20.9,8,1313.74,0.205,841.89,209.75,0.0,0.0,0.0,112.29,149.81,0.0,0.6408345639167567,0.1596586843667697,0.0,0.0,0.0,0.08547353357589782,0.11403321814057576,0.0,164.2175,2.0,1,0,0,0,0,0,0,0,Saludable
4109.48,15.1,19,3186.44,0.775,476.11,481.06,756.3,771.75,0.0,336.11,34.54,330.57,0.1494175317909642,0.15097098956829566,0.23734951858500394,0.24219818982940208,0.0,0.10548135223007495,0.010839683157379395,0.10374273483887975,167.70736842105262,0.0,0,0,0,0,0,0,0,1,En observacion
5187.94,28.7,17,1784.96,0.344,273.32,461.43,75.2,0.0,243.7,377.12,354.19,0.0,0.15312387952671208,0.2585099946217282,0.04212979562567228,0.0,0.13652967013266404,0.21127644316959485,0.19843021692362853,0.0,104.99764705882353,0.0,0,0,0,0,0,0,1,0,En observacion
5573.97,68.0,19,2135.95,0.383,162.24,284.39,224.25,683.92,0.0,221.03,560.12,0.0,0.07595683419555703,0.1331445024462183,0.10498841265010886,0.32019476111332196,0.0,0.10348088672487653,0.2622346028699174,0.0,112.41842105263157,0.0,0,0,0,0,0,0,0,1,En riesgo
1677.49,17.1,20,3558.79,2.121,686.38,447.1,264.43,1883.88,0.0,74.86,144.17,57.97,0.19286892455019825,0.1256325886045538,0.07430334467613993,0.529359698099635,0.0,0.021035239505562284,0.04051096018590588,0.016289244378004882,177.9395,0.0,0,0,0,0,0,0,0,1,En riesgo
2304.6,27.8,15,2021.29,0.877,687.83,69.99,111.64,752.5,0.0,91.01,37.13,271.19,0.3402925854281177,0.034626401951229166,0.0552320547768999,0.3722870048335469,0.0,0.04502570140850645,0.018369457128863252,0.13416679447283666,134.75266666666667,1.0,0,0,0,0,0,0,0,1,En observacion
3633.29,27.6,15,2128.46,0.586,1092.63,75.28,427.9,0.0,334.53,78.02,120.1,0.0,0.5133429803707845,0.035368294447628804,0.20103736974150324,0.0,0.15716997265628668,0.03665561015945801,0.05642577262433872,0.0,141.89733333333334,0.0,1,0,0,0,0,0,0,0,En observacion
4507.33,24.8,16,1615.04,0.358,394.0,397.71,274.59,0.0,0.0,345.1,56.54,147.1,0.24395680602338024,0.2462539627501486,0.17002055676639588,0.0,0.0,0.21367891816920945,0.03500842084406578,0.09108133544680008,100.94,0.0,0,0,0,0,0,0,1,0,En observacion
2863.49,26.4,22,3267.37,1.141,806.0,747.75,633.5,903.91,89.71,86.5,0.0,0.0,0.2466815818226892,0.22885378760287325,0.19388682640778362,0.2766475789396365,0.027456333381282193,0.026473891845735256,0.0,0.0,148.51681818181817,1.0,0,0,0,0,0,0,0,1,En observacion
2325.06,71.3,15,1845.33,0.794,354.82,400.49,209.17,438.27,0.0,286.66,70.5,85.42,0.19227997160399496,0.217028932494459,0.11335099955021595,0.23750223537253498,0.0,0.1553434886984984,0.03820454877989303,0.046289823500403726,123.02199999999999,0.0,0,0,0,0,0,0,0,1,En riesgo
3916.82,33.6,12,1601.02,0.409,425.7,204.37,662.2,0.0,0.0,68.54,0.0,240.21,0.26589299321682425,0.1276498732058313,0.4136113227817267,0.0,0.0,0.0428102084920863,0.0,0.1500356023035315,133.41833333333332,0.0,0,0,0,0,1,0,0,0,En observacion
4004.88,16.8,25,3429.19,0.856,520.26,638.75,392.81,560.56,342.54,137.86,333.31,503.1,0.15171512806231208,0.18626847739553656,0.11454891679959407,0.16346717446394043,0.09988947827329486,0.040201913571426495,0.09719788054905094,0.14671103088484452,137.1676,0.0,0,0,0,0,0,0,1,0,En observacion
2582.1,26.7,17,2333.07,0.904,763.42,226.06,268.65,0.0,373.05,76.97,248.32,376.6,0.32721692876767516,0.09689379229941664,0.11514870964008793,0.0,0.15989661690390772,0.03299086611203264,0.10643486907808165,0.16141821719879815,137.2394117647059,2.0,1,0,0,0,0,0,0,0,En observacion
4659.01,35.6,15,1951.74,0.419,571.18,382.88,297.36,0.0,0.0,253.6,369.92,76.8,0.29265168516298273,0.19617367067334787,0.15235635894125243,0.0,0.0,0.12993533974812219,0.18953344195435867,0.039349503519936053,130.116,0.0,1,0,0,0,0,0,0,0,En observacion
2378.68,46.5,18,2727.95,1.147,185.59,318.89,104.76,924.5,683.34,333.82,0.0,177.05,0.06803277186165436,0.11689730383621401,0.03840246338825859,0.33889917337194597,0.2504957935446031,0.12237027804761819,0.0,0.06490221594970583,151.55277777777778,1.0,0,0,0,0,0,0,0,1,En riesgo
3596.58,60.2,20,2120.75,0.59,584.81,531.18,296.49,0.0,45.86,126.86,409.75,125.8,0.2757562183189909,0.2504679948131557,0.1398043145113757,0.0,0.021624425321230697,0.05981846045031239,0.1932099493103855,0.0593186372745491,106.0375,0.0,1,0,0,0,0,0,0,0,En riesgo
1648.57,61.9,13,1547.74,0.939,794.1,54.7,388.44,0.0,0.0,138.84,89.95,81.71,0.5130706707844988,0.035341853282851124,0.25097238554279144,0.0,0.0,0.08970498921007404,0.058116996394743305,0.052793104785041414,119.05692307692308,2.0,1,0,0,0,0,0,0,0,En observacion
4252.27,28.9,20,2384.12,0.561,1185.98,568.91,109.56,0.0,0.0,47.86,303.65,168.16,0.4974497927956647,0.23862473365434625,0.045954062714964015,0.0,0.0,0.020074492894652955,0.12736355552572856,0.07053336241464356,119.20599999999999,2.0,1,0,0,0,0,0,0,0,Saludable
2318.2,56.2,9,860.93,0.371,53.04,90.18,152.52,0.0,0.0,77.1,141.94,346.15,0.06160779622036635,0.10474719199005728,0.17715726017213945,0.0,0.0,0.08955431916648275,0.16486822389741326,0.40206520855354094,95.65888888888888,1.0,0,0,0,1,0,0,0,0,En observacion
2599.72,15.2,24,4136.37,1.591,481.19,534.15,154.4,1532.39,840.4,377.73,0.0,216.11,0.116331469380157,0.1291349661659861,0.037327415100680064,0.37046734213815496,0.20317331379929746,0.09131920016826349,0.0,0.05224629324746094,172.34875,0.0,0,0,0,0,0,0,0,1,En riesgo
5987.15,47.0,13,2650.11,0.443,770.31,228.39,285.38,969.87,0.0,0.0,133.99,262.17,0.29067095328118453,0.08618132832222057,0.10768609604884324,0.36597348789295536,0.0,0.0,0.05056016542709548,0.09892796902770074,203.85461538461539,1.0,0,0,0,0,0,0,0,1,En observacion
3524.78,42.8,14,1287.27,0.365,154.5,697.75,93.21,0.0,170.41,112.63,0.0,58.77,0.12002144072339137,0.5420385777653484,0.0724090517140926,0.0,0.13238093018558655,0.08749524186845029,0.0,0.04565475774313082,91.94785714285715,2.0,0,0,0,0,0,0,1,0,Saludable
3656.47,13.0,12,1380.7,0.378,368.21,316.45,0.0,0.0,325.14,131.27,160.06,79.57,0.26668356630694573,0.22919533569928296,0.0,0.0,0.2354892445860795,0.09507496197580938,0.11592670384587528,0.05763018758600709,115.05833333333334,2.0,1,0,0,0,0,0,0,0,Saludable
10277.62,60.1,24,2640.9,0.257,948.75,672.25,282.18,0.0,0.0,326.07,411.65,0.0,0.359252527547427,0.25455337195652994,0.10684993752129955,0.0,0.0,0.12346927183914574,0.1558748911355977,0.0,110.03750000000001,1.0,1,0,0,0,0,0,0,0,En observacion
6033.2,33.8,13,1843.02,0.305,726.61,335.13,0.0,194.3,182.97,0.0,208.53,195.48,0.3942496554568046,0.1818374190187844,0.0,0.10542479191761349,0.09927727317120813,0.0,0.11314581502099814,0.10606504541459126,141.77076923076922,1.0,1,0,0,0,0,0,0,0,En observacion
4320.5,36.6,25,2530.19,0.586,632.15,375.71,96.39,363.16,347.77,197.24,318.88,198.89,0.24984289717373,0.1484908247997186,0.03809595326833163,0.14353072298918262,0.1374481758286927,0.07795462000877405,0.1260300609835625,0.07860674494800785,101.2076,1.0,1,0,0,0,0,0,0,0,En observacion
2930.97,48.4,22,3398.0,1.159,949.33,692.68,245.76,511.03,377.83,204.81,318.79,97.77,0.27937904649794,0.20384932313125367,0.07232489699823426,0.1503914067098293,0.11119187757504415,0.060273690406121246,0.09381695114773397,0.028772807533843436,154.45454545454547,1.0,1,0,0,0,0,0,0,0,En riesgo
1558.16,30.7,19,2747.46,1.763,749.26,353.49,489.77,819.35,0.0,311.19,24.4,0.0,0.2727100667525642,0.12866065384027428,0.1782628318519651,0.2982209022151369,0.0,0.11326461531742045,0.00888093002263909,0.0,144.60315789473685,1.0,0,0,0,0,0,0,0,1,En riesgo
4941.05,36.5,19,3082.09,0.624,430.28,822.29,221.81,1191.09,0.0,194.92,0.0,221.7,0.13960656567459093,0.2667962324266974,0.07196739874565636,0.3864552949459619,0.0,0.0632427995288911,0.0,0.07193170867820212,162.21526315789475,0.0,0,0,0,0,0,0,0,1,En observacion
3336.04,17.2,8,1014.52,0.304,361.7,166.49,0.0,0.0,279.08,137.76,0.0,69.49,0.356523281946142,0.16410716397902458,0.0,0.0,0.27508575483972714,0.1357883531128021,0.0,0.06849544612230414,126.815,2.0,1,0,0,0,0,0,0,0,Saludable
4290.26,74.7,13,1577.77,0.368,312.66,449.23,0.0,0.0,346.37,122.06,253.45,94.0,0.1981657656058868,0.28472464300880357,0.0,0.0,0.2195313638870051,0.07736235319469885,0.1606381158216977,0.05957775848190801,121.36692307692307,2.0,0,0,0,0,0,0,1,0,En observacion
8179.96,25.3,9,985.46,0.12,534.42,197.51,138.35,0.0,0.0,71.94,43.24,0.0,0.5423051163923446,0.2004241673939074,0.14039128934710693,0.0,0.0,0.07300144095143385,0.04387798591520711,0.0,109.49555555555555,1.0,1,0,0,0,0,0,0,0,Saludable
8271.77,59.0,10,1459.21,0.176,429.2,294.44,0.0,0.0,172.84,68.59,134.33,359.81,0.2941317562242583,0.20178041543026706,0.0,0.0,0.11844765318220132,0.04700488620554958,0.09205666079591013,0.24657862816181358,145.921,2.0,1,0,0,0,0,0,0,0,En observacion
2838.19,20.0,11,1807.34,0.637,364.64,468.02,106.0,601.28,0.0,0.0,0.0,267.4,0.20175506545531002,0.25895514955680726,0.058649728330031986,0.3326878174554871,0.0,0.0,0.0,0.1479522392023637,164.30363636363634,0.0,0,0,0,0,0,0,0,1,En observacion
5530.27,14.6,24,3285.67,0.594,99.04,543.74,399.61,1681.23,0.0,192.76,37.85,331.44,0.03014301497107135,0.1654883174512352,0.12162207403665005,0.51168559228407,0.0,0.05866687768400356,0.011519720483189121,0.10087440308978077,136.90291666666667,2.0,0,0,0,0,0,0,0,1,Saludable
3049.98,42.8,17,2418.23,0.793,273.1,993.06,210.68,563.6,0.0,240.0,137.79,0.0,0.11293384004002929,0.41065572753625584,0.08712157238972307,0.23306302543595936,0.0,0.09924614284001108,0.05697969175802136,0.0,142.24882352941177,2.0,0,0,0,0,0,0,1,0,En observacion
3759.83,28.0,13,1772.36,0.471,402.24,396.41,258.26,0.0,382.59,218.51,114.35,0.0,0.22695163510799163,0.22366223566318358,0.1457153174298675,0.0,0.21586472274255794,0.1232875939425399,0.06451849511385949,0.0,136.3353846153846,0.0,1,0,0,0,0,0,0,0,En observacion
4912.45,23.5,10,936.68,0.191,0.0,39.93,446.05,0.0,0.0,268.67,76.43,105.6,0.0,0.04262928641585173,0.47620318571977627,0.0,0.0,0.2868322159115173,0.08159670324977582,0.11273860870307896,93.66799999999999,2.0,0,0,0,0,1,0,0,0,Saludable
4521.4,68.8,18,2308.03,0.51,596.51,332.74,395.8,484.09,0.0,71.88,295.18,131.83,0.2584498468390792,0.14416623700731793,0.17148823888770942,0.2097416411398465,0.0,0.031143442676221707,0.12789261838017701,0.05711797506964814,128.2238888888889,1.0,1,0,0,0,0,0,0,0,En observacion
3319.51,24.5,13,2159.37,0.651,256.4,386.49,122.82,879.09,243.62,42.43,51.68,176.84,0.1187383357182882,0.17898275886022313,0.05687770044040623,0.40710485002570196,0.11281994285370271,0.019649249549637163,0.0239329063569467,0.08189425619509394,166.1053846153846,0.0,0,0,0,0,0,0,0,1,En observacion
4281.22,25.8,12,1470.28,0.343,500.15,181.3,520.81,0.0,0.0,148.81,0.0,119.21,0.3401733003237479,0.12330984574366788,0.35422504556955137,0.0,0.0,0.1012120140381424,0.0,0.0810797943248905,122.52333333333333,1.0,0,0,0,0,1,0,0,0,Saludable
7247.9,16.0,12,1595.86,0.22,562.27,381.46,0.0,459.46,0.0,118.29,0.0,74.38,0.3523304049227376,0.23903099269359468,0.0,0.287907460554184,0.0,0.07412304337473213,0.0,0.04660809845475167,132.98833333333332,1.0,1,0,0,0,0,0,0,0,Saludable
3388.35,30.4,14,1978.6,0.584,1141.08,300.22,125.68,0.0,0.0,123.03,94.02,194.57,0.5767108056201354,0.15173354897402205,0.0635196603659153,0.0,0.0,0.062180329525927426,0.04751844738704134,0.09833720812695845,141.32857142857142,1.0,1,0,0,0,0,0,0,0,En observacion
2505.28,37.4,14,1991.57,0.795,533.47,798.54,0.0,369.83,0.0,0.0,289.73,0.0,0.2678640469579277,0.40096004659640383,0.0,0.18569771587240216,0.0,0.0,0.14547819057326633,0.0,142.255,0.0,0,0,0,0,0,0,1,0,En riesgo
2312.29,45.7,15,2249.16,0.973,199.11,389.71,0.0,1051.06,0.0,336.88,272.4,0.0,0.08852638318305502,0.17326913158690355,0.0,0.46731224101442315,0.0,0.14978036244642445,0.12111188176919382,0.0,149.944,1.0,0,0,0,0,0,0,0,1,En riesgo
3501.2,61.2,26,3615.6,1.033,863.07,873.44,356.53,456.34,512.91,230.93,121.24,201.14,0.23870726850315302,0.24157539550835272,0.09860880628388095,0.12621418298484346,0.14186027215399932,0.06387045027104768,0.033532470406018366,0.0556311538887045,139.06153846153845,0.0,0,0,0,0,0,0,1,0,Saludable
3986.91,20.2,10,1185.0,0.297,314.81,273.82,23.97,0.0,184.66,14.42,254.74,118.58,0.26566244725738397,0.2310717299578059,0.020227848101265822,0.0,0.15583122362869198,0.012168776371308017,0.2149704641350211,0.10006751054852321,118.5,2.0,1,0,0,0,0,0,0,0,En riesgo
4863.87,63.3,11,1218.82,0.251,267.0,118.33,113.29,343.92,0.0,135.88,240.4,0.0,0.21906434091990615,0.09708570584663856,0.09295055873713921,0.282174562281551,0.0,0.11148487881721665,0.19723995339754846,0.0,110.80181818181818,2.0,0,0,0,0,0,0,0,1,En observacion
2284.32,39.5,11,770.63,0.337,221.77,127.96,0.0,0.0,0.0,99.19,200.04,121.67,0.28777753266807676,0.16604596239440458,0.0,0.0,0.0,0.12871287128712872,0.259579824299599,0.1578838093507909,70.05727272727273,1.0,1,0,0,0,0,0,0,0,En observacion
4033.59,63.9,23,2992.82,0.742,734.6,425.35,352.3,959.98,237.4,263.98,19.21,0.0,0.24545412019433177,0.14212348220073376,0.11771506472156695,0.3207610213778309,0.07932318014447912,0.08820443595004043,0.006418695411017034,0.0,130.1226086956522,1.0,0,0,0,0,0,0,0,1,En riesgo
4825.1,34.5,20,2612.68,0.541,608.96,392.9,348.42,493.98,116.02,0.0,467.7,184.7,0.2330786778327235,0.15038198325091476,0.13335731892156713,0.1890702267403586,0.044406509790712985,0.0,0.1790115896321019,0.07069369383162118,130.634,0.0,1,0,0,0,0,0,0,0,En observacion
3045.1,28.6,14,2687.49,0.883,920.69,291.46,408.06,1001.75,0.0,0.0,65.53,0.0,0.342583600311071,0.10845063609539013,0.15183684404407088,0.3727455730067833,0.0,0.0,0.024383346542684814,0.0,191.9635714285714,1.0,0,0,0,0,0,0,0,1,En observacion
3319.78,45.4,9,1135.44,0.342,26.64,307.79,0.0,461.48,0.0,127.72,126.34,85.47,0.023462270133164237,0.2710755301909392,0.0,0.4064327485380117,0.0,0.11248502783062073,0.11126963996336221,0.07527478334390192,126.16000000000001,1.0,0,0,0,0,0,0,0,1,En observacion
4046.5,56.4,23,2883.23,0.713,585.03,456.5,497.19,0.0,559.57,174.42,244.8,365.72,0.20290784987670077,0.1583293736538535,0.17244201815325172,0.0,0.19407747560895247,0.06049465356561911,0.08490477693420227,0.12684385220742017,125.35782608695652,0.0,1,0,0,0,0,0,0,0,En riesgo
2929.63,29.4,20,3671.1,1.253,598.68,257.9,22.72,2304.62,275.53,144.71,17.66,49.28,0.16307918607501837,0.07025142327912615,0.006188880716951322,0.6277736918089946,0.07505379858897877,0.0394187028411103,0.00481054724741903,0.013423769442401461,183.555,1.0,0,0,0,0,0,0,0,1,En observacion
5064.64,23.2,23,3723.85,0.735,1071.18,436.15,389.7,544.47,621.72,18.17,133.27,509.19,0.2876539065751843,0.11712340722639204,0.10464975764329927,0.14621158209917157,0.16695624152422897,0.0048793587281979675,0.03578822992333204,0.1367375162801939,161.90652173913043,2.0,1,0,0,0,0,0,0,0,Saludable
2234.04,48.8,10,1290.73,0.578,324.43,315.68,35.71,422.4,0.0,21.72,170.79,0.0,0.25135388501080785,0.24457477551463125,0.027666514298110373,0.32725666870685577,0.0,0.016827686657937754,0.13232046981165696,0.0,129.073,0.0,0,0,0,0,0,0,0,1,En observacion
3700.58,49.4,23,3579.13,0.967,1240.33,291.91,299.59,1182.14,50.0,314.9,186.04,14.22,0.34654511012452743,0.08155892633125927,0.08370469918667385,0.330286969179661,0.01396987536077203,0.08798227502214225,0.05197911224236057,0.003973032552603566,155.61434782608697,0.0,1,0,0,0,0,0,0,0,En riesgo
6687.78,65.0,24,3001.48,0.449,1175.49,366.39,23.66,575.64,31.81,611.83,116.76,99.9,0.3916367925156923,0.12206977890907152,0.007882777829604061,0.191785385876301,0.010598104934898782,0.2038427708996895,0.0389008089342591,0.03328358010048376,125.06166666666667,1.0,1,0,0,0,0,0,0,0,En observacion
4042.02,45.4,15,2341.46,0.579,581.41,32.66,43.89,1286.62,0.0,126.33,213.32,57.23,0.24831088295337095,0.013948562008319594,0.01874471483604247,0.5494947596798578,0.0,0.0539535161822111,0.0911055495289264,0.024442014811271597,156.09733333333332,1.0,0,0,0,0,0,0,0,1,En observacion
1986.15,43.3,18,2719.92,1.369,1025.05,605.29,0.0,0.0,255.66,194.54,345.95,293.43,0.376867701991235,0.22253963351863287,0.0,0.0,0.0939954116297538,0.07152416247536691,0.12719124091885053,0.10788184946616076,151.10666666666668,0.0,1,0,0,0,0,0,0,0,En riesgo
3605.16,20.4,19,2764.48,0.767,760.86,300.43,310.67,692.01,0.0,107.21,476.6,116.7,0.275227167496238,0.10867504919550874,0.11237918161824285,0.25032194119689777,0.0,0.03878125361731682,0.1724013195971756,0.042214087278620215,145.49894736842106,0.0,1,0,0,0,0,0,0,0,En observacion
6683.05,45.0,15,2584.82,0.387,353.94,387.61,0.0,1026.86,0.0,343.25,309.85,163.31,0.13693023111860786,0.1499562832228163,0.0,0.39726557361827897,0.0,0.13279454662220191,0.11987295053427319,0.0631804148838217,172.32133333333334,2.0,0,0,0,0,0,0,0,1,Saludable
2535.74,11.8,21,3075.83,1.213,326.63,512.32,217.13,966.4,275.13,287.16,260.72,230.34,0.10619247487669994,0.1665631715666991,0.07059232792449517,0.3141916165717871,0.0894490267667589,0.09336016619904222,0.08476411245094821,0.07488710364356937,146.46809523809523,1.0,0,0,0,0,0,0,0,1,En observacion
3839.68,29.5,20,2814.4,0.733,884.21,350.88,617.65,0.0,360.0,0.0,236.86,364.8,0.3141735361000568,0.12467310972143263,0.21946063104036384,0.0,0.12791358726549176,0.0,0.08416003411028994,0.129619101762365,140.72,1.0,1,0,0,0,0,0,0,0,En observacion
2090.69,70.1,26,3145.59,1.505,921.5,677.77,155.2,0.0,394.26,537.27,424.75,34.84,0.29294981227687017,0.21546673279098674,0.04933891575189391,0.0,0.1253373770898305,0.17080102619858276,0.13503031227845969,0.011075823613376187,120.98423076923078,1.0,1,0,0,0,0,0,0,0,En riesgo
4472.71,25.2,10,1192.22,0.267,0.0,541.53,84.57,0.0,164.43,127.67,135.08,138.94,0.0,0.45421985875090165,0.07093489456643907,0.0,0.13791917599100836,0.10708594051433461,0.113301236348996,0.11653889382832028,119.22200000000001,2.0,0,0,0,0,0,0,1,0,Saludable
4462.48,50.8,26,2955.75,0.662,790.56,359.52,94.41,514.51,316.02,290.46,503.43,86.84,0.26746511037807663,0.12163410301953818,0.03194113169246384,0.17407087879556796,0.1069170261354986,0.09826947475260085,0.1703222532352195,0.029380021991034424,113.6826923076923,0.0,1,0,0,0,0,0,0,0,En riesgo
7132.64,45.1,16,2548.52,0.357,295.85,109.65,198.06,736.65,815.22,239.91,130.08,23.1,0.11608698381805913,0.04302497135592422,0.07771569381444918,0.2890501153610723,0.31987977335865525,0.0941369893114435,0.05104138872757522,0.009064084252821247,159.2825,0.0,0,1,0,0,0,0,0,0,En observacion
3214.77,40.5,22,3456.53,1.075,342.12,363.82,533.89,1340.61,337.93,262.55,181.43,94.18,0.09897787665664698,0.10525584907407139,0.15445837299256768,0.3878485070287253,0.09776567829586319,0.0759576801011419,0.05248905694439221,0.027246978906591293,157.115,0.0,0,0,0,0,0,0,0,1,En riesgo
2543.0,26.9,19,3014.82,1.186,789.79,556.27,341.36,862.08,184.9,161.02,18.04,101.36,0.26196920545836894,0.1845118448199229,0.11322732368764968,0.28594741974645255,0.06133036134827286,0.05340949045050782,0.0059837734922814625,0.03362058099654374,158.67473684210526,1.0,0,0,0,0,0,0,0,1,En observacion
2151.98,4.6,15,1767.65,0.821,273.28,421.17,262.69,377.83,0.0,94.55,66.14,271.99,0.15460074109693658,0.23826549373461942,0.14860973609028935,0.2137470653127033,0.0,0.053489095692020476,0.037416909456057475,0.15387095861737335,117.84333333333333,0.0,0,0,0,0,0,0,1,0,En observacion
5048.0,17.9,15,2113.9,0.419,276.8,20.73,539.38,510.19,197.84,73.61,456.64,38.71,0.13094280713373385,0.009806518756800227,0.25515871138653673,0.24135011116892946,0.09359004683286816,0.03482189318321585,0.2160177870287147,0.018312124509201003,140.92666666666668,0.0,0,0,0,0,1,0,0,0,En observacion
2271.05,26.3,16,1885.21,0.83,707.61,124.16,252.7,242.55,254.8,160.5,25.53,117.36,0.37534810445520655,0.06586003681287496,0.13404342221821441,0.12865940664435263,0.13515735647487548,0.08513640390195257,0.013542257891693764,0.06225301160082961,117.825625,1.0,1,0,0,0,0,0,0,0,En observacion
2753.45,23.6,19,2666.44,0.968,880.93,690.54,268.39,0.0,290.76,191.8,220.54,123.48,0.3303768320307226,0.25897451283359085,0.10065480565848096,0.0,0.10904426876284484,0.0719311141447023,0.08270953031007636,0.046308936259582066,140.33894736842106,0.0,1,0,0,0,0,0,0,0,En riesgo
3509.23,44.9,9,1052.46,0.3,463.34,111.17,0.0,0.0,185.22,0.0,292.73,0.0,0.440244759895863,0.10562871748094939,0.0,0.0,0.17598768599281683,0.0,0.27813883663037076,0.0,116.94,1.0,1,0,0,0,0,0,0,0,En observacion
3521.01,11.6,19,2914.46,0.828,455.42,550.16,0.0,624.33,278.52,296.79,410.16,299.08,0.15626222353369063,0.1887691030242309,0.0,0.21421807127220824,0.09556487308111965,0.10183361583277864,0.1407327600996411,0.10261935315633083,153.39263157894737,0.0,0,0,0,0,0,0,0,1,En observacion
2184.24,57.8,23,3053.62,1.398,405.69,222.32,745.51,701.37,226.42,362.81,141.38,248.12,0.13285543060367694,0.0728053916335366,0.2441397423386014,0.2296847675873226,0.07414806033494671,0.11881308086795345,0.046299146586674174,0.08125438004728815,132.76608695652175,0.0,0,0,0,0,1,0,0,0,En riesgo
3794.67,52.6,17,2620.46,0.691,675.61,273.19,290.64,849.41,180.03,9.75,0.0,341.83,0.25782114590568067,0.10425268845927814,0.11091182464147516,0.32414537905558566,0.06870167833128535,0.0037207207894797097,0.0,0.13044656281721528,154.14470588235295,1.0,0,0,0,0,0,0,0,1,En observacion
5208.11,44.1,20,2451.52,0.471,656.76,390.59,198.74,545.47,0.0,114.51,168.85,376.6,0.26789909933429057,0.1593256428664665,0.08106807205325677,0.22250277378932257,0.0,0.04670979637123091,0.0688756363399034,0.1536189792455293,122.576,0.0,1,0,0,0,0,0,0,0,En observacion
3000.11,51.8,9,1363.1,0.454,904.18,164.37,0.0,0.0,0.0,0.0,216.49,78.06,0.6633262416550509,0.12058543026923925,0.0,0.0,0.0,0.0,0.15882180324260878,0.057266524833101025,151.45555555555555,2.0,1,0,0,0,0,0,0,0,En observacion
2454.5,24.1,26,3742.85,1.525,1038.54,520.58,192.91,1071.11,370.34,364.38,184.99,0.0,0.2774730486126882,0.1390865249742843,0.0515409380552253,0.28617497361636185,0.09894599035494342,0.09735362090385669,0.04942490348264024,0.0,143.95576923076922,1.0,0,0,0,0,0,0,0,1,En observacion
2994.93,59.7,15,2212.29,0.739,631.59,261.44,283.43,605.31,37.34,42.02,76.26,274.9,0.2854915042783722,0.11817618847438627,0.1281161149758847,0.27361241066948727,0.016878438179443022,0.018993893205682802,0.03447106844039435,0.12426038177634939,147.486,1.0,1,0,0,0,0,0,0,0,En riesgo
3239.25,28.4,11,1952.71,0.603,1055.24,259.81,279.8,264.44,0.0,93.42,0.0,0.0,0.540397703704083,0.13305099067449852,0.14328804584398094,0.13542205447813552,0.0,0.047841205299302,0.0,0.0,177.51909090909092,1.0,1,0,0,0,0,0,0,0,Saludable
3477.48,37.6,13,1917.28,0.551,262.0,321.16,284.64,687.03,0.0,263.3,0.0,99.15,0.13665192355837436,0.16750813652674623,0.14846031878494534,0.35833576733706085,0.0,0.13732996745389303,0.0,0.051713886338980226,147.4830769230769,0.0,0,0,0,0,0,0,0,1,En observacion
4777.87,18.3,17,2073.69,0.434,798.44,528.97,0.0,0.0,0.0,201.86,258.72,285.7,0.3850334428000328,0.25508634366756844,0.0,0.0,0.0,0.09734338305146864,0.12476310345326448,0.13777372702766566,121.98176470588236,1.0,1,0,0,0,0,0,0,0,Saludable
2376.28,22.8,18,2443.02,1.028,1066.93,460.1,263.5,0.0,492.88,0.0,26.5,133.11,0.43672585570318706,0.18833247374151665,0.10785830652225524,0.0,0.20175029267054712,0.0,0.010847230067703089,0.05448584129479088,135.72333333333333,0.0,1,0,0,0,0,0,0,0,En riesgo
3315.99,86.9,12,1569.62,0.473,403.43,175.61,246.17,413.54,84.06,127.51,88.31,30.99,0.257023993068386,0.1118805825613843,0.15683413819905456,0.2634650424943617,0.05355436347651024,0.08123622278003594,0.05626202520355246,0.019743632216714876,130.80166666666665,1.0,0,0,0,0,0,0,0,1,En observacion
2744.56,44.5,14,2693.17,0.981,567.94,1162.46,80.94,786.42,0.0,0.0,0.0,95.41,0.21088160049309923,0.43163261138361114,0.0300538027677421,0.2920053320065202,0.0,0.0,0.0,0.03542665334902735,192.36928571428572,0.0,0,0,0,0,0,0,1,0,En riesgo
5270.36,23.2,19,2460.59,0.467,314.32,379.61,824.59,264.23,0.0,213.1,464.74,0.0,0.1277417204816731,0.15427600697393715,0.3351188129676216,0.10738481421122577,0.0,0.08660524508349622,0.18887340028204616,0.0,129.50473684210527,1.0,0,0,0,0,1,0,0,0,Saludable
2042.48,35.5,12,1547.0,0.757,297.54,0.0,288.7,418.79,382.1,100.71,0.0,59.16,0.19233354880413706,0.0,0.18661926308985133,0.27071105365223014,0.24699418228829995,0.06510019392372333,0.0,0.03824175824175824,128.91666666666666,1.0,0,0,0,0,0,0,0,1,En observacion
3904.15,19.2,12,1703.83,0.436,280.46,375.2,324.18,193.52,267.68,138.3,124.49,0.0,0.16460562380049654,0.2202097627110686,0.19026546075606135,0.11357940639617803,0.15710487548640417,0.08117006978395733,0.07306480106583403,0.0,141.98583333333332,1.0,0,0,0,0,0,0,1,0,Saludable
2270.64,53.9,23,2761.0,1.216,393.5,542.78,0.0,1062.41,0.0,274.22,293.28,194.81,0.14252082578775807,0.1965881926838102,0.0,0.38479174212241946,0.0,0.0993190872872148,0.10622238319449474,0.0705577689243028,120.04347826086956,0.0,0,0,0,0,0,0,0,1,En riesgo
2303.67,44.3,22,2893.79,1.256,452.21,812.38,873.18,0.0,0.0,288.49,274.84,192.69,0.15626911420662867,0.28073218858313836,0.30174269729316916,0.0,0.0,0.0996927904236313,0.09497579299119839,0.0665874165022341,131.5359090909091,0.0,0,0,0,0,1,0,0,0,En riesgo
5591.53,60.7,13,1414.83,0.253,188.72,546.18,144.32,290.07,0.0,63.27,119.61,62.66,0.13338705003427975,0.3860393121435084,0.10200518790243351,0.2050210979410954,0.0,0.04471915353788088,0.08454019210788576,0.044288006332916324,108.83307692307692,0.0,0,0,0,0,0,0,1,0,En riesgo
3278.98,51.4,24,3292.32,1.004,427.74,1061.6,307.72,670.89,149.67,159.45,304.39,210.86,0.1299205423531127,0.32244739272002715,0.093466005734558,0.2037742382271468,0.04546034407348009,0.048430893716285166,0.09245456091752927,0.06404602225786071,137.18,0.0,0,0,0,0,0,0,1,0,En riesgo
5029.04,17.2,20,2232.81,0.444,262.58,537.47,490.81,274.3,307.96,229.32,69.47,60.9,0.11760069150532289,0.2407146152158043,0.21981718104093048,0.12284968268683856,0.13792485701873425,0.10270466363013422,0.031113260868591595,0.027275048033643706,111.6405,2.0,0,0,0,0,0,0,1,0,En observacion
3904.29,40.2,22,2404.31,0.616,787.9,531.17,19.73,0.0,563.19,61.62,368.18,72.52,0.327703166397012,0.22092409048749953,0.008206096551609402,0.0,0.23424184069441964,0.025628974633054805,0.15313333139237453,0.030162499844030095,109.28681818181818,2.0,1,0,0,0,0,0,0,0,Saludable
3918.16,86.4,10,1986.14,0.507,406.13,185.12,0.0,737.54,379.67,138.4,0.0,139.28,0.20448206068051597,0.09320591700484357,0.0,0.3713434098301227,0.19115973697725236,0.06968290251442497,0.0,0.07012597299284037,198.614,1.0,0,0,0,0,0,0,0,1,En observacion
2282.18,49.2,24,3897.13,1.708,1109.22,208.76,467.69,1233.36,675.0,152.62,0.0,50.48,0.28462483930482174,0.0535676254063888,0.1200088270085935,0.31647904996754017,0.17320438373880265,0.03916215266106083,0.0,0.012953121912792234,162.38041666666666,0.0,0,0,0,0,0,0,0,1,En riesgo
2423.75,44.4,15,1302.21,0.537,384.6,184.74,0.0,185.25,0.0,275.16,272.46,0.0,0.2953440689289746,0.14186651922500979,0.0,0.14225816112608566,0.0,0.2113023245098717,0.20922892621005826,0.0,86.81400000000001,1.0,1,0,0,0,0,0,0,0,En observacion
3251.51,28.7,24,4205.68,1.293,1057.39,236.97,272.95,2154.53,0.0,34.71,413.71,35.42,0.2514195088546918,0.05634522835783987,0.06490032527439081,0.51229052139012,0.0,0.008253124346122387,0.09836934811968574,0.00842194365714938,175.23666666666668,1.0,0,0,0,0,0,0,0,1,En observacion
3751.5,11.6,23,2116.57,0.564,569.41,343.44,175.57,301.21,48.46,381.8,82.3,214.38,0.26902488460102897,0.16226252852492476,0.0829502449718176,0.14231043622464645,0.022895533811780378,0.18038619086540958,0.03888366555322999,0.10128651544716215,92.02478260869566,0.0,1,0,0,0,0,0,0,0,En observacion
3716.85,64.3,21,2650.71,0.713,605.5,840.7,0.0,270.95,363.78,177.73,201.73,190.32,0.2284293642080801,0.31716030799295286,0.0,0.10221789633720776,0.13723870208359268,0.06704996019934281,0.07610413813657473,0.07179963104224905,126.22428571428571,1.0,0,0,0,0,0,0,1,0,En riesgo
8175.28,84.9,11,2225.52,0.272,328.89,377.18,114.37,1135.2,0.0,0.0,0.0,269.88,0.14778119271001833,0.1694794924332291,0.05139023688845753,0.5100830367734283,0.0,0.0,0.0,0.12126604119486682,202.32,2.0,0,0,0,0,0,0,0,1,En observacion
3896.67,31.6,21,2280.39,0.585,481.54,420.76,20.2,349.41,0.0,221.49,458.7,328.29,0.21116563394857898,0.18451229833493393,0.00885813391568986,0.15322379066738587,0.0,0.0971281228210964,0.2011498033231158,0.14396221698919923,108.58999999999999,2.0,1,0,0,0,0,0,0,0,Saludable
5534.02,55.1,25,3001.72,0.542,451.31,630.41,521.82,396.0,261.9,403.62,214.07,122.59,0.15035046573297978,0.2100162573457884,0.17384033154324857,0.13192436336500407,0.08724997668003678,0.1344629079327852,0.07131577895340005,0.0408399184467572,120.0688,1.0,0,0,0,0,0,0,1,0,En observacion
1894.97,19.8,10,1204.66,0.636,222.3,352.14,0.0,0.0,475.97,154.25,0.0,0.0,0.18453339531486063,0.2923148440223797,0.0,0.0,0.39510733318944763,0.12804442747331196,0.0,0.0,120.46600000000001,1.0,0,1,0,0,0,0,0,0,Saludable
1907.68,36.9,13,2236.44,1.172,865.27,198.49,0.0,616.28,386.38,62.8,107.22,0.0,0.3868961385058396,0.0887526604782601,0.0,0.27556294825705135,0.17276564540072614,0.02808034197206274,0.04794226538605999,0.0,172.03384615384616,0.0,1,0,0,0,0,0,0,0,En riesgo
3501.71,54.7,23,3395.57,0.97,639.7,147.03,248.84,628.44,1281.96,356.98,92.62,0.0,0.18839252319934505,0.04330053569798296,0.07328371967004067,0.18507643782928934,0.37753896989312546,0.10513109728263591,0.02727671642758064,0.0,147.63347826086957,1.0,0,1,0,0,0,0,0,0,En riesgo
2101.58,55.2,9,1302.09,0.62,713.82,119.32,445.76,0.0,0.0,0.0,23.19,0.0,0.5482109531599199,0.09163729081707102,0.3423419272093327,0.0,0.0,0.0,0.017809828813676477,0.0,144.67666666666665,0.0,1,0,0,0,0,0,0,0,En riesgo
2347.59,20.6,26,3451.9,1.47,926.61,662.56,29.05,861.23,323.53,336.99,81.21,230.72,0.26843477505142094,0.1919406703554564,0.008415655146441091,0.24949448130015353,0.09372519482024391,0.09762449665401662,0.023526173991135314,0.06683855268113213,132.76538461538462,0.0,1,0,0,0,0,0,0,0,En riesgo
4136.21,9.9,26,2750.83,0.665,779.58,376.42,375.48,0.0,0.0,231.12,662.31,325.92,0.2833981016638615,0.13683869959248665,0.13649698454648235,0.0,0.0,0.08401827811969478,0.24076733204160197,0.11848060403587282,105.80115384615384,2.0,1,0,0,0,0,0,0,0,Saludable
3776.11,16.8,25,2862.1,0.758,317.13,633.58,144.94,331.59,396.01,304.17,174.47,560.21,0.11080325635023235,0.22136892491527202,0.05064113762621851,0.11585549072359456,0.13836343943258447,0.10627511267950107,0.06095873659201286,0.19573390168058422,114.484,2.0,0,0,0,0,0,0,1,0,Saludable
2154.65,36.5,19,1839.89,0.854,615.0,370.91,187.54,0.0,116.8,272.09,156.15,121.4,0.33425911331655694,0.20159357352885227,0.10193000668518226,0.0,0.0634820559924778,0.14788384088179182,0.08486920413720385,0.06598220545793498,96.83631578947369,1.0,1,0,0,0,0,0,0,0,En observacion
4294.4,70.1,14,1810.24,0.422,643.02,257.01,0.0,0.0,342.76,191.81,85.27,290.37,0.3552125684992045,0.1419756496376171,0.0,0.0,0.18934505921866712,0.10595832596782748,0.047104251369984085,0.16040414530669966,129.30285714285714,2.0,1,0,0,0,0,0,0,0,En observacion
5865.01,52.1,17,2463.33,0.42,1072.5,834.07,68.13,328.49,0.0,84.34,75.8,0.0,0.43538624544823473,0.3385945041874211,0.027657682892669677,0.133352007242229,0.0,0.03423820600569148,0.030771354223754023,0.0,144.90176470588236,2.0,1,0,0,0,0,0,0,0,En observacion
3634.31,38.1,9,1245.52,0.343,336.9,19.09,0.0,442.16,0.0,201.08,129.29,117.0,0.27048943413192883,0.015326931723296295,0.0,0.3550003211510052,0.0,0.1614426103153703,0.10380403365662534,0.09393666902177404,138.39111111111112,2.0,0,0,0,0,0,0,0,1,Saludable
4601.86,30.5,17,2351.2,0.511,819.76,919.99,0.0,0.0,214.4,106.97,290.08,0.0,0.3486560054440286,0.39128530112283094,0.0,0.0,0.09118747873426336,0.045495916978564144,0.12337529772031304,0.0,138.30588235294115,1.0,0,0,0,0,0,0,1,0,En observacion
4330.76,31.5,13,1458.54,0.337,180.73,58.29,253.55,460.28,81.53,35.19,242.27,146.7,0.1239115828156924,0.03996462215640298,0.17383822178342728,0.31557584982242515,0.055898364117542204,0.024126866592620016,0.16610446062500858,0.10058003208688139,112.19538461538461,1.0,0,0,0,0,0,0,0,1,En observacion
3976.46,35.2,25,3247.24,0.817,914.79,320.76,63.67,861.55,362.65,416.73,184.4,122.69,0.2817130855742107,0.09877927101168993,0.01960742045552531,0.2653176235818726,0.11167945701580419,0.12833360022665402,0.05678668653995394,0.03778285559428931,129.8896,2.0,1,0,0,0,0,0,0,0,En observacion
2277.28,55.6,14,1719.04,0.755,197.92,661.84,169.98,0.0,132.82,67.29,154.5,334.69,0.11513402829486225,0.38500558451228595,0.09888077066269546,0.0,0.07726405435591958,0.039143940804169775,0.08987574460163812,0.1946958767684289,122.78857142857143,2.0,0,0,0,0,0,0,1,0,En observacion
3749.99,43.4,19,2143.81,0.572,680.72,304.41,73.07,0.0,194.21,183.65,618.88,88.87,0.3175281391541228,0.1419948596190894,0.034084177235855787,0.0,0.09059105051287195,0.0856652408562326,0.2886822992709242,0.0414542333509033,112.83210526315789,0.0,1,0,0,0,0,0,0,0,En observacion
3997.55,63.4,15,2717.4,0.68,491.0,386.18,290.78,556.56,357.73,0.0,230.65,404.5,0.18068742180025024,0.14211378523588725,0.10700669757856773,0.20481342459704127,0.13164421873850005,0.0,0.08487892838742916,0.14885552366232427,181.16,1.0,0,0,0,0,0,0,0,1,En observacion
6398.21,25.2,18,2680.37,0.419,314.63,185.82,420.65,1044.46,0.0,98.08,308.16,308.57,0.11738304786279506,0.06932624973417849,0.15693728850867603,0.3896700828616945,0.0,0.03659196304987744,0.11496920201315491,0.1151221659696236,148.90944444444443,2.0,0,0,0,0,0,0,0,1,Saludable
2681.31,10.4,22,3845.16,1.434,298.41,275.66,182.61,2039.91,116.26,441.88,348.95,141.48,0.07760665355927973,0.07169012472822979,0.0474908716412321,0.5305136847361358,0.03023541283067545,0.11491849493909226,0.09075044991625836,0.036794307649096525,174.78,1.0,0,0,0,0,0,0,0,1,En observacion
2254.22,38.4,24,2540.93,1.127,863.25,849.23,0.0,0.0,0.0,126.74,236.43,465.28,0.33973781253320634,0.3342201477411814,0.0,0.0,0.0,0.04987937487455381,0.09304860818676627,0.1831140566642922,105.87208333333332,0.0,1,0,0,0,0,0,0,0,En riesgo
2874.08,14.2,21,2320.25,0.807,654.73,791.75,298.94,187.57,0.0,130.06,208.52,48.68,0.2821807994828144,0.3412347807348346,0.12883956470207952,0.08084042667815967,0.0,0.05605430449305032,0.08986962611787523,0.020980497791186294,110.48809523809524,1.0,0,0,0,0,0,0,1,0,En observacion
3461.49,61.6,18,2497.67,0.722,1158.55,190.1,495.74,302.09,0.0,351.19,0.0,0.0,0.4638523103532492,0.07611093539178514,0.19848098427734648,0.1209487242109646,0.0,0.1406070457666545,0.0,0.0,138.75944444444445,2.0,1,0,0,0,0,0,0,0,En observacion
3418.31,32.1,21,2922.29,0.855,845.62,422.02,352.43,665.48,321.28,96.58,218.88,0.0,0.2893689537999309,0.1444141409647913,0.12060062485242738,0.22772551663250398,0.10994117626929564,0.03304942356850278,0.07490016391254803,0.0,139.15666666666667,1.0,1,0,0,0,0,0,0,0,En observacion
6967.41,21.0,15,2231.34,0.32,753.83,281.61,260.5,218.65,216.46,0.0,500.29,0.0,0.3378373533392491,0.12620667401651026,0.11674599119811413,0.09799044520333074,0.09700897218711627,0.0,0.22421056405567955,0.0,148.756,2.0,1,0,0,0,0,0,0,0,Saludable
4213.23,15.8,15,1477.48,0.351,164.5,130.37,411.0,0.0,285.8,158.3,316.53,10.98,0.11133822454449468,0.08823808105693479,0.2781763543330536,0.0,0.19343747461894578,0.10714189024555325,0.21423640252321519,0.007431572677802745,98.49866666666667,2.0,0,0,0,0,1,0,0,0,Saludable
2595.0,24.2,16,2120.38,0.817,220.05,359.83,0.0,379.22,142.7,371.93,371.3,275.35,0.10377856799252964,0.16970071402295814,0.0,0.17884530131391543,0.06729925768022713,0.17540723832520586,0.17511012177062601,0.12985879889453777,132.52375,0.0,0,0,0,0,0,0,0,1,En observacion
3165.48,31.2,23,3121.24,0.986,357.53,213.5,194.72,1133.22,0.0,166.61,386.16,669.5,0.11454742345990696,0.0684023016493445,0.06238546218810473,0.3630672425061835,0.0,0.053379426125514225,0.12372005997616334,0.21449808409478285,135.70608695652172,1.0,0,0,0,0,0,0,0,1,En riesgo
1131.07,17.0,21,2849.1,2.519,1344.74,415.36,222.57,343.21,120.49,179.46,142.6,80.67,0.471987645221298,0.14578638868414587,0.07811940612825102,0.12046260222526411,0.04229054789231687,0.06298831209855744,0.05005089326453968,0.02831420448562704,135.67142857142858,0.0,1,0,0,0,0,0,0,0,En riesgo
6030.15,47.6,25,3131.39,0.519,316.72,962.81,642.82,666.28,172.34,156.7,136.11,77.61,0.10114358160433547,0.30747048435359375,0.20528263806169147,0.21277451866423538,0.055036261851765515,0.0500416747834029,0.04346632006872348,0.02478452061225207,125.2556,0.0,0,0,0,0,0,0,1,0,En observacion
5589.19,26.1,9,940.48,0.168,367.5,200.07,0.0,0.0,0.0,166.52,30.15,176.24,0.390757910854032,0.21273179652943178,0.0,0.0,0.0,0.17705852330724736,0.03205809799251446,0.18739367131677442,104.49777777777778,0.0,1,0,0,0,0,0,0,0,En observacion
2697.91,32.0,10,1618.14,0.6,314.71,356.05,289.22,0.0,383.81,59.6,51.5,163.25,0.1944887339785185,0.22003658521512354,0.1787360796964416,0.0,0.23719208473926853,0.036832412523020254,0.03182666518348227,0.10088743866414525,161.81400000000002,1.0,0,1,0,0,0,0,0,0,En observacion
3507.63,24.4,9,1004.89,0.286,0.0,487.76,159.41,0.0,0.0,170.69,0.0,187.03,0.0,0.48538646020957515,0.158634278378728,0.0,0.0,0.1698593875946621,0.0,0.1861198738170347,111.65444444444444,1.0,0,0,0,0,0,0,1,0,Saludable
4592.26,42.7,13,1758.43,0.383,957.2,0.0,316.6,0.0,191.48,74.32,218.83,0.0,0.5443492206115683,0.0,0.18004697372087602,0.0,0.10889259168690252,0.042264975006113405,0.1244462389745398,0.0,135.26384615384615,1.0,1,0,0,0,0,0,0,0,En observacion
5755.46,42.6,21,2486.39,0.432,903.14,453.23,353.37,300.48,73.88,58.45,343.84,0.0,0.3632334428629459,0.18228435603425047,0.1421217105924654,0.12084990689312619,0.02971376171879713,0.023507977429124156,0.13828884446929082,0.0,118.3995238095238,1.0,1,0,0,0,0,0,0,0,En observacion
6876.98,51.3,19,2786.2,0.405,832.73,253.77,207.56,913.56,46.33,287.04,76.31,168.9,0.2988766061302132,0.09108104227980764,0.07449572894982413,0.32788744526595365,0.016628382743521644,0.10302203718326036,0.027388557892470033,0.0606201995549494,146.64210526315787,2.0,0,0,0,0,0,0,0,1,En observacion
2025.44,43.9,10,1510.06,0.746,649.66,171.98,125.88,0.0,306.86,0.0,116.41,139.27,0.43022131570930955,0.11388951432393414,0.08336092605591831,0.0,0.20321046845820698,0.0,0.07708965206680529,0.09222812338582574,151.006,2.0,1,0,0,0,0,0,0,0,En observacion
2244.69,26.3,22,3331.53,1.484,880.32,734.96,42.29,1268.46,127.75,150.74,0.0,127.01,0.2642389532737211,0.2206073485755794,0.012693867382253799,0.3807439824945295,0.038345745048071006,0.04524647834478453,0.0,0.03812362488106065,151.43318181818182,0.0,0,0,0,0,0,0,0,1,En observacion
3170.94,57.1,26,2849.51,0.899,611.26,452.05,671.24,586.34,0.0,115.06,413.56,0.0,0.214514074349625,0.15864131026036055,0.23556330737565404,0.205768711111735,0.0,0.04037887215696734,0.14513372474565803,0.0,109.59653846153847,0.0,0,0,0,0,1,0,0,0,En riesgo
2988.76,15.2,23,3955.17,1.323,1155.67,380.12,502.57,1183.3,436.44,96.45,177.0,23.62,0.2921922445811432,0.09610712055360453,0.12706659890725303,0.2991780378593082,0.11034671076085224,0.024385803897177618,0.04475155303059034,0.005971930410070869,171.96391304347827,2.0,0,0,0,0,0,0,0,1,En observacion
1180.1,39.2,19,2350.21,1.992,964.61,147.33,48.82,420.94,390.99,159.97,178.29,39.26,0.41043566319605485,0.06268801511354305,0.02077261180915748,0.17910739891328858,0.16636385684683497,0.06806625790886772,0.07586130601095221,0.01670489020130116,123.69526315789474,1.0,1,0,0,0,0,0,0,0,En riesgo
2898.84,52.2,20,2581.65,0.891,672.64,574.38,255.7,432.89,0.0,0.0,546.83,99.21,0.2605465496872155,0.22248561966184416,0.09904518428137044,0.1676795847616834,0.0,0.0,0.21181414986539618,0.03842891174249027,129.0825,1.0,1,0,0,0,0,0,0,0,En riesgo
3420.68,42.9,14,1634.16,0.478,680.1,257.1,233.87,0.0,149.38,36.51,277.2,0.0,0.41617711851960637,0.15732853576149214,0.14311328144122973,0.0,0.09141087775982767,0.022341753561462768,0.16962843295638125,0.0,116.72571428571429,0.0,1,0,0,0,0,0,0,0,En observacion
4788.87,53.7,14,1796.42,0.375,573.01,85.54,0.0,489.21,298.78,107.54,84.76,157.58,0.3189732913238552,0.04761692699925407,0.0,0.27232495741530377,0.1663196802529475,0.05986350630698834,0.047182730096525315,0.08771890760512575,128.31571428571428,1.0,1,0,0,0,0,0,0,0,En observacion
5169.94,34.5,15,2083.36,0.403,1263.12,181.94,0.0,307.16,0.0,158.53,0.0,172.61,0.6062898394900544,0.08733008217494816,0.0,0.14743491283311574,0.0,0.07609342600414715,0.0,0.08285173949773443,138.89066666666668,2.0,1,0,0,0,0,0,0,0,Saludable
2758.45,40.2,24,2607.26,0.945,774.27,444.04,0.0,152.97,377.88,434.44,81.59,342.07,0.2969669308009174,0.17030906008606736,0.0,0.05867078849059932,0.14493376188028811,0.16662703374423724,0.03129338846144995,0.13119903653644055,108.63583333333334,1.0,1,0,0,0,0,0,0,0,En riesgo
6368.62,56.6,9,804.27,0.126,0.0,318.55,0.0,0.0,0.0,194.57,291.15,0.0,0.0,0.3960734579183608,0.0,0.0,0.0,0.24192124535292875,0.3620052967287105,0.0,89.36333333333333,1.0,0,0,0,0,0,0,1,0,En observacion
6712.45,48.0,25,2396.73,0.357,261.99,730.88,596.53,341.39,103.31,181.17,67.21,114.25,0.10931143683268453,0.3049488261089067,0.24889328376579756,0.1424399077075849,0.04310456330083071,0.07559049204541186,0.0280423744017891,0.04766911583699457,95.8692,2.0,0,0,0,0,0,0,1,0,Saludable
3938.76,27.0,22,2811.42,0.714,775.18,380.49,486.32,554.75,0.0,176.13,365.14,73.41,0.2757254341222585,0.13533730285763065,0.17298020217541313,0.1973202154071608,0.0,0.06264805685383187,0.12987742848809497,0.026111360095610044,127.79181818181819,0.0,1,0,0,0,0,0,0,0,En observacion
3676.71,35.0,10,1000.45,0.272,0.0,94.42,546.49,0.0,0.0,28.72,109.25,221.57,0.0,0.09437753011144985,0.5462441901144485,0.0,0.0,0.028707081813184064,0.10920085961317406,0.2214703383477435,100.045,1.0,0,0,0,0,1,0,0,0,En observacion
1505.21,29.5,17,2004.98,1.332,820.29,116.61,549.68,0.0,131.32,307.87,0.0,79.21,0.40912627557382114,0.058160181148939144,0.27415734820297455,0.0,0.06549691268740834,0.1535526538918094,0.0,0.03950662849504733,117.94,0.0,1,0,0,0,0,0,0,0,En riesgo
5595.59,36.5,15,2405.74,0.43,1147.18,562.93,377.87,0.0,317.76,0.0,0.0,0.0,0.4768511975525203,0.23399452974968202,0.15707017383424646,0.0,0.13208409886355135,0.0,0.0,0.0,160.38266666666667,1.0,1,0,0,0,0,0,0,0,En observacion
2619.11,47.9,26,3756.23,1.434,766.29,384.92,464.5,850.61,590.09,95.03,267.81,336.98,0.2040050795611557,0.10247508805371343,0.12366122415294058,0.22645311921793926,0.15709634394060001,0.025299302758350795,0.07129755100193545,0.08971229131336474,144.4703846153846,1.0,0,0,0,0,0,0,0,1,En riesgo
3141.17,40.4,18,2697.52,0.859,541.36,200.97,461.63,753.75,0.0,248.05,386.88,104.88,0.2006880393843234,0.07450176458376583,0.1711312613066817,0.279423322162579,0.0,0.09195483258696878,0.1434206233874077,0.03888015658827367,149.86222222222221,2.0,0,0,0,0,0,0,0,1,En observacion
2729.35,34.3,8,870.6,0.319,570.36,0.0,0.0,0.0,163.23,112.42,0.0,24.59,0.6551343900758098,0.0,0.0,0.0,0.18749138525155065,0.12912933609005284,0.0,0.02824488858258672,108.825,0.0,1,0,0,0,0,0,0,0,En observacion
3046.34,26.9,26,3646.63,1.197,1436.44,370.59,128.38,584.31,358.41,392.33,220.77,155.4,0.3939088967073709,0.10162533626937748,0.035205107181150816,0.1602328725425941,0.09828526612241988,0.10758700498816715,0.06054082810704678,0.042614688081872854,140.255,1.0,1,0,0,0,0,0,0,0,En observacion
2198.25,52.2,9,1296.26,0.59,433.93,258.56,298.25,0.0,0.0,55.22,133.84,116.46,0.33475537315044823,0.1994661564809529,0.23008501380895807,0.0,0.0,0.04259947849968371,0.10325089102494871,0.0898430870350084,144.0288888888889,0.0,1,0,0,0,0,0,0,0,En riesgo
10081.14,61.5,25,3568.93,0.354,467.9,756.57,145.48,1211.96,155.82,142.84,329.73,358.63,0.13110372016262578,0.211987906739555,0.04076291773724898,0.33958637462768954,0.043660144637188175,0.040023200230881524,0.09238903536914427,0.10048670049566677,142.75719999999998,2.0,0,0,0,0,0,0,0,1,En observacion
2135.24,40.7,21,3088.06,1.446,501.12,634.83,0.0,1320.9,0.0,117.03,135.54,378.64,0.16227663970259645,0.20557566886653758,0.0,0.42774427958006,0.0,0.03789757971023879,0.04389163422990486,0.12261419791066236,147.0504761904762,0.0,0,0,0,0,0,0,0,1,En riesgo
6159.13,46.2,10,1043.67,0.169,400.14,0.0,19.26,0.0,0.0,302.91,0.0,321.36,0.38339705079191694,0.0,0.018454109057460692,0.0,0.0,0.29023541924171437,0.0,0.307913420908908,104.367,1.0,1,0,0,0,0,0,0,0,En observacion
4465.42,67.7,10,1124.97,0.252,0.0,220.07,461.43,0.0,0.0,164.28,133.07,146.12,0.0,0.19562299439096154,0.41017093789167713,0.0,0.0,0.14603056081495505,0.11828759878041191,0.12988790812199436,112.497,0.0,0,0,0,0,1,0,0,0,En riesgo
1798.76,52.8,13,1790.56,0.995,888.65,340.57,0.0,0.0,0.0,207.32,65.18,288.84,0.4962972477884014,0.19020306496291664,0.0,0.0,0.0,0.11578500580823876,0.03640201947993924,0.16131266196050398,137.73538461538462,1.0,1,0,0,0,0,0,0,0,En riesgo
4431.88,28.1,20,2251.39,0.508,942.17,343.85,70.52,0.0,0.0,123.38,317.32,454.15,0.4184836922967589,0.15272787033788018,0.03132287164818179,0.0,0.0,0.05480170028293632,0.14094403901589686,0.201719826418346,112.56949999999999,0.0,1,0,0,0,0,0,0,0,En observacion
2680.49,12.1,25,3273.73,1.221,1178.82,341.97,286.2,543.99,290.68,64.34,195.0,372.73,0.3600846740568098,0.10445882830899311,0.08742321449844673,0.16616825455978348,0.08879168410345387,0.01965342285405333,0.05956508325365867,0.11385483836480101,130.9492,1.0,1,0,0,0,0,0,0,0,En observacion
2854.47,29.4,17,1972.18,0.691,229.23,666.93,325.7,0.0,299.41,77.94,22.83,350.14,0.11623178411706842,0.33816892981370866,0.16514719751746798,0.0,0.15181677128862478,0.039519719295399,0.011576022472593778,0.17753957549513735,116.01058823529412,0.0,0,0,0,0,0,0,1,0,En observacion
2856.22,63.5,20,2574.15,0.901,660.95,461.55,73.27,1030.02,34.36,0.0,199.43,114.57,0.2567643688207758,0.17930190548336344,0.028463764737874635,0.40013985198997726,0.013348095487830934,0.0,0.07747411766991046,0.04450789581026746,128.7075,0.0,0,0,0,0,0,0,0,1,En riesgo
2721.86,71.5,20,2573.91,0.946,1487.84,193.91,53.62,238.21,0.0,36.6,252.44,311.29,0.5780466294470281,0.07533674448601545,0.020832119227168006,0.09254791348570852,0.0,0.014219611408324302,0.09807646732014717,0.12094051462560852,128.69549999999998,1.0,1,0,0,0,0,0,0,0,En riesgo
5802.32,23.5,13,1225.88,0.211,440.0,563.31,0.0,0.0,0.0,111.43,111.14,0.0,0.3589258328710803,0.45951479753320057,0.0,0.0,0.0,0.0908979671746011,0.09066140242111788,0.0,94.29846153846155,2.0,0,0,0,0,0,0,1,0,Saludable
2223.18,28.1,13,1424.98,0.641,382.33,621.6,77.33,0.0,132.14,139.12,0.0,72.46,0.26830552007747477,0.436216648654718,0.054267428314783366,0.0,0.09273112605089193,0.09762944041319878,0.0,0.050849836488933174,109.61384615384615,1.0,0,0,0,0,0,0,1,0,Saludable
2502.02,8.3,8,530.36,0.212,25.19,154.59,0.0,0.0,70.78,279.8,0.0,0.0,0.04749604042537145,0.29148125801342484,0.0,0.0,0.13345652009955503,0.5275661814616487,0.0,0.0,66.295,1.0,0,0,1,0,0,0,0,0,Saludable
3236.87,10.0,18,2503.21,0.773,764.42,708.83,36.45,576.32,0.0,383.29,33.9,0.0,0.3053758973478054,0.2831684117593011,0.014561303286580032,0.23023238162199738,0.0,0.15311939469720878,0.013542611287107353,0.0,139.06722222222223,0.0,1,0,0,0,0,0,0,0,En observacion
4897.73,24.9,8,648.53,0.132,142.1,78.18,0.0,0.0,90.01,258.8,0.0,79.44,0.21911091237105454,0.12054955052194966,0.0,0.0,0.13879080381786504,0.39905632738655117,0.0,0.12249240590257968,81.06625,1.0,0,0,1,0,0,0,0,0,Saludable
4160.39,49.1,23,4328.88,1.04,1471.54,314.57,118.77,2189.03,0.0,65.93,169.04,0.0,0.33993550294764463,0.07266775701798155,0.02743665798081721,0.5056804531426143,0.0,0.01523026741328011,0.03904936149766221,0.0,188.21217391304347,0.0,0,0,0,0,0,0,0,1,En riesgo
4706.87,45.0,11,1113.93,0.237,230.54,575.16,0.0,0.0,0.0,8.69,73.58,225.96,0.206960940094979,0.5163340604885405,0.0,0.0,0.0,0.0078012083344554855,0.06605441993662078,0.2028493711454041,101.26636363636364,0.0,0,0,0,0,0,0,1,0,En observacion
4643.2,35.4,18,1980.0,0.426,757.66,496.02,191.96,0.0,33.3,335.84,165.22,0.0,0.38265656565656564,0.2505151515151515,0.09694949494949495,0.0,0.016818181818181815,0.1696161616161616,0.08344444444444445,0.0,110.0,1.0,1,0,0,0,0,0,0,0,En observacion
4542.42,28.1,13,2303.66,0.507,442.18,199.35,66.64,1035.67,124.72,251.11,183.99,0.0,0.19194672824982856,0.08653620760007988,0.028927879982289056,0.44957589227576994,0.054139933844404124,0.10900480105571136,0.07986855699191722,0.0,177.20461538461538,1.0,0,0,0,0,0,0,0,1,Saludable
8475.54,29.6,26,2706.77,0.319,889.9,505.1,40.86,363.77,0.0,629.49,222.99,54.66,0.32876823668061933,0.18660617636518803,0.015095482807922358,0.13439265249725688,0.0,0.23256131847183176,0.08238232284235454,0.020193810334827117,104.10653846153846,0.0,1,0,0,0,0,0,0,0,En observacion
2005.06,34.7,12,975.18,0.486,239.17,25.48,313.74,0.0,0.0,123.48,140.95,132.36,0.24525728583441006,0.02612850960848254,0.32172521995939213,0.0,0.0,0.12662277733341537,0.14453741873295187,0.1357287885313481,81.265,2.0,0,0,0,0,1,0,0,0,Saludable
1000.0,40.4,20,2844.05,2.844,869.27,263.01,276.66,567.79,562.01,200.47,18.24,86.6,0.3056451187567026,0.09247727712241345,0.0972767708022011,0.19964135651623563,0.197609043441571,0.0704875090100385,0.006413389356727202,0.030449534994110506,142.20250000000001,0.0,1,0,0,0,0,0,0,0,En riesgo
3764.91,39.3,17,2427.41,0.645,630.44,597.83,287.5,605.4,0.0,121.61,152.96,31.67,0.2597171470826931,0.24628307537663605,0.11843899464861726,0.24940162560094917,0.0,0.05009866483206381,0.06301366477026955,0.01304682768877116,142.78882352941176,1.0,1,0,0,0,0,0,0,0,En observacion
5380.59,43.9,15,1373.92,0.255,512.6,140.18,116.17,0.0,50.35,262.84,105.21,186.57,0.37309304763013856,0.10202923023174566,0.08455368580412251,0.0,0.0366469663444742,0.19130662629556303,0.07657651100500756,0.1357939326889484,91.59466666666667,0.0,1,0,0,0,0,0,0,0,En observacion
3304.53,42.2,13,1833.88,0.555,457.54,0.0,362.47,731.15,0.0,282.72,0.0,0.0,0.24949287848714202,0.0,0.19765197286627262,0.3986902087377582,0.0,0.15416493990882718,0.0,0.0,141.0676923076923,2.0,0,0,0,0,0,0,0,1,Saludable
4951.95,59.4,24,3988.89,0.806,1417.01,470.5,93.87,1471.3,400.5,135.71,0.0,0.0,0.3552391768135998,0.11795261338367316,0.023532862525665037,0.3688494794291144,0.10040387175379617,0.03402199609415151,0.0,0.0,166.20374999999999,1.0,0,0,0,0,0,0,0,1,En riesgo
2184.26,79.0,20,2218.52,1.016,630.28,105.06,520.05,0.0,385.73,390.73,186.67,0.0,0.2840993094495429,0.047355894920938287,0.23441303211149775,0.0,0.1738681643618268,0.17612191911724934,0.08414168003894487,0.0,110.926,0.0,1,0,0,0,0,0,0,0,En riesgo
3450.41,21.2,26,3571.27,1.035,1016.5,777.25,328.46,321.17,276.02,368.92,238.92,244.03,0.2846326376891134,0.21763966320104614,0.09197288359603166,0.08993159296272756,0.0772890316330045,0.1033021866170858,0.06690057038532511,0.06833143391566586,137.35653846153846,2.0,1,0,0,0,0,0,0,0,En observacion
2968.71,61.4,17,1943.21,0.655,380.29,320.53,308.0,382.73,0.0,49.55,289.18,212.93,0.19570195707103197,0.16494871887238124,0.15850062525408987,0.19695761137499293,0.0,0.025499045393961535,0.1488156195161614,0.10957642251738103,114.3064705882353,1.0,0,0,0,0,0,0,0,1,En observacion
3182.81,13.3,16,2373.93,0.746,743.95,305.5,277.83,469.67,159.99,222.39,118.2,76.4,0.31338329268344056,0.1286895569793549,0.11703377942904804,0.19784492381830973,0.06739457355524385,0.09368010008719718,0.04979085314225778,0.03218292030514801,148.370625,2.0,1,0,0,0,0,0,0,0,Saludable
8903.24,64.9,12,1288.22,0.145,102.2,222.61,0.0,375.6,0.0,251.69,182.45,153.67,0.07933427520144075,0.17280433466333392,0.0,0.29156510533915014,0.0,0.19537811864433094,0.14162953532781666,0.11928863082392757,107.35166666666667,2.0,0,0,0,0,0,0,0,1,En riesgo
3353.91,20.1,16,2198.23,0.655,612.97,37.41,226.68,773.69,0.0,211.96,180.59,154.93,0.27884707241735396,0.01701823740009007,0.1031193278228393,0.3519604409001788,0.0,0.09642303125696583,0.082152459023851,0.07047943117872106,137.389375,0.0,0,0,0,0,0,0,0,1,Saludable
4136.32,12.0,18,1986.55,0.48,433.6,507.14,0.0,0.0,598.67,238.88,94.98,113.28,0.21826785129999246,0.2552868037552541,0.0,0.0,0.30136165714429536,0.12024867232136116,0.04781153255644208,0.057023482922654856,110.36388888888888,0.0,0,1,0,0,0,0,0,0,En riesgo
5069.95,24.6,10,1859.36,0.367,868.95,95.33,243.89,315.95,0.0,0.0,68.74,266.5,0.46733822390499963,0.051270329575768006,0.13116878926082093,0.1699240598915756,0.0,0.0,0.0369697100077446,0.1433288873590913,185.93599999999998,1.0,1,0,0,0,0,0,0,0,Saludable
4270.24,40.0,13,1911.61,0.448,509.44,219.16,91.29,547.07,0.0,183.66,360.99,0.0,0.2664978735202264,0.11464681603465142,0.04775555683429152,0.28618285110456637,0.0,0.09607608246451944,0.18884082004174493,0.0,147.04692307692306,1.0,0,0,0,0,0,0,0,1,En observacion
2922.47,54.0,10,1334.42,0.457,208.24,629.25,0.0,213.0,237.9,46.03,0.0,0.0,0.15605281695418233,0.4715531841549137,0.0,0.15961990977353457,0.17827970204283508,0.034494387074534255,0.0,0.0,133.442,0.0,0,0,0,0,0,0,1,0,En riesgo
2896.41,41.8,20,2160.07,0.746,483.35,242.13,22.4,875.42,96.14,130.95,230.15,79.53,0.22376589647557718,0.1120935895595976,0.010370034304443837,0.4052739031605457,0.04450781687630493,0.06062303536459466,0.10654747299856022,0.03681825126037582,108.0035,1.0,0,0,0,0,0,0,0,1,En observacion
2309.86,25.2,8,1172.08,0.507,550.71,0.0,0.0,469.7,0.0,63.66,88.01,0.0,0.4698570063476896,0.0,0.0,0.40074056378404205,0.0,0.05431369872363661,0.07508873114463177,0.0,146.51,1.0,1,0,0,0,0,0,0,0,Saludable
4531.85,18.2,21,3287.29,0.725,415.72,347.08,203.72,1048.98,271.69,474.31,507.59,18.2,0.12646283108578799,0.1055824098269395,0.06197201950542849,0.3191017525073845,0.0826486254635277,0.14428602283339773,0.1544098634437485,0.00553647533378558,156.53761904761905,1.0,0,0,0,0,0,0,0,1,En observacion
6068.01,52.3,24,3826.38,0.631,581.39,439.7,704.17,1344.72,352.32,310.03,94.05,0.0,0.15194256712610874,0.11491278963406666,0.18403033676738847,0.3514339924419425,0.09207658413435152,0.08102436245223944,0.02457936744390259,0.0,159.4325,2.0,0,0,0,0,0,0,0,1,En observacion
2683.7,46.8,13,1638.88,0.611,459.32,61.41,0.0,0.0,272.3,62.63,306.97,476.25,0.2802645709264864,0.03747071170555501,0.0,0.0,0.16615005369520647,0.03821512252269843,0.1873047447037001,0.2905947964463536,126.06769230769231,0.0,0,0,0,1,0,0,0,0,En observacion
2859.66,42.6,17,1625.87,0.569,325.21,667.99,44.5,171.94,0.0,89.5,163.06,163.67,0.20002214199167215,0.41085080603000246,0.02736996192807543,0.10575261244748965,0.0,0.055047451518264075,0.1002909211683591,0.1006661049161372,95.63941176470587,1.0,0,0,0,0,0,0,1,0,En observacion
2193.47,31.4,13,2202.2,1.004,895.18,33.59,292.52,892.39,0.0,35.27,53.25,0.0,0.4064935064935065,0.01525292888929253,0.13283080555807827,0.405226591590228,0.0,0.016015802379438747,0.024180365089456,0.0,169.39999999999998,0.0,1,0,0,0,0,0,0,0,En riesgo
5284.81,46.8,9,1165.45,0.221,436.55,332.45,0.0,172.79,150.99,0.0,37.65,35.02,0.37457634390149724,0.28525462267793555,0.0,0.14826032862842678,0.1295551074692179,0.0,0.032305118194688745,0.030048479128233732,129.49444444444444,1.0,1,0,0,0,0,0,0,0,En observacion
4230.07,29.3,11,1042.8,0.247,516.22,0.0,109.13,0.0,69.92,347.53,0.0,0.0,0.49503260452627545,0.0,0.10465093977752206,0.0,0.06705024932873034,0.3332662063674722,0.0,0.0,94.8,0.0,1,0,0,0,0,0,0,0,En observacion
2913.61,45.7,24,2454.36,0.842,393.55,531.79,164.11,159.7,0.0,712.94,468.17,24.1,0.16034730031454228,0.21667155592496615,0.06686468162779706,0.06506787920272494,0.0,0.2904789843380759,0.19075033817369905,0.00981926041819456,102.265,0.0,0,0,1,0,0,0,0,0,En riesgo
3891.62,66.6,18,2824.78,0.726,702.5,277.84,478.61,776.74,0.0,72.12,140.25,376.72,0.24869193353110683,0.09835810222388999,0.16943266378266625,0.27497362626470023,0.0,0.02553119180962765,0.049649884238772576,0.1333625981492364,156.93222222222224,0.0,0,0,0,0,0,0,0,1,En riesgo
3750.28,19.2,20,2345.12,0.625,1149.9,584.88,77.75,0.0,0.0,186.48,346.11,0.0,0.4903373814559597,0.24940301562393397,0.03315395374223921,0.0,0.0,0.079518318891997,0.14758733028587023,0.0,117.256,0.0,1,0,0,0,0,0,0,0,En observacion
3577.42,26.3,24,3497.69,0.978,688.39,257.95,174.67,1008.43,869.66,47.1,196.55,254.94,0.19681275356020686,0.07374867412492245,0.049938673810429164,0.28831314381777684,0.24863838704973854,0.01346603043723143,0.05619423104963562,0.07288810615005904,145.73708333333335,0.0,0,0,0,0,0,0,0,1,En riesgo
3083.77,59.6,25,3794.14,1.23,906.9,829.21,139.86,1342.04,0.0,261.21,47.12,267.8,0.23902649875861195,0.21855018528573011,0.03686210840928379,0.35371388509649093,0.0,0.06884564090940239,0.012419151639106622,0.07058252990137423,151.7656,1.0,0,0,0,0,0,0,0,1,En riesgo
6870.08,16.8,8,1390.62,0.202,601.24,89.94,0.0,329.91,0.0,0.0,144.06,225.47,0.4323539140814889,0.06467618759977564,0.0,0.23723950468136518,0.0,0.0,0.10359408033826639,0.162136313299104,173.8275,2.0,1,0,0,0,0,0,0,0,Saludable
4667.06,7.3,15,2463.81,0.528,615.94,241.05,260.55,769.75,132.46,277.49,166.57,0.0,0.2499949265568368,0.09783627795974528,0.10575084929438554,0.31242262999176074,0.053762262512125535,0.11262637946919608,0.0676066742159501,0.0,164.254,0.0,0,0,0,0,0,0,0,1,En observacion
3549.53,8.1,14,1869.43,0.527,357.67,561.33,232.74,398.78,0.0,222.78,96.13,0.0,0.191325698207475,0.30026799612716176,0.12449784158807765,0.21331635846220504,0.0,0.11917001438941281,0.05142209122566771,0.0,133.53071428571428,1.0,0,0,0,0,0,0,1,0,Saludable
4307.79,30.0,25,3725.56,0.865,1820.16,355.06,163.7,552.55,0.0,384.57,164.63,284.89,0.48856010908427194,0.09530379325524217,0.04393970302451175,0.14831327370918734,0.0,0.10322475010468225,0.04418932992623928,0.07646904089586531,149.0224,0.0,1,0,0,0,0,0,0,0,En observacion
6729.21,30.8,17,2916.75,0.433,618.96,492.66,629.91,932.21,0.0,67.31,175.7,0.0,0.21220879403445617,0.16890717408074055,0.21596297248650037,0.31960572555069855,0.0,0.02307705494128739,0.06023827890631696,0.0,171.5735294117647,0.0,0,0,0,0,0,0,0,1,En observacion
6156.28,26.6,9,855.82,0.139,141.6,234.29,138.26,0.0,0.0,165.63,57.1,118.94,0.1654553527610946,0.2737608375592998,0.16155266294314222,0.0,0.0,0.19353368699025494,0.06671963730691033,0.13897782243929796,95.09111111111112,2.0,0,0,0,0,0,0,1,0,Saludable
3325.6,10.9,16,2144.96,0.645,443.68,448.52,68.04,379.09,526.85,193.84,84.94,0.0,0.20684768014321944,0.20910413247799492,0.031720871251678356,0.17673523049380874,0.24562229598687155,0.09036998358943757,0.03959980605698941,0.0,134.06,0.0,0,1,0,0,0,0,0,0,En observacion
3316.22,46.9,22,2293.2,0.692,301.83,813.54,199.89,352.56,0.0,524.32,0.0,101.06,0.1316195709052852,0.3547619047619048,0.08716640502354789,0.15374149659863948,0.0,0.22864120006977154,0.0,0.044069422640851216,104.23636363636363,2.0,0,0,0,0,0,0,1,0,Saludable
4389.76,32.6,20,2495.44,0.568,268.54,786.94,183.47,540.41,0.0,263.18,203.55,249.35,0.10761228480748887,0.3153512005898759,0.07352210431827653,0.21655900362260763,0.0,0.10546436700541788,0.08156878145737827,0.0999222581989549,124.772,0.0,0,0,0,0,0,0,1,0,En riesgo
3249.59,81.4,26,3283.77,1.011,754.46,920.88,535.11,0.0,276.98,424.51,256.28,115.55,0.22975421542921703,0.28043376972199635,0.162955992654784,0.0,0.08434817298410059,0.12927519284237324,0.07804444282029496,0.03518821354723382,126.29884615384616,0.0,0,0,0,0,0,0,1,0,En riesgo
4472.3,32.5,23,3531.06,0.79,962.35,724.42,362.56,649.21,341.29,339.66,151.57,0.0,0.27253855782682823,0.2051565252360481,0.10267738299547445,0.18385697212734986,0.0966536960572746,0.09619207829943417,0.04292478745759064,0.0,153.52434782608697,1.0,1,0,0,0,0,0,0,0,En observacion
2087.33,30.9,15,2218.08,1.063,302.24,668.04,0.0,518.31,367.58,174.69,187.22,0.0,0.1362619923537474,0.301179398398615,0.0,0.23367507033109713,0.16571990189713626,0.07875730361393637,0.0844063334054678,0.0,147.87199999999999,0.0,0,0,0,0,0,0,1,0,En riesgo
4441.4,20.6,18,2368.36,0.533,713.19,181.19,411.94,316.65,0.0,292.11,359.93,93.35,0.30113242919150807,0.0765044165582935,0.17393470587241802,0.13370011315847252,0.0,0.12333851272610583,0.15197436200577613,0.03941546048742589,131.57555555555555,2.0,1,0,0,0,0,0,0,0,Saludable
3347.4,49.3,22,3407.81,1.018,561.06,339.0,473.86,1507.67,0.0,143.65,292.41,90.16,0.16463946053330436,0.09947737696643885,0.1390511794965095,0.44241609714156604,0.0,0.04215317168504113,0.08580584011432563,0.026456874062814533,154.90045454545455,1.0,0,0,0,0,0,0,0,1,En riesgo
2170.57,77.1,13,1318.57,0.607,592.16,13.32,379.99,0.0,0.0,33.34,218.68,81.08,0.44909257756508947,0.010101852764737558,0.2881834108162631,0.0,0.0,0.025284967806032295,0.16584633352798867,0.061490857519888975,101.42846153846153,0.0,1,0,0,0,0,0,0,0,En riesgo
2554.09,42.4,23,3084.2,1.208,1250.97,237.87,249.56,278.58,465.05,265.46,120.34,216.37,0.40560599182932366,0.07712534855067765,0.08091563452434992,0.0903248816548862,0.1507846443161922,0.08607094222164581,0.03901822190519422,0.07015433499773037,134.09565217391304,1.0,1,0,0,0,0,0,0,0,En riesgo
2670.41,26.3,23,3212.23,1.203,901.07,729.75,0.0,771.51,160.18,257.62,132.22,259.88,0.28051229208369266,0.22717862668613392,0.0,0.24017894110944732,0.04986566964382999,0.08019973663156126,0.0411614361362667,0.08090329770906815,139.6621739130435,1.0,1,0,0,0,0,0,0,0,En observacion
4158.57,21.1,26,3381.82,0.813,362.84,1003.19,245.66,879.31,30.45,200.78,435.21,224.38,0.10729134016594613,0.29664204481610496,0.07264135879496839,0.2600108817145797,0.00900402741718956,0.05937039818795796,0.1286910598435162,0.06634888905973706,130.07,1.0,0,0,0,0,0,0,1,0,En observacion
8742.24,22.9,16,2870.25,0.328,931.12,266.41,274.61,624.9,281.77,321.68,169.76,0.0,0.32440379757860816,0.09281769880672416,0.09567459280550475,0.21771622680951136,0.09816914902883024,0.1120738611619197,0.05914467380890166,0.0,179.390625,2.0,1,0,0,0,0,0,0,0,Saludable
3394.85,35.9,11,1445.71,0.426,422.85,402.48,437.19,0.0,0.0,21.57,68.82,92.8,0.2924860449191055,0.2783960822018247,0.3024050466552766,0.0,0.0,0.014920004703571256,0.04760290791375863,0.06418991360646326,131.42818181818183,1.0,0,0,0,0,1,0,0,0,En observacion
4269.15,64.6,22,2123.06,0.497,844.59,64.42,176.18,0.0,146.69,237.32,135.71,518.15,0.3978173014422579,0.030342995487645193,0.08298399479995855,0.0,0.06909366668864751,0.11178205043663392,0.06392188633387658,0.24405810481098036,96.50272727272727,1.0,1,0,0,0,0,0,0,0,En observacion
4273.52,15.3,24,2714.79,0.635,1338.97,21.71,725.29,189.64,0.0,188.04,149.29,101.85,0.49321310303927746,0.007996935306229948,0.2671624692886006,0.06985439021066085,0.0,0.06926502602411236,0.0549913621311409,0.0375167139999779,113.11625,1.0,1,0,0,0,0,0,0,0,Saludable
4376.55,73.3,20,2995.64,0.684,424.04,743.95,544.49,596.7,0.0,149.3,304.59,232.57,0.14155238947270032,0.2483442603250057,0.18176082573339922,0.19918948872361167,0.0,0.04983909949126064,0.1016777716948632,0.07763616455915931,149.78199999999998,2.0,0,0,0,0,0,0,1,0,En observacion
4260.6,22.9,11,1689.54,0.397,313.4,430.17,0.0,0.0,803.22,0.0,142.75,0.0,0.18549427654864636,0.2546077630597678,0.0,0.0,0.47540750736886966,0.0,0.08449045302271624,0.0,153.59454545454545,2.0,0,1,0,0,0,0,0,0,Saludable
4610.58,79.8,25,2218.99,0.481,659.0,92.92,57.37,220.43,57.01,896.29,187.79,48.18,0.29698196026119994,0.041874907052307585,0.025854104795424947,0.09933798710224022,0.025691868823203352,0.4039179987291516,0.08462859228748215,0.02171258094899031,88.75959999999999,1.0,0,0,1,0,0,0,0,0,En observacion
5337.53,22.7,8,1304.47,0.244,215.17,0.0,390.53,323.64,364.99,10.14,0.0,0.0,0.16494821651705288,0.0,0.2993782915666899,0.24810076122869823,0.27979945878402723,0.007773271903531703,0.0,0.0,163.05875,2.0,0,0,0,0,1,0,0,0,Saludable
3040.93,37.2,17,2065.13,0.679,309.24,524.34,694.31,336.5,0.0,34.86,138.84,27.04,0.14974359967653367,0.25390169141894214,0.33620643736713907,0.16294373719814248,0.0,0.016880293250303855,0.06723063439105528,0.013093606697883425,121.47823529411765,2.0,0,0,0,0,1,0,0,0,Saludable
6272.23,30.1,11,1714.37,0.273,165.68,312.57,236.41,0.0,536.39,162.14,162.12,139.06,0.09664191510584064,0.18232353575949184,0.13789905329654625,0.0,0.31287878345981324,0.09457701663001569,0.09456535053693195,0.08111434521136045,155.85181818181817,2.0,0,1,0,0,0,0,0,0,Saludable
2253.21,32.2,14,1862.66,0.827,418.06,469.33,704.76,0.0,0.0,32.22,113.19,125.1,0.22444246400309234,0.25196761620478236,0.378362127280341,0.0,0.0,0.017297842869874264,0.06076793402982831,0.06716201561208164,133.04714285714286,0.0,0,0,0,0,1,0,0,0,En riesgo
1607.77,56.7,12,1632.96,1.016,62.44,94.79,703.19,395.06,159.54,167.09,0.0,50.85,0.03823731138545953,0.05804796198314717,0.4306229178914364,0.24192876739173036,0.09769988242210463,0.10232338820301783,0.0,0.031139770723104056,136.08,2.0,0,0,0,0,1,0,0,0,En riesgo
3612.62,19.5,16,1712.13,0.474,531.57,490.03,0.0,241.78,0.0,170.03,181.62,97.1,0.31047291969651836,0.2862107433430872,0.0,0.14121591234310477,0.0,0.09930904779426795,0.10607839357992675,0.05671298324309485,107.008125,2.0,1,0,0,0,0,0,0,0,Saludable
2379.92,76.8,15,1875.37,0.788,577.6,373.81,57.49,180.99,0.0,254.33,283.03,148.12,0.3079925561355893,0.1993259996693986,0.03065528402395261,0.09650895556610163,0.0,0.13561590512805474,0.15091955187509665,0.07898174760180658,125.02466666666666,0.0,1,0,0,0,0,0,0,0,En riesgo
5119.2,11.0,10,961.02,0.188,384.18,277.18,0.0,0.0,0.0,165.65,134.01,0.0,0.3997627520759193,0.2884227175292918,0.0,0.0,0.0,0.17236894133316685,0.13944558906162202,0.0,96.102,2.0,1,0,0,0,0,0,0,0,Saludable
4548.22,30.7,21,3895.33,0.856,842.35,656.59,254.97,1541.41,91.54,231.95,238.5,38.02,0.21624612035437307,0.16855824795331847,0.06545530160474208,0.39570716730033145,0.023499934536996867,0.059545661086480475,0.061227161755229985,0.009760405408527649,185.49190476190475,1.0,0,0,0,0,0,0,0,1,En observacion
3300.84,11.5,15,2171.89,0.658,661.11,117.57,206.56,622.09,205.72,21.65,188.35,148.84,0.3043938689344304,0.05413257577501623,0.09510610574200351,0.28642794985013054,0.0947193458232231,0.009968276478090511,0.08672170321701375,0.068530174180092,144.79266666666666,2.0,1,0,0,0,0,0,0,0,Saludable
2503.6,42.5,26,3124.58,1.248,792.53,644.82,319.14,467.98,249.65,141.47,508.99,0.0,0.25364368971189727,0.2063701361462981,0.10213852741808499,0.1497737295892568,0.07989873839043968,0.04527648515960545,0.16289869358441775,0.0,120.17615384615384,0.0,1,0,0,0,0,0,0,0,En riesgo
5452.28,31.7,18,2276.48,0.418,446.24,858.49,0.0,425.33,102.24,136.51,173.89,133.78,0.19602192859150971,0.3771129111610908,0.0,0.18683669524880517,0.04491144222659544,0.05996538515603036,0.07638547230812481,0.05876616530784369,126.47111111111111,1.0,0,0,0,0,0,0,1,0,En observacion
3861.47,20.1,14,1668.08,0.432,549.56,272.4,337.91,0.0,0.0,78.33,266.25,163.63,0.3294566207855738,0.16330152031077647,0.2025742170639298,0.0,0.0,0.046958179463814684,0.15961464677953097,0.09809481559637427,119.14857142857143,2.0,1,0,0,0,0,0,0,0,Saludable
5067.33,33.5,8,841.61,0.166,316.55,225.69,0.0,0.0,0.0,240.79,58.58,0.0,0.3761243331234182,0.2681645892990815,0.0,0.0,0.0,0.28610639132139587,0.06960468625610437,0.0,105.20125,2.0,1,0,0,0,0,0,0,0,Saludable
2695.93,28.4,9,1736.35,0.644,703.71,286.14,0.0,464.36,0.0,165.59,0.0,116.55,0.4052811933078009,0.16479396435050536,0.0,0.2674345610044058,0.0,0.09536671753966655,0.0,0.06712356379762145,192.92777777777778,1.0,1,0,0,0,0,0,0,0,Saludable
3864.25,29.4,8,891.98,0.231,0.0,581.86,0.0,0.0,0.0,121.3,45.23,143.59,0.0,0.6523240431399807,0.0,0.0,0.0,0.13598959617928652,0.05070741496446108,0.16097894571627167,111.4975,1.0,0,0,0,0,0,0,1,0,Saludable
3511.92,40.7,13,1416.39,0.403,447.04,466.35,0.0,0.0,0.0,239.97,89.55,173.48,0.3156192856487267,0.3292525363776926,0.0,0.0,0.0,0.16942367568254504,0.06322411200305,0.12248039028798564,108.95307692307694,1.0,0,0,0,0,0,0,1,0,En observacion
2117.47,37.2,26,3829.34,1.808,1390.65,525.9,286.59,427.72,247.8,576.79,98.43,275.46,0.3631565752845138,0.13733437093598375,0.07484057304914161,0.11169548799532035,0.06471089012728042,0.15062386729828114,0.02570416834232531,0.0719340669671536,147.2823076923077,0.0,1,0,0,0,0,0,0,0,En riesgo
3412.11,33.4,10,1262.15,0.37,775.7,249.02,0.0,0.0,0.0,0.0,153.64,83.79,0.6145862219229093,0.19729826090401298,0.0,0.0,0.0,0.0,0.12172879610188961,0.06638672107118805,126.215,1.0,1,0,0,0,0,0,0,0,En observacion
4974.5,11.1,18,2721.67,0.547,972.75,436.38,0.0,480.27,405.9,222.8,132.46,71.11,0.3574092377106703,0.16033538232041356,0.0,0.17646151076361202,0.14913637582807612,0.08186150415002554,0.04866864829314355,0.026127340934058867,151.20388888888888,1.0,1,0,0,0,0,0,0,0,Saludable
6512.08,19.0,8,1548.39,0.238,0.0,171.02,265.05,843.62,0.0,161.79,0.0,106.91,0.0,0.11045020957252372,0.17117780404161742,0.5448368950974883,0.0,0.10448917908278921,0.0,0.06904591220558128,193.54875,2.0,0,0,0,0,0,0,0,1,Saludable
3656.54,69.6,26,3708.58,1.014,607.41,664.34,268.65,1266.49,0.0,676.9,24.59,200.2,0.1637850605892282,0.17913594960874513,0.07244012533098922,0.34150267757470515,0.0,0.18252269062552243,0.006630570191286152,0.053982926079523694,142.6376923076923,2.0,0,0,0,0,0,0,0,1,En riesgo
4348.67,42.5,26,3699.03,0.851,394.11,571.58,477.09,1310.6,111.24,327.55,235.91,270.95,0.10654414806043747,0.15452159079542474,0.12897705614715207,0.3543091026566424,0.03007274880171288,0.08855024154981171,0.0637761791604826,0.07324893282833607,142.27038461538461,2.0,0,0,0,0,0,0,0,1,En observacion
3391.08,51.4,20,3510.2,1.035,634.15,723.22,190.75,1182.37,314.1,110.6,19.39,335.62,0.18065922169676943,0.20603384422540028,0.05434163295538716,0.33683835678878693,0.08948208079311722,0.031508176172297876,0.005523901771978805,0.09561278559626232,175.51,0.0,0,0,0,0,0,0,0,1,En riesgo
3588.05,45.2,9,1226.3,0.342,245.7,346.09,0.0,433.16,0.0,0.0,201.35,0.0,0.20035880290304167,0.2822229470765718,0.0,0.3532251488216587,0.0,0.0,0.16419310119872788,0.0,136.25555555555556,2.0,0,0,0,0,0,0,0,1,Saludable
2547.54,26.5,10,1547.52,0.607,189.35,121.62,0.0,984.58,0.0,83.36,143.74,24.87,0.12235706162117452,0.0785902605459057,0.0,0.6362308726220017,0.0,0.053866832092638546,0.09288409842845327,0.016070874689826303,154.752,1.0,0,0,0,0,0,0,0,1,Saludable
4236.76,40.7,12,1661.54,0.392,673.68,115.74,251.75,0.0,0.0,193.99,426.38,0.0,0.40545518013409243,0.06965826883493627,0.1515160634110524,0.0,0.0,0.11675313263598831,0.25661735498393057,0.0,138.46166666666667,2.0,1,0,0,0,0,0,0,0,Saludable
2351.38,12.7,21,2469.37,1.05,303.17,146.06,573.94,194.67,373.72,411.51,383.6,82.7,0.12277220505635042,0.05914868974677752,0.23242365461635967,0.0788338726071832,0.15134224518804393,0.16664574365121468,0.1553432656912492,0.03349032344282145,117.58904761904762,1.0,0,0,0,0,1,0,0,0,En observacion
3823.49,47.3,13,1807.04,0.473,513.37,0.0,42.23,555.84,0.0,225.33,247.41,222.86,0.2840944306711528,0.0,0.023369709580308127,0.3075969541349389,0.0,0.12469563485036303,0.1369145121303347,0.12332875863290244,139.00307692307692,1.0,0,0,0,0,0,0,0,1,En observacion
3299.42,55.0,18,2917.81,0.884,373.08,370.61,221.47,1200.05,0.0,231.67,251.29,269.64,0.12786302055308604,0.12701649524814845,0.07590281752410198,0.41128449076533424,0.0,0.07939859003841922,0.0861228112865471,0.09241177458436292,162.10055555555556,1.0,0,0,0,0,0,0,0,1,En riesgo
2926.31,67.3,22,3229.67,1.104,349.05,726.24,267.18,1034.56,0.0,364.16,252.99,235.49,0.1080760573061644,0.2248650790947682,0.08272671820960036,0.32032994082986804,0.0,0.11275455387082892,0.07833308046952166,0.07291457021924841,146.80318181818183,1.0,0,0,0,0,0,0,0,1,En riesgo
3649.24,6.2,26,3008.92,0.825,918.74,423.33,347.92,721.41,190.22,197.3,151.82,58.18,0.3053387926565013,0.1406916767478032,0.11562952820281032,0.23975712215678713,0.06321869640934288,0.06557170014490249,0.05045664225037555,0.019335841431477076,115.72769230769231,1.0,1,0,0,0,0,0,0,0,En observacion
4683.55,18.7,18,1759.6,0.376,929.46,228.47,79.02,0.0,104.05,53.2,271.27,94.13,0.5282223232552853,0.12984200954762445,0.04490793362127756,0.0,0.05913275744487383,0.030234144123664472,0.15416571948170038,0.05349511252557399,97.75555555555555,2.0,1,0,0,0,0,0,0,0,Saludable
3379.88,66.5,26,3536.28,1.046,949.69,564.07,198.9,516.68,882.3,183.37,90.73,150.54,0.26855622292352416,0.15950942798647166,0.05624554616715871,0.14610833983734317,0.24949947402355013,0.05185392559412716,0.025656904996210705,0.04257015847161423,136.01076923076923,2.0,1,0,0,0,0,0,0,0,En riesgo
2591.38,32.5,26,2567.72,0.991,341.88,568.7,728.89,0.0,469.52,321.93,0.0,136.8,0.13314535852818843,0.221480535260854,0.28386662097113396,0.0,0.1828548284080819,0.12537581979343543,0.0,0.053276837038306366,98.75846153846153,0.0,0,0,0,0,1,0,0,0,En riesgo
2848.93,38.0,12,2351.09,0.825,381.74,266.27,83.49,645.1,668.17,76.84,181.16,48.32,0.1623672424279802,0.11325385246842952,0.03551118842749533,0.2743833711172265,0.2841958410779681,0.03268271312455074,0.07705362193705897,0.020552169419290625,195.92416666666668,0.0,0,1,0,0,0,0,0,0,En riesgo
3116.9,17.8,21,2511.86,0.806,856.63,423.69,463.47,0.0,155.81,239.53,93.93,278.8,0.3410341340679815,0.16867580199533413,0.18451267188457957,0.0,0.06202973095634311,0.09535961399122563,0.0373946000175169,0.11099344708701918,119.61238095238096,2.0,1,0,0,0,0,0,0,0,Saludable
10443.02,26.6,20,2272.51,0.218,201.07,419.42,273.59,636.54,164.07,357.28,22.38,198.16,0.08847925861712379,0.1845624441696626,0.12039110939005766,0.2801043779785347,0.07219770210032078,0.15721823006279398,0.009848141482325708,0.08719873619918063,113.62550000000002,2.0,0,0,0,0,0,0,0,1,Saludable
4924.53,56.4,12,1363.19,0.277,454.94,402.95,0.0,0.0,288.82,216.48,0.0,0.0,0.33373190824463206,0.295593424247537,0.0,0.0,0.21187068567110967,0.1588039818367212,0.0,0.0,113.59916666666668,1.0,1,0,0,0,0,0,0,0,En observacion
3434.29,15.9,21,2311.04,0.673,763.8,477.18,513.49,0.0,102.34,292.8,65.1,96.33,0.33050055386319577,0.20647846856826366,0.22219000969260594,0.0,0.04428309332594849,0.12669620603710885,0.028169135973414566,0.041682532539462754,110.0495238095238,1.0,1,0,0,0,0,0,0,0,Saludable
3273.98,18.2,16,1696.65,0.518,922.75,193.45,0.0,195.57,0.0,0.0,225.21,159.67,0.5438658532991483,0.1140188017564023,0.0,0.11526832287154097,0.0,0.0,0.1327380426133852,0.09410897945952316,106.040625,1.0,1,0,0,0,0,0,0,0,Saludable
4949.25,55.9,24,4134.27,0.835,789.99,858.34,506.86,1194.31,575.01,184.23,0.0,25.53,0.19108331095937128,0.2076158547941958,0.12259963669523276,0.2888805036923084,0.1390838043959393,0.044561675942790376,0.0,0.006175213520161963,172.26125000000002,1.0,0,0,0,0,0,0,0,1,En riesgo
4001.47,36.8,14,2440.86,0.61,617.93,792.92,0.0,341.18,335.11,187.54,166.18,0.0,0.25316077120359215,0.32485271584605424,0.0,0.13977860262366543,0.137291774210729,0.0768335750514163,0.06808256106454283,0.0,174.34714285714287,2.0,0,0,0,0,0,0,1,0,Saludable
3067.92,68.6,20,2894.51,0.943,495.73,964.29,197.15,858.6,0.0,294.13,84.61,0.0,0.17126560281360229,0.33314447004847103,0.06811170111694206,0.29663051777330185,0.0,0.10161650849366559,0.029231199754017084,0.0,144.7255,2.0,0,0,0,0,0,0,1,0,En riesgo
3069.81,25.2,22,2519.25,0.821,677.53,192.86,202.62,926.16,0.0,403.26,116.82,0.0,0.26894115312096856,0.07655453011809071,0.08042869901756475,0.36763322417386124,0.0,0.1600714498362608,0.04637094373325394,0.0,114.51136363636364,2.0,0,0,0,0,0,0,0,1,Saludable
5460.95,30.3,20,2418.76,0.443,1059.17,501.45,0.0,187.09,145.07,323.48,93.86,108.64,0.437897931171344,0.2073169723329309,0.0,0.07734955100960822,0.059977013014933266,0.13373794837023928,0.03880500752451669,0.044915576576427585,120.93800000000002,1.0,1,0,0,0,0,0,0,0,En observacion
6771.68,57.1,24,1673.03,0.247,379.76,530.03,343.58,0.0,0.0,78.73,178.73,162.2,0.22698935464396933,0.31680842543170173,0.20536392055133498,0.0,0.0,0.04705833129113047,0.10683012259194395,0.09694984548991949,69.70958333333333,1.0,0,0,0,0,0,0,1,0,En observacion
4429.66,30.8,11,1255.34,0.283,59.75,242.1,247.05,364.65,0.0,167.86,134.98,38.95,0.04759666703841191,0.19285611866107988,0.19679927350359266,0.29047907339844187,0.0,0.1337167619927669,0.10752465467522743,0.031027450730479397,114.12181818181817,2.0,0,0,0,0,0,0,0,1,Saludable
2561.82,16.7,16,1702.89,0.665,683.05,202.31,449.43,0.0,0.0,253.94,114.16,0.0,0.4011122268613944,0.11880391569625753,0.26392192096964573,0.0,0.0,0.14912296155359417,0.0670389749191081,0.0,106.430625,1.0,1,0,0,0,0,0,0,0,Saludable
3576.11,58.9,24,3461.1,0.968,442.28,324.7,231.69,576.85,726.37,369.5,604.71,185.0,0.12778596399988443,0.09381410534223224,0.06694114587847794,0.16666666666666669,0.20986680535090002,0.10675796712027968,0.17471613070988992,0.05345121493166912,144.2125,0.0,0,1,0,0,0,0,0,0,En riesgo
2829.85,23.0,20,2025.52,0.716,240.91,630.5,291.09,0.0,0.0,175.26,523.79,163.97,0.11893735929539082,0.31127809155179903,0.14371124451992573,0.0,0.0,0.08652592914412101,0.2585953236699712,0.08095205181879221,101.276,1.0,0,0,0,0,0,0,1,0,En observacion
5161.21,35.8,16,2531.18,0.49,932.61,560.12,270.48,353.89,286.38,127.7,0.0,0.0,0.3684487077173492,0.22128809488064857,0.10685925141633548,0.13981226147488524,0.11314090661272609,0.05045077789805546,0.0,0.0,158.19875,2.0,1,0,0,0,0,0,0,0,Saludable
1414.92,25.9,9,729.26,0.515,172.19,217.53,0.0,0.0,0.0,69.92,77.0,192.62,0.23611606285823986,0.29828867619230454,0.0,0.0,0.0,0.09587801332857966,0.10558648492992898,0.264130762690947,81.02888888888889,1.0,0,0,0,0,0,0,1,0,Saludable
6240.8,33.2,26,3892.17,0.624,1452.12,622.53,0.0,321.04,580.65,201.13,515.34,199.36,0.37308750645526784,0.1599441956543522,0.0,0.08248355030741207,0.1491841312172901,0.05167554346290116,0.13240428861020972,0.05122078429256687,149.69884615384615,1.0,1,0,0,0,0,0,0,0,En observacion
5696.22,71.9,9,1460.72,0.256,656.38,0.0,28.51,644.13,0.0,131.7,0.0,0.0,0.4493537433594392,0.0,0.019517772057615422,0.4409674680979243,0.0,0.09016101648502108,0.0,0.0,162.3022222222222,2.0,1,0,0,0,0,0,0,0,En observacion
3952.21,12.2,16,2234.11,0.565,385.05,423.74,509.42,326.15,219.43,177.3,46.6,146.42,0.17235051094171727,0.18966836905971504,0.22801921122952765,0.14598654497764207,0.0982180823683704,0.07936046121274243,0.020858417893478833,0.06553840231680623,139.631875,0.0,0,0,0,0,1,0,0,0,En observacion
3956.62,19.8,18,1922.64,0.486,403.27,882.61,0.0,0.0,216.33,171.83,77.44,171.16,0.209748054758041,0.4590614987725211,0.0,0.0,0.11251716389963799,0.08937190529688345,0.04027795115050139,0.08902342612241501,106.81333333333333,0.0,0,0,0,0,0,0,1,0,En observacion
3536.22,54.8,24,3491.97,0.987,737.32,473.64,393.85,374.84,853.96,75.0,205.66,377.7,0.2111472893524286,0.13563690409711424,0.1127873378064531,0.10734341933063571,0.2445496381698583,0.021477847747832887,0.058895122237590816,0.10816244125808641,145.49875,2.0,0,1,0,0,0,0,0,0,En riesgo
2779.5,47.2,22,2706.91,0.974,854.07,1167.03,0.0,0.0,43.14,354.4,0.0,288.27,0.31551473820703313,0.43112995999128156,0.0,0.0,0.015936990886287316,0.13092419031293984,0.0,0.10649412060245815,123.04136363636363,1.0,0,0,0,0,0,0,1,0,En riesgo
5007.41,59.3,26,3001.36,0.599,419.51,175.17,536.49,416.04,29.56,139.12,743.41,542.06,0.1397733027694112,0.058363541861022994,0.17874896713489885,0.13861716022069995,0.0098488685129408,0.046352320281472396,0.24769104672548442,0.18060479249406933,115.43692307692308,2.0,0,0,0,0,0,1,0,0,En observacion
4391.24,11.6,14,2589.54,0.59,419.96,337.25,186.58,1244.38,0.0,280.95,120.42,0.0,0.1621755215211968,0.1302354858391838,0.07205140681356535,0.4805409454961113,0.0,0.10849417271021107,0.04650246761973169,0.0,184.96714285714285,0.0,0,0,0,0,0,0,0,1,En observacion
6348.14,34.9,25,3677.14,0.579,805.86,350.0,822.5,710.93,0.0,356.3,454.12,177.43,0.21915401643668722,0.09518266913960306,0.2236792724780672,0.1933377570611943,0.0,0.09689595718411592,0.1234981534562187,0.048252174244113634,147.0856,1.0,0,0,0,0,1,0,0,0,En observacion
7702.65,41.2,26,3656.74,0.475,1062.16,697.19,809.63,358.88,0.0,496.68,114.31,117.89,0.2904663716862561,0.19065889289367036,0.2214075925551174,0.09814206096140278,0.0,0.1358258995717497,0.031260084118641195,0.032239098213162544,140.64384615384614,0.0,1,0,0,0,0,0,0,0,En observacion
4161.83,50.5,10,1143.22,0.275,380.32,125.95,0.0,407.87,0.0,100.36,0.0,128.72,0.3326743758856563,0.11017127062157765,0.0,0.35677297458057067,0.0,0.08778712758699113,0.0,0.11259425132520424,114.322,1.0,0,0,0,0,0,0,0,1,En observacion
11844.72,40.2,18,3573.06,0.302,668.21,464.85,172.71,1448.25,367.67,285.59,0.0,165.78,0.18701337229153725,0.13009857097277963,0.048336719786401576,0.40532484760961196,0.10290059500820026,0.0799286885750589,0.0,0.04639720575641047,198.50333333333333,1.0,0,0,0,0,0,0,0,1,En observacion
4097.34,14.5,8,908.31,0.222,281.14,316.01,68.89,0.0,0.0,0.0,0.0,242.27,0.3095198775748368,0.3479098545650714,0.07584415012495735,0.0,0.0,0.0,0.0,0.2667261177351345,113.53875,1.0,0,0,0,0,0,0,1,0,Saludable
1464.77,46.3,26,2545.87,1.738,880.35,504.45,234.23,191.09,52.03,324.23,342.41,17.08,0.3457953469737261,0.1981444457101109,0.09200391221861288,0.07505882075675506,0.020437021528986164,0.12735528522666123,0.13449626257428698,0.006708905010860727,97.91807692307692,1.0,1,0,0,0,0,0,0,0,En riesgo
2595.26,74.6,19,3531.22,1.361,601.8,93.97,36.47,1703.49,315.17,300.18,0.0,480.14,0.17042268677680802,0.02661119952877476,0.010327875351861396,0.4824083461240025,0.08925243966674408,0.0850074478508844,0.0,0.1359700047009249,185.8536842105263,0.0,0,0,0,0,0,0,0,1,En riesgo
1719.74,48.1,25,3266.78,1.9,446.56,437.39,530.59,501.13,379.1,220.66,520.08,231.27,0.13669729825699925,0.1338902527871482,0.1624198752288186,0.15340182075315753,0.11604699428795327,0.0675466361371136,0.15920263990841135,0.07079448264039818,130.6712,0.0,0,0,0,0,1,0,0,0,En riesgo
2812.34,72.4,18,1673.23,0.595,242.37,486.53,328.26,0.0,154.7,183.55,204.15,73.67,0.1448515744996205,0.29077293617733363,0.19618342965402244,0.0,0.09245590863180793,0.10969800923961441,0.12200952648470324,0.04402861531289781,92.95722222222223,1.0,0,0,0,0,0,0,1,0,En observacion
3308.21,41.1,9,1869.28,0.565,281.05,291.63,0.0,1148.48,0.0,31.35,0.0,116.77,0.1503520071899341,0.15601194042626038,0.0,0.6143969870752375,0.0,0.016771163228622786,0.0,0.062467902079945216,207.6977777777778,0.0,0,0,0,0,0,0,0,1,En observacion
2644.14,7.6,16,1464.01,0.554,144.34,145.49,64.61,0.0,195.89,255.51,225.32,432.85,0.09859222273071906,0.09937773649087098,0.044132212211665224,0.0,0.13380373084883299,0.17452749639688253,0.15390605255428583,0.2956605487667434,91.500625,0.0,0,0,0,1,0,0,0,0,En observacion
3321.76,42.8,10,1652.62,0.498,672.39,139.07,238.69,439.75,0.0,120.72,42.0,0.0,0.4068630417155789,0.084151226537256,0.14443126671588147,0.2660926286744684,0.0,0.07304764555675232,0.025414190800062932,0.0,165.262,1.0,1,0,0,0,0,0,0,0,En observacion
4471.46,52.5,26,3642.07,0.815,1468.76,345.62,939.86,306.09,0.0,299.77,230.85,51.12,0.4032761588876655,0.09489658353628568,0.2580565447671242,0.08404286573294856,0.0,0.0823075888162501,0.06338428421200032,0.014035974047725606,140.07961538461538,2.0,1,0,0,0,0,0,0,0,En observacion
2665.31,50.2,26,3157.79,1.185,837.77,536.97,707.08,0.0,434.07,274.4,241.18,126.32,0.2653026325373125,0.1700461398636388,0.22391609321709172,0.0,0.13746005909195988,0.0868962153911438,0.07637619981062706,0.040002660088226255,121.45346153846154,2.0,1,0,0,0,0,0,0,0,Saludable
4148.3,28.6,14,2157.4,0.52,696.22,95.04,555.26,354.71,0.0,152.07,0.0,304.1,0.3227125243348475,0.0440530267915083,0.25737461759525354,0.16441550013905626,0.0,0.07048762399184202,0.0,0.14095670714749237,154.1,1.0,1,0,0,0,0,0,0,0,Saludable
1774.94,73.8,17,2203.17,1.241,356.29,459.22,403.53,0.0,582.45,85.64,181.21,134.83,0.16171698053259623,0.20843602627123645,0.1831588120753278,0.0,0.26436906820626643,0.03887126277137034,0.08224966752452148,0.06119818261868127,129.59823529411764,1.0,0,1,0,0,0,0,0,0,En riesgo
2041.21,62.4,13,1433.21,0.702,237.31,279.03,270.33,0.0,0.0,43.09,236.82,366.63,0.16557936380572283,0.19468884531924838,0.1886185555501287,0.0,0.0,0.030065377718547878,0.1652374739221747,0.25581038368417747,110.24692307692308,0.0,0,0,0,1,0,0,0,0,En riesgo
3370.71,10.0,12,1702.38,0.505,483.62,0.0,389.69,0.0,0.0,237.63,254.57,336.87,0.28408463445294235,0.0,0.22890893924975622,0.0,0.0,0.13958693123744403,0.1495377060350803,0.19788178902477707,141.865,1.0,1,0,0,0,0,0,0,0,Saludable
1813.68,21.4,17,1450.75,0.8,432.85,123.51,341.6,0.0,0.0,187.39,126.81,238.59,0.2983629157332414,0.08513527485783216,0.23546441495778048,0.0,0.0,0.129167671893848,0.08740996036532828,0.16445976219196967,85.33823529411765,0.0,1,0,0,0,0,0,0,0,En observacion
4026.02,48.2,12,1507.31,0.374,270.63,214.23,426.32,0.0,0.0,208.32,87.06,300.75,0.17954501728244357,0.1421273659698403,0.2828349841771102,0.0,0.0,0.1382064737844239,0.05775852346232693,0.1995276353238551,125.60916666666667,1.0,0,0,0,0,1,0,0,0,En observacion
9890.01,83.9,23,2814.11,0.285,1290.49,45.09,15.49,502.45,28.29,577.12,152.02,203.16,0.4585783782439208,0.01602282782122945,0.005504404589728191,0.17854668083337183,0.010052911933080085,0.20508082484337853,0.05402063174502773,0.07219333999026335,122.35260869565218,1.0,1,0,0,0,0,0,0,0,En observacion
2646.56,25.0,23,2395.39,0.905,620.83,387.48,423.46,0.0,189.05,413.89,25.34,335.34,0.2591770024922873,0.16176071537411446,0.17678123395355244,0.0,0.0789224301679476,0.17278605989003878,0.0105786531629505,0.13999390495910896,104.14739130434782,1.0,1,0,0,0,0,0,0,0,En observacion
2363.49,44.5,25,3194.76,1.352,104.01,645.42,374.65,617.08,221.39,437.32,606.65,188.24,0.03255643616421891,0.2020245652255568,0.11727015487861371,0.19315378933002791,0.06929785022975121,0.13688665189247393,0.18988906834942215,0.058921483929935264,127.7904,1.0,0,0,0,0,0,0,1,0,En riesgo
5144.88,30.2,8,885.37,0.172,195.76,0.0,139.4,0.0,290.94,90.33,49.13,119.81,0.22110530060878503,0.0,0.15744829845149486,0.0,0.3286083784180625,0.10202514203101527,0.0554909246981488,0.13532195579249354,110.67125,0.0,0,1,0,0,0,0,0,0,En observacion
7973.46,37.0,9,1322.9,0.166,494.45,73.56,0.0,523.95,0.0,96.74,134.2,0.0,0.37376218912994175,0.05560510998563761,0.0,0.39606168266686825,0.0,0.07312722050041574,0.10144379771713657,0.0,146.9888888888889,2.0,0,0,0,0,0,0,0,1,Saludable
3275.85,49.8,24,3286.22,1.003,959.72,182.79,189.39,1262.27,0.0,236.54,371.52,83.99,0.2920437463103505,0.055623177997821203,0.05763156453311099,0.38411001089397545,0.0,0.07197935622082514,0.11305390387740322,0.0255582401665135,136.92583333333332,1.0,0,0,0,0,0,0,0,1,En riesgo
3744.77,61.5,9,1199.53,0.32,386.5,121.76,27.07,451.42,0.0,0.0,212.78,0.0,0.32220953206672615,0.10150642334914509,0.02256717214242245,0.3763307295357349,0.0,0.0,0.17738614290597152,0.0,133.2811111111111,1.0,0,0,0,0,0,0,0,1,En observacion
2406.78,51.4,8,969.95,0.403,242.88,318.82,0.0,0.0,186.5,175.04,46.71,0.0,0.25040466003402234,0.32869735553379037,0.0,0.0,0.1922779524717769,0.18046291045930202,0.048157121501108305,0.0,121.24375,0.0,0,0,0,0,0,0,1,0,En riesgo
3664.79,45.4,26,3636.78,0.992,1536.28,470.06,276.53,469.02,526.1,358.79,0.0,0.0,0.4224286319216449,0.1292517006802721,0.07603704375848964,0.128965733423523,0.14466093632279103,0.09865595389327922,0.0,0.0,139.87615384615384,0.0,1,0,0,0,0,0,0,0,En riesgo
2324.12,20.4,20,2744.77,1.181,754.86,470.3,0.0,913.08,0.0,58.31,250.12,298.1,0.2750175788863912,0.17134404704219297,0.0,0.332661753079493,0.0,0.021244038662620184,0.09112603241801681,0.10860654991128584,137.2385,0.0,0,0,0,0,0,0,0,1,En riesgo
3826.03,43.0,15,1745.06,0.456,404.64,381.66,15.53,599.98,0.0,20.56,322.69,0.0,0.23187741395711323,0.218708812304448,0.00889940747023025,0.3438162584667576,0.0,0.011781829851122597,0.18491627795032836,0.0,116.33733333333333,1.0,0,0,0,0,0,0,0,1,En observacion
1844.48,49.5,16,2359.44,1.279,369.78,21.48,265.02,0.0,746.61,411.11,545.44,0.0,0.15672362933577458,0.009103855152069983,0.11232326314718746,0.0,0.31643525582341575,0.17424049774522768,0.23117349879632457,0.0,147.465,0.0,0,1,0,0,0,0,0,0,En riesgo
8755.53,27.6,17,1721.57,0.197,1067.64,365.87,109.3,0.0,0.0,102.95,0.0,75.81,0.6201548586464681,0.21252112896948716,0.06348855986105706,0.0,0.0,0.059800066218626026,0.0,0.04403538630436172,101.26882352941176,2.0,1,0,0,0,0,0,0,0,Saludable
1813.28,17.5,22,3594.5,1.982,279.39,911.82,0.0,1551.39,344.52,128.74,197.84,180.8,0.07772708304353873,0.2536708860759494,0.0,0.4316010571706774,0.09584643204896369,0.03581582973988037,0.0550396439004034,0.050299068020587014,163.38636363636363,1.0,0,0,0,0,0,0,0,1,En observacion
8177.79,24.1,25,3195.85,0.391,571.38,656.01,1127.23,0.0,0.0,94.13,226.11,520.99,0.17878811583772705,0.2052693336670995,0.3527168046059734,0.0,0.0,0.029453822926607944,0.07075113037220146,0.16302079259039068,127.834,2.0,0,0,0,0,1,0,0,0,Saludable
4873.54,62.7,23,2545.55,0.522,868.09,627.52,174.63,410.92,0.0,349.75,114.64,0.0,0.34102256879652726,0.24651646991809234,0.06860207027950736,0.16142680363772072,0.0,0.13739663334053542,0.04503545402761682,0.0,110.67608695652174,1.0,1,0,0,0,0,0,0,0,En observacion
1526.13,16.9,21,2769.43,1.815,1073.1,441.94,609.08,412.05,0.0,233.26,0.0,0.0,0.3874804562671741,0.15957796369650074,0.2199297328331101,0.1487851290698808,0.0,0.0842267181333343,0.0,0.0,131.87761904761905,0.0,1,0,0,0,0,0,0,0,En riesgo
7687.96,79.0,25,2052.51,0.267,659.78,335.56,236.09,0.0,0.0,446.37,374.71,0.0,0.32145032180111177,0.16348763221616458,0.11502501814851084,0.0,0.0,0.21747518891503573,0.182561838919177,0.0,82.10040000000001,2.0,1,0,0,0,0,0,0,0,En observacion
7141.94,60.3,18,2835.93,0.397,407.28,546.6,348.69,851.66,56.21,237.51,387.98,0.0,0.14361426410383896,0.19274100559604787,0.12295437475537126,0.3003106564689538,0.01982065847887642,0.08375030413303572,0.13680873646387606,0.0,157.55166666666665,0.0,0,0,0,0,0,0,0,1,En riesgo
3029.35,19.2,8,1029.16,0.34,661.49,367.67,0.0,0.0,0.0,0.0,0.0,0.0,0.6427474833845077,0.35725251661549223,0.0,0.0,0.0,0.0,0.0,0.0,128.645,1.0,1,0,0,0,0,0,0,0,Saludable
10062.15,11.0,21,3165.62,0.315,535.85,606.59,627.93,627.55,414.01,83.31,222.4,47.98,0.1692717382376912,0.19161807165736888,0.19835924716169342,0.19823920748542148,0.13078322729828595,0.02631711955319969,0.07025480000758146,0.015156588598757905,150.74380952380952,2.0,0,0,0,0,1,0,0,0,Saludable
3124.75,28.3,8,1254.5,0.401,27.69,83.34,287.08,550.07,0.0,127.06,115.39,63.87,0.022072538860103626,0.06643284176962934,0.22884017536867277,0.4384774810681547,0.0,0.10128337983260263,0.09198086887206058,0.050912714228776405,156.8125,0.0,0,0,0,0,0,0,0,1,En riesgo
2989.45,57.5,13,1216.41,0.407,523.11,114.07,216.65,0.0,0.0,113.46,117.8,131.32,0.4300441462993563,0.0937759472546263,0.17810606621122813,0.0,0.0,0.09327447160085825,0.09684234756373261,0.10795702107019836,93.57000000000001,0.0,1,0,0,0,0,0,0,0,En riesgo
1402.54,33.7,10,2093.64,1.493,444.69,285.83,288.12,588.74,381.39,52.39,0.0,52.48,0.21240041267839743,0.1365229934468199,0.13761678225482893,0.28120402743547124,0.1821659884220783,0.02502340421466919,0.0,0.025066391547735045,209.36399999999998,1.0,0,0,0,0,0,0,0,1,En riesgo
1840.48,65.3,10,1291.85,0.702,393.6,193.68,251.17,0.0,0.0,55.21,398.19,0.0,0.30467933583620394,0.14992452684135157,0.1944265975151914,0.0,0.0,0.04273715988698379,0.3082323799202694,0.0,129.185,1.0,0,0,0,0,0,1,0,0,En riesgo
3518.71,30.8,10,1670.06,0.475,693.83,531.0,0.0,265.66,0.0,42.57,0.0,137.0,0.4154521394440919,0.31795264840784165,0.0,0.15907212914506066,0.0,0.025490102152018492,0.0,0.0820329808509874,167.006,0.0,1,0,0,0,0,0,0,0,En observacion
3304.06,41.4,17,2358.52,0.714,1155.2,165.6,179.02,558.2,0.0,18.4,24.39,257.71,0.48979868731238235,0.07021352373522378,0.07590353272391161,0.23667384631039806,0.0,0.007801502637247087,0.010341230941437851,0.10926767633939928,138.7364705882353,1.0,1,0,0,0,0,0,0,0,En riesgo
2460.78,54.2,14,2319.6,0.943,408.65,256.15,235.58,1191.52,0.0,92.44,135.26,0.0,0.17617261596827039,0.11042852215899293,0.1015606138989481,0.5136747715123298,0.0,0.039851698568718744,0.05831177789274013,0.0,165.68571428571428,0.0,0,0,0,0,0,0,0,1,En riesgo
2108.54,63.7,8,651.84,0.309,103.52,484.35,17.8,0.0,0.0,46.17,0.0,0.0,0.15881197839960726,0.743050441826215,0.0273073146784487,0.0,0.0,0.07083026509572901,0.0,0.0,81.48,1.0,0,0,0,0,0,0,1,0,En observacion
1804.07,32.3,11,1613.55,0.894,397.08,308.71,0.0,467.0,0.0,105.89,173.94,160.93,0.24609091754206563,0.19132347928480678,0.0,0.2894239409996591,0.0,0.06562548418084349,0.10779957237147904,0.09973660562114593,146.68636363636364,1.0,0,0,0,0,0,0,0,1,En observacion
3667.87,61.3,19,2303.67,0.628,342.91,686.97,512.48,0.0,141.9,85.43,353.22,180.76,0.14885378548142747,0.2982067744077928,0.22246241866239522,0.0,0.06159736420581073,0.0370843046096012,0.1533292528877834,0.07846609974518919,121.24578947368421,2.0,0,0,0,0,0,0,1,0,En observacion
3831.56,27.6,18,2068.22,0.54,448.11,395.56,215.25,0.0,0.0,116.99,464.99,427.32,0.21666457146725207,0.19125624933517713,0.10407500169227646,0.0,0.0,0.056565549119532745,0.2248261790331783,0.2066124493525834,114.9011111111111,0.0,0,0,0,0,0,1,0,0,En observacion
1868.58,53.0,16,1604.75,0.859,644.97,270.53,225.87,0.0,131.76,50.16,203.66,77.8,0.40191307057174014,0.16858077582177908,0.1407508957781586,0.0,0.08210624707898426,0.03125720517214519,0.12691073375915252,0.04848107181804019,100.296875,0.0,1,0,0,0,0,0,0,0,En riesgo
5068.73,43.2,10,1354.8,0.267,416.38,161.39,0.0,0.0,252.52,192.99,169.54,161.98,0.3073368762917036,0.11912459403602008,0.0,0.0,0.18638913492766462,0.14244906997342782,0.1251402421021553,0.11956008266902864,135.48,1.0,1,0,0,0,0,0,0,0,En observacion
2017.95,57.9,15,1706.99,0.846,246.51,435.06,201.33,202.33,41.79,232.04,347.93,0.0,0.1444120938025413,0.2548696828921083,0.11794445193000545,0.1185302784433418,0.02448168999232567,0.13593518415456446,0.203826618785113,0.0,113.79933333333334,0.0,0,0,0,0,0,0,1,0,En riesgo
8766.2,55.9,26,3711.14,0.423,860.65,569.67,259.72,1303.12,245.39,38.76,0.0,433.83,0.23190987136028282,0.1535026972843924,0.0699838863529805,0.35113738635567504,0.06612253916586278,0.010444230074855704,0.0,0.11689938940595074,142.73615384615385,0.0,0,0,0,0,0,0,0,1,En riesgo
3658.08,48.1,26,3197.21,0.874,1210.22,518.63,407.91,211.31,268.97,114.07,303.1,163.0,0.3785237754166914,0.16221330472505716,0.12758311152536117,0.06609199896159464,0.084126472768445,0.03567798174032985,0.09480140497496255,0.05098194988755821,122.96961538461538,0.0,1,0,0,0,0,0,0,0,En riesgo
3460.05,27.2,21,3643.91,1.053,785.4,165.03,207.01,1908.71,0.0,250.11,0.0,327.65,0.21553770537691655,0.04528926345601291,0.05680985534768971,0.5238082169976757,0.0,0.06863780938607156,0.0,0.0899171494356337,173.5195238095238,2.0,0,0,0,0,0,0,0,1,En observacion
7062.0,21.8,10,1330.46,0.188,649.56,513.23,0.0,0.0,0.0,11.83,0.0,155.84,0.48822211866572457,0.3857537994377884,0.0,0.0,0.0,0.008891661530598439,0.0,0.11713242036588849,133.046,1.0,1,0,0,0,0,0,0,0,Saludable
1993.34,35.1,14,1908.72,0.958,218.04,510.35,170.69,637.65,104.85,62.44,204.7,0.0,0.11423362253237772,0.26737813822876066,0.08942642189530156,0.33407204828366655,0.054932101093926815,0.03271302233957835,0.10724464562638836,0.0,136.33714285714285,1.0,0,0,0,0,0,0,0,1,En riesgo
3104.22,29.8,20,3446.79,1.11,910.43,366.57,210.95,816.97,262.54,266.18,613.15,0.0,0.264138517287099,0.10635112670049525,0.061201871886595934,0.23702343339745097,0.07616942140368285,0.07722547645780567,0.17789015286687032,0.0,172.3395,1.0,1,0,0,0,0,0,0,0,En observacion
2021.67,29.4,26,3813.48,1.886,564.13,487.16,502.33,701.65,572.03,393.48,162.68,430.02,0.14793049917660508,0.12774683491194394,0.1317248287653272,0.18399204925684676,0.15000209782141247,0.10318134617200038,0.0426591984224383,0.11276314547342584,146.6723076923077,0.0,0,0,0,0,0,0,0,1,En riesgo
2939.13,36.1,14,2112.19,0.719,562.81,629.4,276.97,302.38,0.0,0.0,17.43,323.2,0.26645803644558486,0.2979845563135892,0.13112930181470417,0.14315946955529568,0.0,0.0,0.008252098532802446,0.15301653733802356,150.87071428571429,0.0,0,0,0,0,0,0,1,0,En riesgo
3878.07,39.2,19,2642.69,0.681,861.56,439.38,0.0,469.6,184.18,96.67,185.0,406.3,0.32601629400345855,0.16626240686573152,0.0,0.17769772466691136,0.06969413741301476,0.036580151285243445,0.07000442730702428,0.15374485845861605,139.08894736842106,0.0,1,0,0,0,0,0,0,0,En observacion
2315.97,34.0,8,770.09,0.333,167.67,232.77,111.18,0.0,0.0,31.93,226.54,0.0,0.2177277980495786,0.3022633718136841,0.1443727356542742,0.0,0.0,0.04146268617953745,0.2941734083029256,0.0,96.26125,0.0,0,0,0,0,0,0,1,0,En observacion
2673.96,29.9,8,1044.94,0.391,697.53,157.18,0.0,0.0,0.0,87.51,102.72,0.0,0.6675311501138821,0.1504201198154918,0.0,0.0,0.0,0.08374643520202117,0.0983022948686049,0.0,130.6175,0.0,1,0,0,0,0,0,0,0,En observacion
4052.1,16.6,24,3054.87,0.754,1585.19,308.28,55.77,341.89,78.08,117.71,140.57,427.38,0.518905878155208,0.10091427785797759,0.018256096004085284,0.11191638269386259,0.025559189098063092,0.038531917888486256,0.04601505137698167,0.1399012069253356,127.28625,1.0,1,0,0,0,0,0,0,0,En observacion
7193.16,42.2,17,2215.0,0.308,733.32,545.92,145.03,302.8,0.0,248.84,152.83,86.26,0.3310699774266366,0.2464650112866817,0.0654762979683973,0.13670428893905193,0.0,0.1123431151241535,0.0689977426636569,0.038943566591422125,130.2941176470588,0.0,1,0,0,0,0,0,0,0,En observacion
3519.39,10.3,17,1681.11,0.478,694.38,358.37,0.0,164.58,0.0,176.87,286.91,0.0,0.4130485215125721,0.21317462866796344,0.0,0.09789960204864645,0.0,0.10521024799091078,0.17066699977990735,0.0,98.88882352941175,0.0,1,0,0,0,0,0,0,0,En observacion
3550.83,41.1,23,2661.34,0.749,682.95,525.78,357.53,423.98,255.29,79.06,165.3,171.45,0.256618846145175,0.19756213035538486,0.134342098341437,0.15931072316953113,0.09592536090841455,0.02970683941172492,0.06211156785679395,0.06442243381153855,115.7104347826087,2.0,1,0,0,0,0,0,0,0,En observacion
3057.93,56.2,9,1310.75,0.429,699.22,131.75,0.0,0.0,271.09,0.0,128.69,80.0,0.5334503147053214,0.10051497234407782,0.0,0.0,0.20682052260156397,0.0,0.09818043105092504,0.06103375929811177,145.63888888888889,1.0,1,0,0,0,0,0,0,0,En observacion
5495.39,16.4,19,3069.86,0.559,1367.49,316.26,654.29,402.58,200.57,100.95,0.0,27.72,0.44545679607539107,0.10302098467031069,0.21313349794453165,0.13113953079293517,0.06533522701360973,0.032884235763194415,0.0,0.009029727740027232,161.57157894736844,1.0,1,0,0,0,0,0,0,0,Saludable
1884.46,25.5,17,3023.59,1.604,638.66,961.55,0.0,548.91,396.72,301.97,0.0,175.78,0.2112257283560271,0.3180160008466756,0.0,0.18154247103608623,0.13120826567094085,0.09987134499055758,0.0,0.05813618909971259,177.85823529411766,1.0,0,0,0,0,0,0,1,0,En observacion
4385.51,10.7,24,3684.66,0.84,1318.4,495.26,288.47,513.23,292.75,180.08,464.42,132.05,0.3578077760227538,0.13441131610514945,0.07828944868726016,0.13928829254259553,0.07945102126112043,0.04887289464970988,0.1260414800822871,0.03583777064912367,153.5275,2.0,1,0,0,0,0,0,0,0,Saludable
3901.58,48.7,11,1594.37,0.409,445.89,235.45,0.0,649.35,41.34,85.9,0.0,136.44,0.2796653223530297,0.14767588451865,0.0,0.40727685543506215,0.02592873674241237,0.05387707997516261,0.0,0.08557612097568319,144.94272727272727,0.0,0,0,0,0,0,0,0,1,En observacion
5956.62,59.7,20,2277.41,0.382,304.96,680.57,418.88,215.22,225.61,215.86,216.31,0.0,0.1339064990493587,0.2988350802007544,0.1839282342661181,0.09450208789809478,0.09906428794112612,0.0947831088824586,0.09498070176208939,0.0,113.87049999999999,1.0,0,0,0,0,0,0,1,0,En observacion
4107.2,58.6,20,2445.28,0.595,395.31,493.2,248.01,543.06,426.45,86.04,235.16,18.05,0.16166246810181245,0.2016946934502388,0.10142396780736765,0.22208499640123008,0.17439720604593337,0.035186154550808084,0.09616894588758751,0.0073815677550219195,122.26400000000001,1.0,0,0,0,0,0,0,0,1,En observacion
3682.64,41.8,21,2135.45,0.58,291.76,773.74,296.11,259.66,0.0,251.82,141.48,120.88,0.1366269404575148,0.3623311245873235,0.13866398183052756,0.12159497998080032,0.0,0.11792362265564636,0.06625301458708938,0.056606335901098134,101.68809523809523,0.0,0,0,0,0,0,0,1,0,En observacion
3645.54,56.9,15,2068.42,0.567,348.59,536.91,0.0,571.84,0.0,139.1,0.0,471.98,0.1685296023051411,0.2595749412595121,0.0,0.27646222720724034,0.0,0.06724939809129674,0.0,0.22818383113680973,137.89466666666667,1.0,0,0,0,0,0,0,0,1,En observacion
6164.35,0.5,8,1801.91,0.292,57.98,64.64,237.07,1099.48,250.99,91.75,0.0,0.0,0.03217696777308522,0.03587304582359829,0.13156594946473463,0.6101747590057217,0.1392910855703115,0.050918192362548624,0.0,0.0,225.23875,2.0,0,0,0,0,0,0,0,1,Saludable
2281.09,11.9,19,3171.0,1.39,555.65,747.84,395.89,538.48,247.94,223.84,113.42,347.94,0.17522863450015766,0.235837275307474,0.12484705140334279,0.16981393882056134,0.07818984547461369,0.07058971933144119,0.03576789656259855,0.10972563859981078,166.89473684210526,0.0,0,0,0,0,0,0,1,0,En riesgo
1524.12,22.2,14,1538.64,1.01,502.51,375.56,160.03,0.0,171.93,160.91,46.42,121.28,0.32659361514064367,0.24408568606041697,0.10400743513752404,0.0,0.11174153798159413,0.10457936879321998,0.030169500337960797,0.07882285654864035,109.90285714285714,0.0,1,0,0,0,0,0,0,0,En riesgo
3430.91,18.3,18,2775.64,0.809,605.01,538.64,0.0,614.76,376.88,173.82,196.29,270.24,0.2179713507515384,0.19405974838235507,0.0,0.22148405412805697,0.1357812972863916,0.06262339496476488,0.07071882520787999,0.09736132927901314,154.20222222222222,1.0,0,0,0,0,0,0,0,1,En observacion
1962.99,34.3,15,1539.62,0.784,543.68,336.73,0.0,0.0,39.14,116.76,365.94,137.37,0.3531260960496746,0.21870981151193156,0.0,0.0,0.02542185734142191,0.0758368948182019,0.23768202543484757,0.08922331484392254,102.64133333333332,1.0,1,0,0,0,0,0,0,0,En observacion
5439.34,62.8,22,3292.85,0.605,1451.91,332.08,554.85,491.66,69.95,185.41,57.93,149.06,0.44092807142748686,0.10084880878266547,0.16850145011160547,0.1493113867925961,0.021242996188711907,0.05630684665259578,0.017592662890808873,0.04526777715352962,149.67499999999998,0.0,1,0,0,0,0,0,0,0,En riesgo
4577.11,38.9,19,2607.33,0.57,882.36,303.33,41.05,1052.0,0.0,112.01,216.58,0.0,0.33841516033643615,0.11633740263027695,0.015744075356782607,0.4034778873406895,0.0,0.04295965604660707,0.08306581828920774,0.0,137.2278947368421,2.0,0,0,0,0,0,0,0,1,Saludable
2815.51,76.3,18,1885.11,0.67,702.94,338.97,347.28,0.0,0.0,220.53,219.74,55.65,0.3728907066431137,0.17981444053662654,0.1842226713560482,0.0,0.0,0.11698521571685473,0.11656614202884713,0.029520823718509795,104.72833333333332,0.0,1,0,0,0,0,0,0,0,En riesgo
5810.89,34.1,23,3420.78,0.589,1141.6,597.62,0.0,591.89,607.72,225.15,222.44,34.36,0.3337250568583773,0.17470284554984536,0.0,0.173027788983799,0.17765538853711726,0.06581832213705646,0.0650261051573033,0.010044492776501265,148.72956521739133,1.0,1,0,0,0,0,0,0,0,En observacion
2137.85,25.3,19,2328.33,1.089,675.6,397.9,227.36,507.03,0.0,326.79,0.0,193.65,0.2901650539227687,0.1708950191768349,0.0976493881881005,0.21776552292845086,0.0,0.14035381582507636,0.0,0.08317119995876873,122.54368421052631,0.0,1,0,0,0,0,0,0,0,En riesgo
4719.95,23.0,10,1461.45,0.31,683.62,195.59,0.0,0.0,358.86,0.0,136.18,87.2,0.46776831229258614,0.13383283725067568,0.0,0.0,0.24555065174997434,0.0,0.09318142940230593,0.059666769304457905,146.145,2.0,1,0,0,0,0,0,0,0,Saludable
3906.0,52.5,19,2538.53,0.65,135.07,520.65,240.6,356.82,565.93,240.48,258.21,220.77,0.05320795893686503,0.20509901399628916,0.09477926201384265,0.1405616636399806,0.22293610869282612,0.09473199056146667,0.10171634765001791,0.08696765450871173,133.60684210526315,1.0,0,1,0,0,0,0,0,0,En observacion
7899.15,39.6,8,866.4,0.11,493.12,192.5,51.31,0.0,0.0,77.4,52.07,0.0,0.5691597414589105,0.22218374884579872,0.05922206832871653,0.0,0.0,0.08933518005540167,0.06009926131117267,0.0,108.3,1.0,1,0,0,0,0,0,0,0,En observacion
6207.75,15.7,14,2289.72,0.369,487.22,481.56,474.34,432.87,0.0,383.88,29.85,0.0,0.21278584281047466,0.21031392484670616,0.2071607008717223,0.18904931607358108,0.0,0.1676536869136838,0.013036528483832086,0.0,163.55142857142854,0.0,1,0,0,0,0,0,0,0,En observacion
1753.92,55.7,26,3482.16,1.985,1299.03,420.38,582.99,447.12,107.02,246.54,93.99,285.09,0.37305293266248535,0.12072391848737565,0.1674219449996554,0.12840306016954994,0.030733797413099916,0.07080088221104143,0.026991867116961884,0.08187159693983044,133.92923076923077,0.0,1,0,0,0,0,0,0,0,En riesgo
8084.78,60.5,24,2529.25,0.313,317.23,719.58,317.08,425.89,0.0,371.19,67.07,311.21,0.1254245329643175,0.28450331125827816,0.12536522684590293,0.16838588514381733,0.0,0.14675892062864485,0.026517742413759017,0.12304438074528021,105.38541666666667,0.0,0,0,0,0,0,0,1,0,En riesgo
7096.74,53.6,12,1731.55,0.244,222.45,218.6,442.48,0.0,365.23,118.28,114.37,250.14,0.12846871300280097,0.12624527157748838,0.25553983425254834,0.0,0.2109266264329647,0.06830874072362912,0.06605064826311687,0.1444601657474517,144.29583333333332,1.0,0,0,0,0,1,0,0,0,En observacion
3697.91,30.8,9,1059.74,0.287,209.99,627.27,95.77,0.0,102.53,24.18,0.0,0.0,0.19815237699813162,0.5919093362522883,0.09037122313020174,0.0,0.09675014626229075,0.022816917357087588,0.0,0.0,117.74888888888889,1.0,0,0,0,0,0,0,1,0,En observacion
2846.35,18.8,9,1003.2,0.352,523.99,256.67,0.0,0.0,0.0,104.45,118.09,0.0,0.5223185805422648,0.2558512759170654,0.0,0.0,0.0,0.10411682615629984,0.11771331738437002,0.0,111.46666666666667,0.0,1,0,0,0,0,0,0,0,En observacion
3064.29,50.3,8,534.73,0.175,190.16,106.13,0.0,0.0,0.0,147.41,38.3,52.73,0.3556187234679184,0.1984739962223926,0.0,0.0,0.0,0.2756718343837076,0.07162493220877826,0.09861051371720307,66.84125,1.0,1,0,0,0,0,0,0,0,En observacion
3830.64,3.9,14,2315.19,0.604,1117.47,135.09,103.7,578.19,216.21,99.08,0.0,65.45,0.4826688090394309,0.05834942272556464,0.04479114025198796,0.24973760252938207,0.09338758374042735,0.04279562368531308,0.0,0.02826981802789404,165.37071428571429,1.0,1,0,0,0,0,0,0,0,Saludable
4309.92,8.3,14,1701.6,0.395,493.01,926.4,0.0,0.0,0.0,11.02,162.09,109.08,0.2897331922896098,0.5444287729196051,0.0,0.0,0.0,0.00647625763986836,0.09525740479548661,0.06410437235543019,121.54285714285713,0.0,0,0,0,0,0,0,1,0,En observacion
6975.31,14.1,16,2193.34,0.314,323.67,68.53,498.9,768.54,74.13,0.0,147.98,311.59,0.14756946027519674,0.03124458588271768,0.22746131470725012,0.35039711125498096,0.03379776961164251,0.0,0.06746788003683879,0.14206187823137315,137.08375,0.0,0,0,0,0,0,0,0,1,En observacion
4389.83,38.5,9,2013.54,0.459,463.08,258.63,0.0,1034.58,0.0,0.0,148.53,108.72,0.22998301498852766,0.12844542447629548,0.0,0.5138114961709228,0.0,0.0,0.07376560684168182,0.05399445752257219,223.72666666666666,2.0,0,0,0,0,0,0,0,1,Saludable
3620.23,30.9,23,2902.89,0.802,986.55,611.53,520.19,0.0,0.0,418.96,66.77,298.89,0.33985097609623516,0.21066247773770277,0.17919728270792212,0.0,0.0,0.14432513805207914,0.023001216029542974,0.10296290937651788,126.21260869565216,0.0,1,0,0,0,0,0,0,0,En riesgo
5219.79,17.7,14,2501.98,0.479,841.69,0.0,236.13,910.63,267.4,77.48,50.03,118.62,0.33640956362560853,0.0,0.09437725321545336,0.3639637407173519,0.1068753547190625,0.03096747376078146,0.01999616303887321,0.047410450922869087,178.71285714285713,1.0,0,0,0,0,0,0,0,1,Saludable
3478.68,28.9,8,1024.79,0.295,343.24,505.0,0.0,0.0,0.0,0.0,0.0,176.55,0.33493691390431213,0.49278388743059554,0.0,0.0,0.0,0.0,0.0,0.17227919866509236,128.09875,1.0,0,0,0,0,0,0,1,0,Saludable
3372.03,17.7,12,2289.31,0.679,586.59,156.3,0.0,1139.91,0.0,186.21,88.01,132.29,0.25623004311342723,0.06827384670490236,0.0,0.49792732307988,0.0,0.08133891871349884,0.038443897943048345,0.05778597044524333,190.77583333333334,1.0,0,0,0,0,0,0,0,1,Saludable
1674.83,16.8,10,1289.56,0.77,363.58,311.31,0.0,363.92,0.0,250.75,0.0,0.0,0.28194112720617887,0.24140792208195044,0.0,0.2822047830267688,0.0,0.1944461676851019,0.0,0.0,128.956,0.0,0,0,0,0,0,0,0,1,En observacion
4519.31,69.2,10,1005.25,0.222,310.5,124.46,0.0,0.0,84.91,25.51,401.11,58.76,0.30887838846058197,0.12380999751305645,0.0,0.0,0.08446655060930117,0.025376771947276798,0.39901517035563294,0.058453121114150706,100.525,0.0,0,0,0,0,0,1,0,0,En riesgo
2812.36,30.0,19,2705.8,0.962,727.66,137.65,286.45,675.81,127.41,339.77,242.49,168.56,0.26892601079163275,0.05087220045827481,0.10586517850543277,0.24976347106216273,0.047087737452878996,0.1255709956389977,0.08961859708773745,0.062295809002882695,142.4105263157895,1.0,1,0,0,0,0,0,0,0,En observacion
5221.33,61.7,13,1999.11,0.383,312.94,596.84,174.54,578.13,210.82,0.0,95.87,29.97,0.15653966014876622,0.29855285602092935,0.0873088524393355,0.2891936911925807,0.10545692833310824,0.0,0.047956340571554346,0.014991671293725709,153.7776923076923,0.0,0,0,0,0,0,0,1,0,En riesgo
2163.66,38.2,23,2904.25,1.342,1687.9,97.81,20.43,170.94,205.69,149.17,130.24,442.07,0.581182749418955,0.03367823017990876,0.0070345183782387875,0.05885856933803908,0.07082379271756908,0.05136265817336661,0.04484462425755359,0.15221485753636912,126.27173913043478,1.0,1,0,0,0,0,0,0,0,En riesgo
3718.9,70.2,10,1411.47,0.38,518.93,0.0,290.65,451.36,0.0,0.0,150.53,0.0,0.3676521640559133,0.0,0.20592006914776792,0.31978008742658365,0.0,0.0,0.1066476793697351,0.0,141.147,0.0,1,0,0,0,0,0,0,0,En riesgo
1871.89,55.9,9,1479.59,0.79,242.06,55.26,527.47,0.0,376.17,170.58,108.05,0.0,0.16359937550267306,0.037348184294297745,0.356497408065748,0.0,0.25423935009022774,0.11528869484113843,0.07302698720591515,0.0,164.39888888888888,1.0,0,0,0,0,1,0,0,0,En riesgo
4910.66,46.5,25,3983.56,0.811,635.67,752.8,714.67,833.38,379.02,157.6,314.47,195.95,0.15957334645392562,0.1889766942132163,0.1794048539497334,0.20920483185894023,0.0951460502665957,0.039562602295434235,0.0789419514203376,0.04918966954181687,159.3424,1.0,0,0,0,0,0,0,0,1,En observacion
3782.49,23.0,26,3403.76,0.9,1481.66,382.23,42.05,817.99,0.0,453.91,46.32,179.6,0.43530096128986767,0.11229640162643664,0.0123539850048182,0.24031952899146825,0.0,0.1333554657202623,0.013608480033844924,0.052765177333301994,130.91384615384615,2.0,1,0,0,0,0,0,0,0,Saludable
3676.23,29.7,22,2623.59,0.714,588.3,317.56,436.65,327.28,242.44,361.72,349.64,0.0,0.22423473179879475,0.12104025400310262,0.16643225503984996,0.12474510117815663,0.09240773139095666,0.1378721522798913,0.133267774309248,0.0,119.25409090909092,1.0,1,0,0,0,0,0,0,0,En riesgo
10876.76,31.4,22,3109.83,0.286,1173.52,128.19,48.89,450.3,709.2,287.51,99.58,212.64,0.3773582478785014,0.04122090275031111,0.015721116588366568,0.14479891183762458,0.22805105102208162,0.09245199898386729,0.03202104295090085,0.06837672798834663,141.35590909090908,2.0,1,0,0,0,0,0,0,0,Saludable
2315.98,4.5,20,2505.34,1.082,975.55,484.27,169.91,190.86,343.98,181.55,110.92,48.3,0.38938826666240905,0.1932951216202192,0.06781913832054731,0.07618127679277065,0.13729872991290604,0.07246521430225039,0.04427343194935617,0.019278820439541138,125.26700000000001,0.0,1,0,0,0,0,0,0,0,En riesgo
5253.38,56.4,26,3370.61,0.642,1431.79,80.45,440.27,342.78,0.0,274.24,466.99,334.09,0.4247866113255464,0.023868083225291565,0.13062027348165464,0.1016967255185263,0.0,0.08136212733006785,0.13854762194380246,0.09911855717511073,129.63884615384615,1.0,1,0,0,0,0,0,0,0,En observacion
3848.9,51.4,8,798.01,0.207,361.27,0.0,60.4,0.0,0.0,296.73,0.0,79.61,0.45271362514254204,0.0,0.07568827458302528,0.0,0.0,0.37183744564604454,0.0,0.09976065462838811,99.75125,2.0,1,0,0,0,0,0,0,0,En riesgo
7758.58,33.0,14,2137.04,0.275,218.58,449.26,121.25,1194.24,0.0,9.87,76.9,66.94,0.102281660614682,0.210225358439711,0.056737356343353425,0.5588290345524651,0.0,0.004618537790588852,0.03598435218807323,0.03132370007112642,152.6457142857143,2.0,0,0,0,0,0,0,0,1,Saludable
3362.28,48.8,17,1809.22,0.538,330.15,657.94,0.0,0.0,379.87,190.38,250.88,0.0,0.18248195354904323,0.3636594775649175,0.0,0.0,0.20996340964614585,0.10522766717148826,0.13866749206840517,0.0,106.42470588235294,1.0,0,0,0,0,0,0,1,0,En observacion
4333.07,45.2,9,1164.05,0.269,462.78,475.85,116.18,0.0,45.53,0.0,0.0,63.71,0.397560242257635,0.40878828229027964,0.09980670933379152,0.0,0.0391134401443237,0.0,0.0,0.054731325973970193,129.33888888888887,0.0,0,0,0,0,0,0,1,0,En observacion
3525.13,55.2,10,1665.89,0.473,137.52,186.83,63.04,918.91,134.4,100.38,100.25,24.56,0.08255046851832955,0.1121502620221023,0.03784163420153792,0.5516030470199113,0.08067759575962398,0.060256079332969156,0.06017804296802309,0.014742870177502714,166.589,2.0,0,0,0,0,0,0,0,1,En observacion
1820.71,62.7,12,1615.72,0.887,359.74,0.0,244.19,580.83,0.0,72.35,196.19,162.42,0.22264996410269106,0.0,0.15113385982719776,0.3594867922659867,0.0,0.04477879830663729,0.12142574208402446,0.10052484341346273,134.64333333333335,2.0,0,0,0,0,0,0,0,1,En observacion
5127.73,27.7,24,3545.18,0.691,1294.12,483.14,0.0,413.61,718.12,198.63,348.79,88.77,0.36503647205501555,0.13628080943703846,0.0,0.11666826508103961,0.202562352264201,0.05602818474661371,0.09838428514208024,0.025039631274011476,147.71583333333334,2.0,1,0,0,0,0,0,0,0,Saludable
2761.27,36.3,13,1696.98,0.615,0.0,352.27,0.0,632.92,90.54,317.08,120.45,183.72,0.0,0.2075864182253179,0.0,0.3729684498344117,0.05335360463882898,0.18684957984183667,0.07097903334158329,0.10826291411802143,130.53692307692307,0.0,0,0,0,0,0,0,0,1,En observacion
4861.64,69.5,17,2349.51,0.483,614.3,110.64,457.28,551.85,0.0,352.6,125.41,137.43,0.26145877225464026,0.047090669969482996,0.1946278160127005,0.23487876195462032,0.0,0.15007384518474065,0.05337708713731799,0.05849304748649718,138.2064705882353,0.0,1,0,0,0,0,0,0,0,En riesgo
2176.7,31.6,13,1121.04,0.515,159.78,81.6,536.53,0.0,0.0,199.4,0.0,143.73,0.14252836651680584,0.07278955255833869,0.47860022835938054,0.0,0.0,0.17787054877613645,0.0,0.12821130378933845,86.23384615384614,1.0,0,0,0,0,1,0,0,0,En observacion
5256.46,63.7,19,1879.01,0.357,989.34,143.73,0.0,0.0,0.0,345.73,208.72,191.49,0.5265219450668172,0.07649240823625206,0.0,0.0,0.0,0.18399582759006072,0.1110797707303314,0.10191004837653872,98.89526315789473,2.0,1,0,0,0,0,0,0,0,En observacion
3838.31,25.2,20,2481.21,0.646,972.69,567.65,622.93,0.0,74.44,0.0,111.68,131.82,0.39202244066403086,0.22877950677290515,0.2510589591368727,0.0,0.030001491207918715,0.0,0.04501029739522249,0.05312730482305004,124.0605,1.0,1,0,0,0,0,0,0,0,Saludable
3185.3,14.5,22,2263.3,0.711,952.04,1036.58,26.61,0.0,30.4,127.66,90.01,0.0,0.42064242477797903,0.45799496310696763,0.011757168735916581,0.0,0.01343171475279459,0.05640436530729465,0.03976936331904741,0.0,102.87727272727274,0.0,0,0,0,0,0,0,1,0,En observacion
3688.07,13.5,8,1281.77,0.348,480.84,115.09,0.0,294.75,0.0,179.46,129.11,82.52,0.375137505168634,0.08978989990403895,0.0,0.22995545222621844,0.0,0.1400095180882686,0.10072789970119446,0.06437972491164562,160.22125,2.0,1,0,0,0,0,0,0,0,Saludable
2995.85,21.0,22,3194.19,1.066,626.61,919.0,663.78,549.43,0.0,149.54,138.72,147.11,0.196171799423328,0.2877098732385988,0.2078085524029566,0.17200917916592312,0.0,0.046816250755277546,0.04342885050670123,0.04605549450721467,145.19045454545454,2.0,0,0,0,0,0,0,1,0,En observacion
3130.03,18.2,12,1444.83,0.462,404.4,103.7,347.47,0.0,224.45,129.45,57.51,177.85,0.279894520462615,0.07177314978232734,0.24049196099195064,0.0,0.1553469958403411,0.08959531571188306,0.039803990780922324,0.12309406642996062,120.40249999999999,1.0,1,0,0,0,0,0,0,0,Saludable
2453.28,44.9,9,1204.77,0.491,0.0,20.0,153.87,506.96,74.58,247.57,54.78,147.01,0.0,0.01660067896776978,0.12771732363853683,0.4207940104750284,0.061903931870813514,0.20549150460253823,0.045469259692721434,0.12202329075259177,133.86333333333334,1.0,0,0,0,0,0,0,0,1,En observacion
1665.67,21.8,23,2956.96,1.775,695.49,516.18,508.05,559.18,0.0,205.02,276.78,196.26,0.23520439911260213,0.17456441750987498,0.17181497213354255,0.18910637952491746,0.0,0.06933472214706997,0.09360288945403386,0.06637222011795899,128.56347826086957,1.0,1,0,0,0,0,0,0,0,En observacion
4152.57,27.5,20,2471.29,0.595,847.59,657.62,258.32,202.61,0.0,260.12,155.32,89.71,0.3429747217040493,0.26610393761962375,0.10452840419376115,0.0819855217315653,0.0,0.10525676873211967,0.06284976672102424,0.03630087929785658,123.5645,0.0,1,0,0,0,0,0,0,0,En observacion
3928.31,79.2,18,2087.12,0.531,887.28,392.19,326.84,0.0,0.0,157.91,26.28,296.62,0.42512169880026063,0.1879096554103262,0.15659856644562842,0.0,0.0,0.07565928168960098,0.012591513664762927,0.14211928398942084,115.9511111111111,1.0,1,0,0,0,0,0,0,0,En observacion
3524.81,25.5,20,1869.17,0.53,653.77,396.96,0.0,234.12,0.0,186.46,83.68,314.18,0.34976486889903,0.2123723363845985,0.0,0.12525345474194427,0.0,0.09975550645473659,0.04476853362722492,0.16808529989246565,93.4585,1.0,1,0,0,0,0,0,0,0,Saludable
5533.96,47.4,14,1453.31,0.263,390.49,539.99,57.48,0.0,0.0,232.97,103.88,128.5,0.26869009364829255,0.3715587176858344,0.039551093710220114,0.0,0.0,0.16030303238813468,0.07147821180615285,0.08841885076136544,103.80785714285715,2.0,0,0,0,0,0,0,1,0,Saludable
2072.34,26.7,16,2296.8,1.108,458.59,734.19,0.0,652.02,0.0,164.15,118.41,169.44,0.19966475095785438,0.31965778474399165,0.0,0.2838819226750261,0.0,0.07146900034831069,0.05155433646812957,0.07377220480668756,143.55,2.0,0,0,0,0,0,0,1,0,En observacion
4144.15,26.4,13,1841.75,0.444,568.35,557.9,217.18,180.7,0.0,0.0,317.62,0.0,0.30859237138591017,0.30291841998099633,0.11792045608795983,0.0981132075471698,0.0,0.0,0.1724555449979639,0.0,141.67307692307693,0.0,1,0,0,0,0,0,0,0,En observacion
5732.5,21.5,14,2164.0,0.377,456.32,537.37,728.93,245.4,101.37,21.47,0.0,73.14,0.21086876155268022,0.24832255083179297,0.33684380776340106,0.1134011090573013,0.046843807763401114,0.009921441774491682,0.0,0.033798521256931606,154.57142857142858,1.0,0,0,0,0,1,0,0,0,Saludable
5834.71,32.3,20,2586.28,0.443,952.03,253.73,179.95,440.38,0.0,507.33,221.42,31.44,0.3681078614844487,0.09810616019920503,0.06957869990874924,0.1702754535471797,0.0,0.19616205515257434,0.08561331333034318,0.012156456377499729,129.31400000000002,0.0,1,0,0,0,0,0,0,0,En observacion
7996.56,22.4,8,1176.59,0.147,21.01,0.0,154.42,678.96,0.0,65.99,138.51,117.7,0.017856687546214063,0.0,0.1312436787666052,0.57705742867099,0.0,0.05608580729056001,0.11772155126254685,0.10003484646308401,147.07375,1.0,0,0,0,0,0,0,0,1,Saludable
2560.98,38.8,14,2427.17,0.948,721.54,556.46,0.0,958.16,0.0,110.42,80.59,0.0,0.2972762517664605,0.22926288640680298,0.0,0.3947642727950658,0.0,0.04549331114013439,0.03320327789153624,0.0,173.36928571428572,1.0,0,0,0,0,0,0,0,1,En riesgo
2488.64,16.0,17,1731.71,0.696,945.54,136.39,29.3,0.0,0.0,109.68,283.1,227.7,0.5460152103989697,0.07876030051221046,0.01691969209625168,0.0,0.0,0.06333623990160016,0.1634800284112236,0.13148852867974428,101.86529411764707,0.0,1,0,0,0,0,0,0,0,En observacion
3707.41,63.1,26,3337.43,0.9,646.97,459.66,903.03,0.0,430.56,293.15,500.8,103.26,0.19385275496414908,0.13772873138912278,0.2705764615287811,0.0,0.12900944738915873,0.08783704826767902,0.15005558169010288,0.030939974771006438,128.3626923076923,2.0,0,0,0,0,1,0,0,0,En observacion
2401.47,3.1,23,3316.07,1.381,1089.13,375.34,340.03,1044.11,0.0,248.05,219.41,0.0,0.32843999071189695,0.11318820169658661,0.10254005494455785,0.3148636789935073,0.0,0.07480240163808363,0.06616567201536759,0.0,144.17695652173913,0.0,1,0,0,0,0,0,0,0,En riesgo
5485.46,42.7,9,1082.14,0.197,0.0,0.0,254.08,413.23,0.0,321.24,93.59,0.0,0.0,0.0,0.23479401925813664,0.3818637144916554,0.0,0.29685622932337774,0.08648603692683017,0.0,120.2377777777778,2.0,0,0,0,0,0,0,0,1,Saludable
3443.22,58.8,8,862.89,0.251,0.0,89.31,594.32,0.0,0.0,18.9,160.36,0.0,0.0,0.10350102562319648,0.6887552295194058,0.0,0.0,0.02190313944998783,0.18584060540741001,0.0,107.86125,0.0,0,0,0,0,1,0,0,0,En riesgo
4398.65,55.2,26,3712.68,0.844,686.24,615.34,289.36,612.32,754.02,413.84,163.12,178.44,0.18483682946012045,0.1657401122639172,0.07793830871499834,0.16492668368941035,0.20309318336080676,0.11146664942844522,0.04393591691177263,0.048062316170529105,142.79538461538462,0.0,0,1,0,0,0,0,0,0,En riesgo
5136.22,41.0,23,3133.52,0.61,370.94,874.29,392.68,701.9,75.96,507.94,103.68,106.13,0.11837805407337436,0.2790121014067247,0.12531593862493298,0.22399729377824298,0.02424110904031249,0.16209885368531238,0.03308739053843601,0.0338692588526641,136.24,1.0,0,0,0,0,0,0,1,0,En observacion
4344.44,46.4,19,2532.71,0.583,501.07,60.1,383.19,435.03,519.47,254.12,379.73,0.0,0.1978394683955131,0.02372952292208741,0.15129643741288976,0.1717646315606603,0.20510441384919711,0.10033521405924879,0.14993031180040353,0.0,133.30052631578948,0.0,0,1,0,0,0,0,0,0,Saludable
5220.16,27.6,18,2539.1,0.486,709.7,695.62,560.59,0.0,339.78,110.23,123.18,0.0,0.27950848725926514,0.27396321531251233,0.22078295459020916,0.0,0.1338190697491237,0.043413020361545436,0.04851325272734434,0.0,141.0611111111111,0.0,1,0,0,0,0,0,0,0,En observacion
2042.73,26.4,24,3198.01,1.566,861.03,790.96,369.31,453.63,0.0,504.73,79.24,139.11,0.2692393081947836,0.24732880760222764,0.11548118986494725,0.14184758646783469,0.0,0.15782627321365475,0.024777908762011372,0.04349892589454067,133.25041666666667,0.0,1,0,0,0,0,0,0,0,En riesgo
4389.96,18.6,19,2604.61,0.593,579.84,341.51,0.0,805.16,0.0,161.09,366.35,350.66,0.22262066105866138,0.13111751855364143,0.0,0.30912881391071984,0.0,0.061848030991204055,0.14065445498558327,0.13463052050019006,137.08473684210526,1.0,0,0,0,0,0,0,0,1,Saludable
5013.38,19.7,17,2731.75,0.545,1030.71,741.68,150.66,0.0,626.49,83.17,99.04,0.0,0.3773075867118148,0.2715036148988743,0.05515145968701382,0.0,0.22933650590280955,0.030445685000457582,0.03625514779902993,0.0,160.69117647058823,1.0,1,0,0,0,0,0,0,0,Saludable
3562.09,31.7,22,2648.25,0.743,1366.3,560.09,0.0,422.31,0.0,173.91,0.0,125.64,0.5159256112527141,0.21149438308316815,0.0,0.15946757292551686,0.0,0.06566978193146418,0.0,0.04744265080713679,120.375,1.0,1,0,0,0,0,0,0,0,En observacion
2206.06,15.0,19,2956.13,1.34,616.75,725.9,186.54,811.67,0.0,41.6,288.07,285.6,0.2086342616867323,0.24555753637356947,0.06310277288211276,0.274571821942878,0.0,0.014072452835294794,0.09744835308325411,0.09661280119615849,155.58578947368423,1.0,0,0,0,0,0,0,0,1,En observacion
5550.02,39.0,23,2202.76,0.397,412.27,653.82,0.0,244.15,0.0,407.49,286.8,198.23,0.18716065299896492,0.29681853674481107,0.0,0.11083822114075069,0.0,0.18499064809602497,0.13020029417639686,0.08999164684305143,95.77217391304349,1.0,0,0,0,0,0,0,1,0,En observacion
3528.04,83.6,15,2172.44,0.616,560.27,223.79,558.81,0.0,204.56,237.81,44.5,342.7,0.25789895233009885,0.10301320174550274,0.25722689694537015,0.0,0.09416140376719265,0.10946677468652759,0.020483879877004656,0.15774889064830327,144.82933333333332,2.0,1,0,0,0,0,0,0,0,En observacion
2890.67,32.0,9,1506.95,0.521,460.39,212.44,0.0,639.16,0.0,54.06,140.9,0.0,0.30551113175619626,0.1409734894986562,0.0,0.42414147781943656,0.0,0.03587378479710674,0.09350011612860414,0.0,167.4388888888889,1.0,0,0,0,0,0,0,0,1,En observacion
2078.07,37.2,26,2518.83,1.212,761.86,253.4,107.76,0.0,375.75,258.29,601.17,160.6,0.30246582738811273,0.10060226374943923,0.0427817677254916,0.0,0.14917640333011756,0.1025436412937753,0.23867033503650503,0.06375976147655855,96.87807692307692,1.0,1,0,0,0,0,0,0,0,En riesgo
3742.24,30.0,13,1871.65,0.5,220.08,121.1,288.27,435.19,389.28,130.64,287.09,0.0,0.11758608714236102,0.06470226805225335,0.15401918093660671,0.23251676328373358,0.20798760452007584,0.0697993748831245,0.15338872118184488,0.0,143.97307692307692,1.0,0,0,0,0,0,0,0,1,Saludable
3991.92,48.7,17,2085.96,0.523,677.86,725.94,61.47,0.0,167.69,238.51,85.29,129.2,0.3249630865404898,0.3480124259333832,0.029468446183052405,0.0,0.08038984448407448,0.11434063932194288,0.040887648852326985,0.061937908684730286,122.7035294117647,0.0,0,0,0,0,0,0,1,0,En observacion
4465.34,20.7,16,1720.24,0.385,791.23,423.66,284.3,0.0,0.0,97.12,0.0,123.93,0.45995326233548806,0.24627958889457285,0.16526763707389666,0.0,0.0,0.056457238524857,0.0,0.07204227317118542,107.515,0.0,1,0,0,0,0,0,0,0,En observacion
3351.41,53.2,21,3378.53,1.008,1207.99,386.91,0.0,924.44,0.0,352.95,0.0,506.24,0.3575489932011851,0.11452022033251148,0.0,0.2736219598464421,0.0,0.10446851145320597,0.0,0.1498403151666553,160.88238095238097,0.0,1,0,0,0,0,0,0,0,En riesgo
2563.43,10.5,15,1455.08,0.568,391.72,412.83,0.0,0.0,0.0,290.49,182.23,177.81,0.2692085658520494,0.28371635923798005,0.0,0.0,0.0,0.19963850784836573,0.12523710036561564,0.12219946669598923,97.00533333333333,0.0,0,0,0,0,0,0,1,0,En observacion
3832.11,28.8,17,2699.15,0.704,939.39,0.0,195.98,531.34,536.15,128.95,221.27,146.07,0.3480317877850434,0.0,0.0726080432728822,0.1968545653261212,0.19863660782098067,0.04777429931645147,0.08197765963358836,0.05411703684493266,158.7735294117647,0.0,1,0,0,0,0,0,0,0,En observacion
4190.45,25.1,14,1708.59,0.408,706.79,113.66,249.49,0.0,0.0,216.95,144.92,276.78,0.4136685805254625,0.06652268829853857,0.14602098806618324,0.0,0.0,0.12697604457476633,0.08481847605335394,0.16199322248169543,122.04214285714285,0.0,1,0,0,0,0,0,0,0,En observacion
2379.83,32.3,11,1349.84,0.567,460.07,392.86,0.0,0.0,0.0,41.31,261.13,194.47,0.3408329876133468,0.29104190126237184,0.0,0.0,0.0,0.03060362709654478,0.1934525573401292,0.14406892668760743,122.71272727272726,1.0,1,0,0,0,0,0,0,0,En observacion
5452.27,29.7,26,4056.44,0.744,1247.29,1051.54,0.0,1291.98,156.74,0.0,104.5,204.39,0.3074839021407934,0.2592273027580834,0.0,0.3185009515733007,0.038639792527437856,0.0,0.025761505162161896,0.05038654583822268,156.0169230769231,0.0,0,0,0,0,0,0,0,1,En observacion
3965.65,18.8,19,1941.44,0.49,548.9,511.52,337.44,0.0,0.0,277.74,157.01,108.83,0.28272828416021095,0.2634745343662436,0.17380913136640844,0.0,0.0,0.14305876050766442,0.08087296027690785,0.05605632932256469,102.18105263157895,0.0,1,0,0,0,0,0,0,0,En observacion
4548.03,54.6,12,1743.72,0.383,488.99,202.97,176.97,0.0,694.81,0.0,129.65,50.33,0.2804291973481981,0.1164005688986764,0.10148991810611795,0.0,0.39846420296836643,0.0,0.0743525336636616,0.02886357901497947,145.31,1.0,0,1,0,0,0,0,0,0,En observacion
6238.35,35.8,10,1731.82,0.278,594.76,92.98,273.85,0.0,555.17,116.3,98.76,0.0,0.34343061057153745,0.053689182478548585,0.15812844290977124,0.0,0.32057026711782977,0.06715478513933319,0.05702671178297976,0.0,173.182,0.0,1,0,0,0,0,0,0,0,En observacion
5196.09,11.2,19,3051.9,0.587,1115.37,48.97,240.79,1043.04,0.0,202.75,102.42,298.56,0.3654674137422589,0.016045741996788886,0.07889839116615878,0.3417674235722009,0.0,0.0664340247059209,0.033559421999410206,0.09782758281726138,160.6263157894737,1.0,1,0,0,0,0,0,0,0,Saludable
2709.15,45.7,16,1269.38,0.469,310.52,46.85,73.42,0.0,0.0,239.09,559.15,40.35,0.24462335943531485,0.03690778175172131,0.0578392601112354,0.0,0.0,0.18835179378909386,0.440490633222518,0.03178717169011643,79.33625,0.0,0,0,0,0,0,1,0,0,En observacion
2581.97,43.4,22,2362.3,0.915,597.62,448.13,568.42,178.7,0.0,289.81,55.49,224.13,0.2529822630487237,0.18970071540447866,0.24062142826905977,0.07564661558650466,0.0,0.12268128518816407,0.02348981924395716,0.09487787325911187,107.37727272727274,1.0,1,0,0,0,0,0,0,0,En riesgo
6123.86,15.2,22,2213.77,0.361,727.74,514.77,22.63,0.0,285.5,425.38,237.75,0.0,0.3287333372482236,0.23253093139757067,0.010222380825469673,0.0,0.12896552035667663,0.1921518495598007,0.10739598061225873,0.0,100.62590909090909,1.0,1,0,0,0,0,0,0,0,Saludable
3348.7,40.6,14,1688.58,0.504,790.28,407.93,0.0,0.0,50.85,233.53,141.23,64.76,0.4680145447654242,0.24158168401852445,0.0,0.0,0.030114060334719115,0.1382996363808644,0.0836383233249239,0.03835175117554395,120.61285714285714,1.0,1,0,0,0,0,0,0,0,En observacion
4102.62,44.0,16,2637.83,0.643,683.88,167.14,267.75,1125.42,0.0,202.24,50.43,140.97,0.2592585572231721,0.06336268827028277,0.10150388766523999,0.4266461447477662,0.0,0.0766690802667344,0.01911798713336341,0.0534416546934412,164.864375,2.0,0,0,0,0,0,0,0,1,Saludable
2630.03,62.0,14,2584.66,0.983,331.83,180.02,337.63,1152.73,229.78,74.3,278.37,0.0,0.12838439098372706,0.0696493929569073,0.13062839986690705,0.44598902757035747,0.0889014415822584,0.028746527589702323,0.10770081945014046,0.0,184.6185714285714,1.0,0,0,0,0,0,0,0,1,En riesgo
5845.45,20.5,19,2910.43,0.498,355.35,1006.72,360.99,577.13,348.4,217.65,44.19,0.0,0.12209536047937936,0.3459007775483348,0.12403321845912804,0.1982971588390719,0.11970739718873157,0.07478276405891914,0.01518332342643527,0.0,153.18052631578948,1.0,0,0,0,0,0,0,1,0,Saludable
10790.04,30.8,10,1446.84,0.134,630.85,104.43,409.69,0.0,0.0,0.0,129.34,172.53,0.43601918664123196,0.0721779878908518,0.2831619252992729,0.0,0.0,0.0,0.08939481905393824,0.11924608111470515,144.684,2.0,1,0,0,0,0,0,0,0,Saludable
1856.87,42.0,21,3208.13,1.728,955.7,585.25,534.35,644.38,0.0,243.8,107.27,137.38,0.29789939933855547,0.18242714603211216,0.16656120543743552,0.20085844401567268,0.0,0.07599442665976752,0.033436924314164326,0.0428224542022923,152.76809523809524,1.0,1,0,0,0,0,0,0,0,En riesgo
2428.23,48.9,23,2451.48,1.01,299.03,591.38,354.77,235.89,0.0,574.16,220.84,175.41,0.1219793757240524,0.24123386688857343,0.14471666095583074,0.0962235058005776,0.0,0.23420953872762573,0.09008435720462742,0.07155269469871262,106.58608695652174,2.0,0,0,0,0,0,0,1,0,En observacion
3419.28,52.8,12,1995.48,0.584,199.14,190.82,482.34,0.0,900.12,0.0,223.06,0.0,0.09979553791568944,0.09562611501994507,0.24171627879006552,0.0,0.45107943953334534,0.0,0.11178262874095456,0.0,166.29,0.0,0,1,0,0,0,0,0,0,En riesgo
3713.31,48.4,13,2084.41,0.561,487.65,360.13,264.36,689.79,55.32,227.16,0.0,0.0,0.23395109407458226,0.17277311085630948,0.12682725567426756,0.3309281763184786,0.02653988418785172,0.10898047888851042,0.0,0.0,160.33923076923077,1.0,0,0,0,0,0,0,0,1,En observacion
5270.95,27.8,26,3105.31,0.589,639.35,199.03,496.21,856.7,78.74,270.83,438.48,125.97,0.20588926709410657,0.06409343994641437,0.15979403022564576,0.275882279063926,0.025356566655180962,0.0872151250599779,0.14120329371302706,0.04056599824172144,119.435,1.0,0,0,0,0,0,0,0,1,Saludable
2282.44,31.4,9,1374.89,0.602,553.59,312.5,382.29,0.0,0.0,0.0,126.51,0.0,0.40264312054055235,0.2272909105455709,0.2780513350158922,0.0,0.0,0.0,0.09201463389798456,0.0,152.76555555555558,0.0,1,0,0,0,0,0,0,0,En observacion
1268.59,38.8,11,1375.0,1.084,624.07,80.93,238.81,0.0,0.0,205.04,226.15,0.0,0.45386909090909094,0.05885818181818182,0.17368,0.0,0.0,0.14912,0.16447272727272727,0.0,125.0,2.0,1,0,0,0,0,0,0,0,En observacion
